geoid,name,state,county,county_name,tract,population_acs5_2020,population_moe_acs5_2020,median_household_income_acs5_2020,median_household_income_moe_acs5_2020,incidents_2020,eligible_for_income_analysis,incidents_per_100k_2020
36005000100,"Census Tract 0001.00, Bronx County, New York",36,5,Bronx,100,6600,684,-666666666,-222222222,0,False,0.0
36005000200,"Census Tract 0002.00, Bronx County, New York",36,5,Bronx,200,4167,713,68000,21984,0,True,0.0
36005000400,"Census Tract 0004.00, Bronx County, New York",36,5,Bronx,400,5684,986,93155,12263,0,True,0.0
36005001600,"Census Tract 0016.00, Bronx County, New York",36,5,Bronx,1600,5917,719,34766,6118,0,True,0.0
36005001901,"Census Tract 0019.01, Bronx County, New York",36,5,Bronx,1901,1910,301,61711,15310,0,True,0.0
36005001902,"Census Tract 0019.02, Bronx County, New York",36,5,Bronx,1902,1334,305,53882,10884,0,True,0.0
36005001903,"Census Tract 0019.03, Bronx County, New York",36,5,Bronx,1903,0,12,-666666666,-222222222,1,False,
36005001904,"Census Tract 0019.04, Bronx County, New York",36,5,Bronx,1904,0,12,-666666666,-222222222,0,False,
36005002001,"Census Tract 0020.01, Bronx County, New York",36,5,Bronx,2001,4837,789,16534,10848,4,True,82.69588587967748
36005002002,"Census Tract 0020.02, Bronx County, New York",36,5,Bronx,2002,4768,1089,48711,37863,1,True,20.973154362416107
36005002300,"Census Tract 0023.00, Bronx County, New York",36,5,Bronx,2300,4517,588,24474,7684,4,True,88.55435023245516
36005002400,"Census Tract 0024.00, Bronx County, New York",36,5,Bronx,2400,0,12,-666666666,-222222222,0,False,
36005002500,"Census Tract 0025.00, Bronx County, New York",36,5,Bronx,2500,5694,814,27196,8483,4,True,70.24938531787846
36005002701,"Census Tract 0027.01, Bronx County, New York",36,5,Bronx,2701,2672,588,17907,2742,2,True,74.8502994011976
36005002702,"Census Tract 0027.02, Bronx County, New York",36,5,Bronx,2702,4504,667,14013,9432,0,True,0.0
36005002800,"Census Tract 0028.00, Bronx County, New York",36,5,Bronx,2800,5030,894,52068,6028,1,True,19.880715705765407
36005003100,"Census Tract 0031.00, Bronx County, New York",36,5,Bronx,3100,1858,435,42228,11185,2,True,107.64262648008611
36005003300,"Census Tract 0033.00, Bronx County, New York",36,5,Bronx,3300,3140,664,22159,7156,2,True,63.69426751592356
36005003500,"Census Tract 0035.00, Bronx County, New York",36,5,Bronx,3500,3738,853,29068,2672,1,True,26.75227394328518
36005003700,"Census Tract 0037.00, Bronx County, New York",36,5,Bronx,3700,222,102,-666666666,-222222222,1,False,450.45045045045043
36005003800,"Census Tract 0038.00, Bronx County, New York",36,5,Bronx,3800,1169,166,51442,47829,2,True,171.0863986313088
36005003900,"Census Tract 0039.00, Bronx County, New York",36,5,Bronx,3900,6736,1039,21642,13546,2,True,29.69121140142518
36005004001,"Census Tract 0040.01, Bronx County, New York",36,5,Bronx,4001,1425,268,61450,12954,0,True,0.0
36005004100,"Census Tract 0041.00, Bronx County, New York",36,5,Bronx,4100,5865,1171,22917,13034,2,True,34.10059676044331
36005004200,"Census Tract 0042.00, Bronx County, New York",36,5,Bronx,4200,7789,1307,61587,31258,2,True,25.67723712928489
36005004300,"Census Tract 0043.00, Bronx County, New York",36,5,Bronx,4300,5421,670,26276,9977,6,True,110.68068622025456
36005004400,"Census Tract 0044.00, Bronx County, New York",36,5,Bronx,4400,4401,532,15580,2798,1,True,22.722108611679165
36005004600,"Census Tract 0046.00, Bronx County, New York",36,5,Bronx,4600,1854,370,22596,18472,0,True,0.0
36005004800,"Census Tract 0048.00, Bronx County, New York",36,5,Bronx,4800,4757,621,32217,9341,0,True,0.0
36005005001,"Census Tract 0050.01, Bronx County, New York",36,5,Bronx,5001,4465,673,29806,6443,0,True,0.0
36005005002,"Census Tract 0050.02, Bronx County, New York",36,5,Bronx,5002,6291,1042,33071,8203,2,True,31.791448100460975
36005005100,"Census Tract 0051.00, Bronx County, New York",36,5,Bronx,5100,5858,1046,20439,4236,3,True,51.21201775349949
36005005200,"Census Tract 0052.00, Bronx County, New York",36,5,Bronx,5200,1879,341,19245,4739,0,True,0.0
36005005300,"Census Tract 0053.00, Bronx County, New York",36,5,Bronx,5300,5142,756,18015,2231,3,True,58.34305717619603
36005005400,"Census Tract 0054.00, Bronx County, New York",36,5,Bronx,5400,5354,955,38005,8844,0,True,0.0
36005005600,"Census Tract 0056.00, Bronx County, New York",36,5,Bronx,5600,2113,327,33625,12528,2,True,94.6521533364884
36005005902,"Census Tract 0059.02, Bronx County, New York",36,5,Bronx,5902,2635,404,31653,12593,1,True,37.95066413662239
36005006000,"Census Tract 0060.00, Bronx County, New York",36,5,Bronx,6000,1266,357,38871,5389,0,True,0.0
36005006100,"Census Tract 0061.00, Bronx County, New York",36,5,Bronx,6100,3985,625,51799,11039,1,True,25.09410288582183
36005006200,"Census Tract 0062.00, Bronx County, New York",36,5,Bronx,6200,6995,863,28614,6424,5,True,71.4796283059328
36005006301,"Census Tract 0063.01, Bronx County, New York",36,5,Bronx,6301,4741,723,48111,7163,3,True,63.27778949588694
36005006302,"Census Tract 0063.02, Bronx County, New York",36,5,Bronx,6302,0,12,-666666666,-222222222,0,False,
36005006400,"Census Tract 0064.00, Bronx County, New York",36,5,Bronx,6400,3949,635,33207,17763,1,True,25.322866548493288
36005006500,"Census Tract 0065.00, Bronx County, New York",36,5,Bronx,6500,5394,936,22409,7493,2,True,37.07823507601038
36005006700,"Census Tract 0067.00, Bronx County, New York",36,5,Bronx,6700,6682,1417,17894,4264,5,True,74.827895839569
36005006800,"Census Tract 0068.00, Bronx County, New York",36,5,Bronx,6800,3147,610,41875,26839,1,True,31.776294884016526
36005006900,"Census Tract 0069.00, Bronx County, New York",36,5,Bronx,6900,7370,1242,33721,12067,3,True,40.70556309362279
36005007000,"Census Tract 0070.00, Bronx County, New York",36,5,Bronx,7000,4469,668,50643,17739,1,True,22.37637055269635
36005007100,"Census Tract 0071.00, Bronx County, New York",36,5,Bronx,7100,2877,441,44000,13813,1,True,34.758428919012864
36005007200,"Census Tract 0072.00, Bronx County, New York",36,5,Bronx,7200,6448,914,44720,11595,0,True,0.0
36005007300,"Census Tract 0073.00, Bronx County, New York",36,5,Bronx,7300,4229,734,20895,9790,2,True,47.29250413809411
36005007400,"Census Tract 0074.00, Bronx County, New York",36,5,Bronx,7400,3494,600,40625,21909,1,True,28.620492272467082
36005007500,"Census Tract 0075.00, Bronx County, New York",36,5,Bronx,7500,6345,867,27530,8844,5,True,78.80220646178094
36005007600,"Census Tract 0076.00, Bronx County, New York",36,5,Bronx,7600,5136,769,49494,12410,2,True,38.940809968847354
36005007700,"Census Tract 0077.00, Bronx County, New York",36,5,Bronx,7700,2037,496,48177,13018,1,True,49.09180166912125
36005007800,"Census Tract 0078.00, Bronx County, New York",36,5,Bronx,7800,7160,1025,61795,23612,1,True,13.966480446927374
36005007900,"Census Tract 0079.00, Bronx County, New York",36,5,Bronx,7900,6795,1067,31083,7336,3,True,44.150110375275936
36005008300,"Census Tract 0083.00, Bronx County, New York",36,5,Bronx,8300,5948,1014,39845,5137,3,True,50.43712172158709
36005008400,"Census Tract 0084.00, Bronx County, New York",36,5,Bronx,8400,3017,505,62885,23642,0,True,0.0
36005008500,"Census Tract 0085.00, Bronx County, New York",36,5,Bronx,8500,5416,728,28937,5705,1,True,18.463810930576074
36005008600,"Census Tract 0086.00, Bronx County, New York",36,5,Bronx,8600,3757,824,21063,5422,0,True,0.0
36005008700,"Census Tract 0087.00, Bronx County, New York",36,5,Bronx,8700,6230,798,24510,10065,0,True,0.0
36005008900,"Census Tract 0089.00, Bronx County, New York",36,5,Bronx,8900,2998,450,24836,11748,2,True,66.71114076050699
36005009000,"Census Tract 0090.00, Bronx County, New York",36,5,Bronx,9000,3574,613,29028,6786,0,True,0.0
36005009200,"Census Tract 0092.00, Bronx County, New York",36,5,Bronx,9200,6005,792,48326,11015,0,True,0.0
36005009301,"Census Tract 0093.01, Bronx County, New York",36,5,Bronx,9301,5343,958,39093,4562,0,True,0.0
36005009302,"Census Tract 0093.02, Bronx County, New York",36,5,Bronx,9302,579,201,-666666666,-222222222,2,False,345.42314335060445
36005009600,"Census Tract 0096.00, Bronx County, New York",36,5,Bronx,9600,2794,434,52016,9648,0,True,0.0
36005009800,"Census Tract 0098.00, Bronx County, New York",36,5,Bronx,9800,5019,885,66875,19203,3,True,59.77286312014345
36005011000,"Census Tract 0110.00, Bronx County, New York",36,5,Bronx,11000,0,12,-666666666,-222222222,0,False,
36005011502,"Census Tract 0115.02, Bronx County, New York",36,5,Bronx,11502,4297,968,21375,7402,5,True,116.36025133814289
36005011701,"Census Tract 0117.01, Bronx County, New York",36,5,Bronx,11701,1360,399,35278,25429,1,True,73.52941176470588
36005011702,"Census Tract 0117.02, Bronx County, New York",36,5,Bronx,11702,0,12,-666666666,-222222222,0,False,
36005011800,"Census Tract 0118.00, Bronx County, New York",36,5,Bronx,11800,5645,700,82266,24146,0,True,0.0
36005011900,"Census Tract 0119.00, Bronx County, New York",36,5,Bronx,11900,5399,1160,30417,5132,2,True,37.04389701796629
36005012101,"Census Tract 0121.01, Bronx County, New York",36,5,Bronx,12101,3072,463,43472,9464,1,True,32.55208333333333
36005012102,"Census Tract 0121.02, Bronx County, New York",36,5,Bronx,12102,1338,261,23750,4610,1,True,74.73841554559044
36005012300,"Census Tract 0123.00, Bronx County, New York",36,5,Bronx,12300,4371,988,36375,7900,0,True,0.0
36005012500,"Census Tract 0125.00, Bronx County, New York",36,5,Bronx,12500,3859,539,36947,10068,0,True,0.0
36005012701,"Census Tract 0127.01, Bronx County, New York",36,5,Bronx,12701,2046,485,38000,13393,3,True,146.6275659824047
36005012901,"Census Tract 0129.01, Bronx County, New York",36,5,Bronx,12901,4677,762,29297,7519,2,True,42.762454564892025
36005013000,"Census Tract 0130.00, Bronx County, New York",36,5,Bronx,13000,1462,416,78125,50223,0,True,0.0
36005013100,"Census Tract 0131.00, Bronx County, New York",36,5,Bronx,13100,5221,665,26620,13731,2,True,38.30683777054204
36005013200,"Census Tract 0132.00, Bronx County, New York",36,5,Bronx,13200,7367,1033,125486,31392,0,True,0.0
36005013300,"Census Tract 0133.00, Bronx County, New York",36,5,Bronx,13300,5785,1125,41675,16600,6,True,103.71650821089024
36005013500,"Census Tract 0135.00, Bronx County, New York",36,5,Bronx,13500,3633,669,26074,12331,2,True,55.05092210294522
36005013800,"Census Tract 0138.00, Bronx County, New York",36,5,Bronx,13800,2853,451,68466,12014,0,True,0.0
36005014100,"Census Tract 0141.00, Bronx County, New York",36,5,Bronx,14100,5752,746,29663,7110,0,True,0.0
36005014300,"Census Tract 0143.00, Bronx County, New York",36,5,Bronx,14300,1647,329,21125,8620,0,True,0.0
36005014400,"Census Tract 0144.00, Bronx County, New York",36,5,Bronx,14400,5479,1127,18552,7514,1,True,18.25150574922431
36005014500,"Census Tract 0145.00, Bronx County, New York",36,5,Bronx,14500,7112,1355,35145,6866,2,True,28.121484814398205
36005014701,"Census Tract 0147.01, Bronx County, New York",36,5,Bronx,14701,6162,1273,27625,12187,1,True,16.22849724115547
36005014702,"Census Tract 0147.02, Bronx County, New York",36,5,Bronx,14702,5274,934,30653,18651,1,True,18.960940462646946
36005014900,"Census Tract 0149.00, Bronx County, New York",36,5,Bronx,14900,4611,1039,23620,7662,2,True,43.374539145521574
36005015100,"Census Tract 0151.00, Bronx County, New York",36,5,Bronx,15100,5165,914,26474,3715,2,True,38.72216844143272
36005015200,"Census Tract 0152.00, Bronx County, New York",36,5,Bronx,15200,2604,453,76344,11025,0,True,0.0
36005015300,"Census Tract 0153.00, Bronx County, New York",36,5,Bronx,15300,4311,647,32566,11274,3,True,69.58942240779402
36005015500,"Census Tract 0155.00, Bronx County, New York",36,5,Bronx,15500,2934,605,29138,9990,2,True,68.1663258350375
36005015700,"Census Tract 0157.00, Bronx County, New York",36,5,Bronx,15700,4861,793,34091,7437,3,True,61.71569635877391
36005015800,"Census Tract 0158.00, Bronx County, New York",36,5,Bronx,15800,1307,341,64712,18716,0,True,0.0
36005015900,"Census Tract 0159.00, Bronx County, New York",36,5,Bronx,15900,2115,459,-666666666,-222222222,1,False,47.28132387706856
36005016000,"Census Tract 0160.00, Bronx County, New York",36,5,Bronx,16000,3769,489,82250,10712,0,True,0.0
36005016100,"Census Tract 0161.00, Bronx County, New York",36,5,Bronx,16100,4633,649,19172,3946,4,True,86.33714655730628
36005016200,"Census Tract 0162.00, Bronx County, New York",36,5,Bronx,16200,1839,369,83250,20333,0,True,0.0
36005016300,"Census Tract 0163.00, Bronx County, New York",36,5,Bronx,16300,0,12,-666666666,-222222222,0,False,
36005016400,"Census Tract 0164.00, Bronx County, New York",36,5,Bronx,16400,1019,184,66875,28194,0,True,0.0
36005016500,"Census Tract 0165.00, Bronx County, New York",36,5,Bronx,16500,1028,235,26989,4998,1,True,97.27626459143968
36005016600,"Census Tract 0166.00, Bronx County, New York",36,5,Bronx,16600,2229,372,92535,12121,0,True,0.0
36005016700,"Census Tract 0167.00, Bronx County, New York",36,5,Bronx,16700,3568,624,31635,6064,2,True,56.053811659192824
36005016900,"Census Tract 0169.00, Bronx County, New York",36,5,Bronx,16900,1658,343,45017,7392,1,True,60.313630880579005
36005017100,"Census Tract 0171.00, Bronx County, New York",36,5,Bronx,17100,0,12,-666666666,-222222222,1,False,
36005017300,"Census Tract 0173.00, Bronx County, New York",36,5,Bronx,17300,5963,967,20619,12116,4,True,67.08032869361061
36005017500,"Census Tract 0175.00, Bronx County, New York",36,5,Bronx,17500,6584,970,24399,6286,4,True,60.75334143377885
36005017701,"Census Tract 0177.01, Bronx County, New York",36,5,Bronx,17701,4501,710,24977,14409,0,True,0.0
36005017702,"Census Tract 0177.02, Bronx County, New York",36,5,Bronx,17702,5201,947,41806,12069,3,True,57.681215150932516
36005017901,"Census Tract 0179.01, Bronx County, New York",36,5,Bronx,17901,4955,924,40631,10190,0,True,0.0
36005017902,"Census Tract 0179.02, Bronx County, New York",36,5,Bronx,17902,3966,733,40236,15598,1,True,25.214321734745337
36005018101,"Census Tract 0181.01, Bronx County, New York",36,5,Bronx,18101,3451,736,44426,32685,2,True,57.954216169226314
36005018102,"Census Tract 0181.02, Bronx County, New York",36,5,Bronx,18102,5404,837,26289,12521,2,True,37.00962250185048
36005018301,"Census Tract 0183.01, Bronx County, New York",36,5,Bronx,18301,4490,551,41441,10539,1,True,22.271714922049
36005018302,"Census Tract 0183.02, Bronx County, New York",36,5,Bronx,18302,3503,644,48640,16955,1,True,28.546959748786755
36005018400,"Census Tract 0184.00, Bronx County, New York",36,5,Bronx,18400,3997,718,101823,17410,0,True,0.0
36005018501,"Census Tract 0185.01, Bronx County, New York",36,5,Bronx,18501,2764,574,38839,19311,2,True,72.3589001447178
36005018502,"Census Tract 0185.02, Bronx County, New York",36,5,Bronx,18502,6395,1025,22860,9880,8,True,125.09773260359655
36005018900,"Census Tract 0189.00, Bronx County, New York",36,5,Bronx,18900,8112,1204,29906,12099,2,True,24.65483234714004
36005019300,"Census Tract 0193.00, Bronx County, New York",36,5,Bronx,19300,6289,1039,32705,11204,3,True,47.70233741453331
36005019400,"Census Tract 0194.00, Bronx County, New York",36,5,Bronx,19400,2285,294,63816,3347,0,True,0.0
36005019500,"Census Tract 0195.00, Bronx County, New York",36,5,Bronx,19500,7097,1170,31365,6463,2,True,28.18092151613358
36005019700,"Census Tract 0197.00, Bronx County, New York",36,5,Bronx,19700,7126,884,23750,18655,0,True,0.0
36005019900,"Census Tract 0199.00, Bronx County, New York",36,5,Bronx,19900,7937,1083,33267,14884,3,True,37.797656545294195
36005020000,"Census Tract 0200.00, Bronx County, New York",36,5,Bronx,20000,4750,604,40847,6981,0,True,0.0
36005020100,"Census Tract 0201.00, Bronx County, New York",36,5,Bronx,20100,3887,657,42464,4287,1,True,25.72678157962439
36005020200,"Census Tract 0202.00, Bronx County, New York",36,5,Bronx,20200,2387,355,41393,9859,0,True,0.0
36005020400,"Census Tract 0204.00, Bronx County, New York",36,5,Bronx,20400,3279,621,60278,17612,0,True,0.0
36005020501,"Census Tract 0205.01, Bronx County, New York",36,5,Bronx,20501,6910,1180,20101,6127,4,True,57.88712011577424
36005020502,"Census Tract 0205.02, Bronx County, New York",36,5,Bronx,20502,2285,393,21683,9977,0,True,0.0
36005020601,"Census Tract 0206.01, Bronx County, New York",36,5,Bronx,20601,2469,612,48654,18731,1,True,40.50222762251924
36005020900,"Census Tract 0209.00, Bronx County, New York",36,5,Bronx,20900,4466,702,39741,12045,2,True,44.782803403493055
36005021001,"Census Tract 0210.01, Bronx County, New York",36,5,Bronx,21001,8489,961,57222,12051,0,True,0.0
36005021002,"Census Tract 0210.02, Bronx County, New York",36,5,Bronx,21002,7958,1472,59977,9184,0,True,0.0
36005021100,"Census Tract 0211.00, Bronx County, New York",36,5,Bronx,21100,5642,997,31929,3682,1,True,17.72421127259837
36005021200,"Census Tract 0212.00, Bronx County, New York",36,5,Bronx,21200,4931,736,66442,16210,0,True,0.0
36005021301,"Census Tract 0213.01, Bronx County, New York",36,5,Bronx,21301,1175,351,32361,29879,1,True,85.1063829787234
36005021302,"Census Tract 0213.02, Bronx County, New York",36,5,Bronx,21302,5369,875,19155,10733,0,True,0.0
36005021501,"Census Tract 0215.01, Bronx County, New York",36,5,Bronx,21501,4478,904,39875,15698,1,True,22.331397945511387
36005021502,"Census Tract 0215.02, Bronx County, New York",36,5,Bronx,21502,6397,1033,30125,12221,0,True,0.0
36005021601,"Census Tract 0216.01, Bronx County, New York",36,5,Bronx,21601,4436,552,36163,9711,1,True,22.54283137962128
36005021602,"Census Tract 0216.02, Bronx County, New York",36,5,Bronx,21602,5880,921,56905,6528,0,True,0.0
36005021700,"Census Tract 0217.00, Bronx County, New York",36,5,Bronx,21700,5233,716,40778,7073,1,True,19.10949742021785
36005021800,"Census Tract 0218.00, Bronx County, New York",36,5,Bronx,21800,6010,1184,47581,11062,2,True,33.277870216306155
36005021900,"Census Tract 0219.00, Bronx County, New York",36,5,Bronx,21900,857,196,27569,20458,2,True,233.3722287047841
36005022000,"Census Tract 0220.00, Bronx County, New York",36,5,Bronx,22000,1985,382,35250,16973,1,True,50.377833753148614
36005022101,"Census Tract 0221.01, Bronx County, New York",36,5,Bronx,22101,3908,754,41128,8530,1,True,25.588536335721596
36005022102,"Census Tract 0221.02, Bronx County, New York",36,5,Bronx,22102,5433,865,34659,9572,1,True,18.406037180195103
36005022200,"Census Tract 0222.00, Bronx County, New York",36,5,Bronx,22200,3064,482,53869,8414,0,True,0.0
36005022300,"Census Tract 0223.00, Bronx County, New York",36,5,Bronx,22300,5168,879,27232,9730,1,True,19.34984520123839
36005022401,"Census Tract 0224.01, Bronx County, New York",36,5,Bronx,22401,2470,389,48984,13002,0,True,0.0
36005022403,"Census Tract 0224.03, Bronx County, New York",36,5,Bronx,22403,2920,408,53015,18219,1,True,34.24657534246575
36005022404,"Census Tract 0224.04, Bronx County, New York",36,5,Bronx,22404,4384,660,58690,9779,0,True,0.0
36005022500,"Census Tract 0225.00, Bronx County, New York",36,5,Bronx,22500,8937,1750,48152,6687,3,True,33.56831151393085
36005022701,"Census Tract 0227.01, Bronx County, New York",36,5,Bronx,22701,4748,677,24939,16168,4,True,84.24599831508003
36005022702,"Census Tract 0227.02, Bronx County, New York",36,5,Bronx,22702,1494,181,26633,15918,2,True,133.86880856760374
36005022703,"Census Tract 0227.03, Bronx County, New York",36,5,Bronx,22703,1858,627,66683,15892,1,True,53.821313240043054
36005022800,"Census Tract 0228.00, Bronx County, New York",36,5,Bronx,22800,6238,921,59819,7959,1,True,16.03077909586406
36005022901,"Census Tract 0229.01, Bronx County, New York",36,5,Bronx,22901,5196,759,35542,15760,0,True,0.0
36005022902,"Census Tract 0229.02, Bronx County, New York",36,5,Bronx,22902,3416,711,39630,22670,1,True,29.27400468384075
36005023000,"Census Tract 0230.00, Bronx County, New York",36,5,Bronx,23000,2821,485,47661,5820,0,True,0.0
36005023100,"Census Tract 0231.00, Bronx County, New York",36,5,Bronx,23100,1569,301,41635,11192,1,True,63.73486297004461
36005023200,"Census Tract 0232.00, Bronx County, New York",36,5,Bronx,23200,2382,369,51509,8121,0,True,0.0
36005023301,"Census Tract 0233.01, Bronx County, New York",36,5,Bronx,23301,3855,581,31446,15993,1,True,25.940337224383917
36005023302,"Census Tract 0233.02, Bronx County, New York",36,5,Bronx,23302,3581,642,40852,9533,1,True,27.925160569673274
36005023501,"Census Tract 0235.01, Bronx County, New York",36,5,Bronx,23501,3222,647,30381,10968,1,True,31.036623215394165
36005023502,"Census Tract 0235.02, Bronx County, New York",36,5,Bronx,23502,4346,860,38804,9677,1,True,23.00966405890474
36005023600,"Census Tract 0236.00, Bronx County, New York",36,5,Bronx,23600,1609,357,41667,27547,0,True,0.0
36005023702,"Census Tract 0237.02, Bronx County, New York",36,5,Bronx,23702,1395,536,46346,22330,0,True,0.0
36005023703,"Census Tract 0237.03, Bronx County, New York",36,5,Bronx,23703,5662,851,24732,9732,0,True,0.0
36005023704,"Census Tract 0237.04, Bronx County, New York",36,5,Bronx,23704,3838,601,24833,14060,3,True,78.1657113079729
36005023800,"Census Tract 0238.00, Bronx County, New York",36,5,Bronx,23800,2281,329,60543,11905,0,True,0.0
36005023900,"Census Tract 0239.00, Bronx County, New York",36,5,Bronx,23900,7947,1802,40334,7136,5,True,62.91682395872657
36005024000,"Census Tract 0240.00, Bronx County, New York",36,5,Bronx,24000,3932,649,46633,22816,0,True,0.0
36005024100,"Census Tract 0241.00, Bronx County, New York",36,5,Bronx,24100,6546,864,35658,9436,3,True,45.82951420714941
36005024300,"Census Tract 0243.00, Bronx County, New York",36,5,Bronx,24300,5467,750,27245,8353,0,True,0.0
36005024400,"Census Tract 0244.00, Bronx County, New York",36,5,Bronx,24400,2015,247,55938,9729,0,True,0.0
36005024501,"Census Tract 0245.01, Bronx County, New York",36,5,Bronx,24501,4804,747,26313,11858,2,True,41.631973355537056
36005024502,"Census Tract 0245.02, Bronx County, New York",36,5,Bronx,24502,3632,697,30938,12863,1,True,27.533039647577095
36005024600,"Census Tract 0246.00, Bronx County, New York",36,5,Bronx,24600,2095,319,70956,11586,0,True,0.0
36005024700,"Census Tract 0247.00, Bronx County, New York",36,5,Bronx,24700,1906,356,55938,17646,1,True,52.46589716684156
36005024800,"Census Tract 0248.00, Bronx County, New York",36,5,Bronx,24800,3178,474,75000,17826,0,True,0.0
36005024900,"Census Tract 0249.00, Bronx County, New York",36,5,Bronx,24900,0,12,-666666666,-222222222,0,False,
36005025000,"Census Tract 0250.00, Bronx County, New York",36,5,Bronx,25000,2604,462,79089,20934,0,True,0.0
36005025100,"Census Tract 0251.00, Bronx County, New York",36,5,Bronx,25100,6430,947,43799,7413,1,True,15.552099533437012
36005025200,"Census Tract 0252.00, Bronx County, New York",36,5,Bronx,25200,2677,386,69375,23093,0,True,0.0
36005025300,"Census Tract 0253.00, Bronx County, New York",36,5,Bronx,25300,6155,905,38594,11136,3,True,48.7408610885459
36005025400,"Census Tract 0254.00, Bronx County, New York",36,5,Bronx,25400,1912,310,51188,12777,0,True,0.0
36005025500,"Census Tract 0255.00, Bronx County, New York",36,5,Bronx,25500,7726,1082,45188,13801,1,True,12.943308309603935
36005025600,"Census Tract 0256.00, Bronx County, New York",36,5,Bronx,25600,1547,321,48813,9683,0,True,0.0
36005025700,"Census Tract 0257.00, Bronx County, New York",36,5,Bronx,25700,1732,350,48708,18945,0,True,0.0
36005026100,"Census Tract 0261.00, Bronx County, New York",36,5,Bronx,26100,1994,320,50913,10239,2,True,100.30090270812437
36005026300,"Census Tract 0263.00, Bronx County, New York",36,5,Bronx,26300,6314,990,28617,5756,2,True,31.675641431738992
36005026400,"Census Tract 0264.00, Bronx County, New York",36,5,Bronx,26400,5411,863,52132,16291,1,True,18.48087229717243
36005026500,"Census Tract 0265.00, Bronx County, New York",36,5,Bronx,26500,7426,1342,49015,10741,2,True,26.932399676811205
36005026601,"Census Tract 0266.01, Bronx County, New York",36,5,Bronx,26601,3108,523,56338,12976,1,True,32.17503217503217
36005026602,"Census Tract 0266.02, Bronx County, New York",36,5,Bronx,26602,5229,986,54501,10920,0,True,0.0
36005026701,"Census Tract 0267.01, Bronx County, New York",36,5,Bronx,26701,3986,835,44631,16246,0,True,0.0
36005026702,"Census Tract 0267.02, Bronx County, New York",36,5,Bronx,26702,7862,1178,39434,19202,0,True,0.0
36005026900,"Census Tract 0269.00, Bronx County, New York",36,5,Bronx,26900,3652,764,25039,20208,0,True,0.0
36005027300,"Census Tract 0273.00, Bronx County, New York",36,5,Bronx,27300,7312,1170,44350,13286,1,True,13.676148796498905
36005027401,"Census Tract 0274.01, Bronx County, New York",36,5,Bronx,27401,5042,757,85795,30335,0,True,0.0
36005027402,"Census Tract 0274.02, Bronx County, New York",36,5,Bronx,27402,3442,579,96550,28530,0,True,0.0
36005027600,"Census Tract 0276.00, Bronx County, New York",36,5,Bronx,27600,261,235,2499,-333333333,1,True,383.1417624521073
36005027700,"Census Tract 0277.00, Bronx County, New York",36,5,Bronx,27700,4503,671,29937,12078,2,True,44.41483455474128
36005027900,"Census Tract 0279.00, Bronx County, New York",36,5,Bronx,27900,7884,1072,60132,19466,0,True,0.0
36005028100,"Census Tract 0281.00, Bronx County, New York",36,5,Bronx,28100,3799,361,54386,17752,1,True,26.322716504343248
36005028300,"Census Tract 0283.00, Bronx County, New York",36,5,Bronx,28300,2086,491,-666666666,-222222222,0,False,0.0
36005028400,"Census Tract 0284.00, Bronx County, New York",36,5,Bronx,28400,527,193,-666666666,-222222222,0,False,0.0
36005028500,"Census Tract 0285.00, Bronx County, New York",36,5,Bronx,28500,3538,563,63926,8929,0,True,0.0
36005028600,"Census Tract 0286.00, Bronx County, New York",36,5,Bronx,28600,949,198,79141,13740,0,True,0.0
36005028700,"Census Tract 0287.00, Bronx County, New York",36,5,Bronx,28700,3246,544,56250,16660,0,True,0.0
36005028800,"Census Tract 0288.00, Bronx County, New York",36,5,Bronx,28800,3251,789,76250,12475,0,True,0.0
36005028900,"Census Tract 0289.00, Bronx County, New York",36,5,Bronx,28900,4609,630,48173,6724,0,True,0.0
36005029301,"Census Tract 0293.01, Bronx County, New York",36,5,Bronx,29301,1772,191,131250,33628,0,True,0.0
36005029302,"Census Tract 0293.02, Bronx County, New York",36,5,Bronx,29302,5546,789,108711,9739,0,True,0.0
36005029500,"Census Tract 0295.00, Bronx County, New York",36,5,Bronx,29500,4401,649,93821,10579,0,True,0.0
36005029600,"Census Tract 0296.00, Bronx County, New York",36,5,Bronx,29600,1807,300,49493,3805,0,True,0.0
36005029700,"Census Tract 0297.00, Bronx County, New York",36,5,Bronx,29700,3946,427,89037,15422,0,True,0.0
36005030000,"Census Tract 0300.00, Bronx County, New York",36,5,Bronx,30000,6407,934,70017,13742,0,True,0.0
36005030100,"Census Tract 0301.00, Bronx County, New York",36,5,Bronx,30100,1463,222,72250,27431,0,True,0.0
36005030201,"Census Tract 0302.01, Bronx County, New York",36,5,Bronx,30201,3813,783,55145,14925,0,True,0.0
36005030202,"Census Tract 0302.02, Bronx County, New York",36,5,Bronx,30202,5128,1126,65729,6294,1,True,19.50078003120125
36005030701,"Census Tract 0307.01, Bronx County, New York",36,5,Bronx,30701,5826,929,129175,31013,0,True,0.0
36005030900,"Census Tract 0309.00, Bronx County, New York",36,5,Bronx,30900,4392,512,96250,43536,0,True,0.0
36005031000,"Census Tract 0310.00, Bronx County, New York",36,5,Bronx,31000,4552,616,100508,13607,0,True,0.0
36005031200,"Census Tract 0312.00, Bronx County, New York",36,5,Bronx,31200,1531,347,94250,20947,0,True,0.0
36005031400,"Census Tract 0314.00, Bronx County, New York",36,5,Bronx,31400,2085,371,90333,20094,0,True,0.0
36005031600,"Census Tract 0316.00, Bronx County, New York",36,5,Bronx,31600,1978,324,76765,25393,0,True,0.0
36005031800,"Census Tract 0318.00, Bronx County, New York",36,5,Bronx,31800,2215,360,135046,32402,0,True,0.0
36005031900,"Census Tract 0319.00, Bronx County, New York",36,5,Bronx,31900,141,41,-666666666,-222222222,0,False,0.0
36005032300,"Census Tract 0323.00, Bronx County, New York",36,5,Bronx,32300,4429,536,86069,10642,0,True,0.0
36005032400,"Census Tract 0324.00, Bronx County, New York",36,5,Bronx,32400,3286,630,22041,9764,1,True,30.432136335970785
36005032600,"Census Tract 0326.00, Bronx County, New York",36,5,Bronx,32600,3695,560,94359,6146,0,True,0.0
36005032800,"Census Tract 0328.00, Bronx County, New York",36,5,Bronx,32800,3989,483,40984,12428,0,True,0.0
36005033000,"Census Tract 0330.00, Bronx County, New York",36,5,Bronx,33000,5456,706,40977,7122,3,True,54.985337243401766
36005033201,"Census Tract 0332.01, Bronx County, New York",36,5,Bronx,33201,5303,1126,31125,12676,0,True,0.0
36005033202,"Census Tract 0332.02, Bronx County, New York",36,5,Bronx,33202,3821,570,41914,10722,0,True,0.0
36005033400,"Census Tract 0334.00, Bronx County, New York",36,5,Bronx,33400,13,15,-666666666,-222222222,2,False,15384.615384615385
36005033500,"Census Tract 0335.00, Bronx County, New York",36,5,Bronx,33500,2042,272,119219,31180,1,True,48.97159647404506
36005033601,"Census Tract 0336.01, Bronx County, New York",36,5,Bronx,33601,5121,1069,41411,8701,2,True,39.05487209529389
36005033602,"Census Tract 0336.02, Bronx County, New York",36,5,Bronx,33602,1678,532,51400,20906,0,True,0.0
36005033700,"Census Tract 0337.00, Bronx County, New York",36,5,Bronx,33700,2632,366,107908,20301,0,True,0.0
36005033801,"Census Tract 0338.01, Bronx County, New York",36,5,Bronx,33801,2261,530,62141,8461,0,True,0.0
36005033802,"Census Tract 0338.02, Bronx County, New York",36,5,Bronx,33802,1687,738,50239,19433,0,True,0.0
36005034000,"Census Tract 0340.00, Bronx County, New York",36,5,Bronx,34000,5683,789,58117,6745,0,True,0.0
36005034200,"Census Tract 0342.00, Bronx County, New York",36,5,Bronx,34200,1698,455,62065,15292,0,True,0.0
36005034300,"Census Tract 0343.00, Bronx County, New York",36,5,Bronx,34300,1660,258,79032,4608,0,True,0.0
36005034400,"Census Tract 0344.00, Bronx County, New York",36,5,Bronx,34400,2202,625,62589,21932,0,True,0.0
36005034500,"Census Tract 0345.00, Bronx County, New York",36,5,Bronx,34500,3278,591,92321,28593,0,True,0.0
36005034800,"Census Tract 0348.00, Bronx County, New York",36,5,Bronx,34800,5914,1142,42807,14660,1,True,16.909029421711192
36005035000,"Census Tract 0350.00, Bronx County, New York",36,5,Bronx,35000,2127,332,71477,24254,0,True,0.0
36005035100,"Census Tract 0351.00, Bronx County, New York",36,5,Bronx,35100,3719,486,81250,19052,0,True,0.0
36005035600,"Census Tract 0356.00, Bronx County, New York",36,5,Bronx,35600,2171,382,88348,27728,1,True,46.06172270842929
36005035800,"Census Tract 0358.00, Bronx County, New York",36,5,Bronx,35800,8591,1149,72553,16807,2,True,23.280176929344663
36005035900,"Census Tract 0359.00, Bronx County, New York",36,5,Bronx,35900,2107,307,26619,6872,0,True,0.0
36005036000,"Census Tract 0360.00, Bronx County, New York",36,5,Bronx,36000,3118,555,79375,14135,0,True,0.0
36005036100,"Census Tract 0361.00, Bronx County, New York",36,5,Bronx,36100,5827,976,20079,7783,1,True,17.16148961729878
36005036300,"Census Tract 0363.00, Bronx County, New York",36,5,Bronx,36300,7021,1218,23257,3965,2,True,28.48597065945022
36005036400,"Census Tract 0364.00, Bronx County, New York",36,5,Bronx,36400,2618,418,61000,30873,1,True,38.19709702062643
36005036501,"Census Tract 0365.01, Bronx County, New York",36,5,Bronx,36501,3986,567,35882,7047,3,True,75.26342197691922
36005036502,"Census Tract 0365.02, Bronx County, New York",36,5,Bronx,36502,2482,453,28333,10265,2,True,80.58017727639
36005036700,"Census Tract 0367.00, Bronx County, New York",36,5,Bronx,36700,2140,416,27375,11456,2,True,93.45794392523365
36005036800,"Census Tract 0368.00, Bronx County, New York",36,5,Bronx,36800,2204,478,67794,21370,0,True,0.0
36005036901,"Census Tract 0369.01, Bronx County, New York",36,5,Bronx,36901,2041,359,22556,10798,2,True,97.99118079372856
36005036902,"Census Tract 0369.02, Bronx County, New York",36,5,Bronx,36902,2086,263,16310,4049,1,True,47.93863854266539
36005037000,"Census Tract 0370.00, Bronx County, New York",36,5,Bronx,37000,2316,435,73704,10758,0,True,0.0
36005037100,"Census Tract 0371.00, Bronx County, New York",36,5,Bronx,37100,4242,619,22689,7231,7,True,165.01650165016503
36005037200,"Census Tract 0372.00, Bronx County, New York",36,5,Bronx,37200,2174,309,46938,18866,1,True,45.998160073597056
36005037300,"Census Tract 0373.00, Bronx County, New York",36,5,Bronx,37300,6191,1446,28083,20379,3,True,48.45743821676627
36005037400,"Census Tract 0374.00, Bronx County, New York",36,5,Bronx,37400,3692,857,31543,10052,2,True,54.17118093174431
36005037504,"Census Tract 0375.04, Bronx County, New York",36,5,Bronx,37504,3361,646,25069,8080,2,True,59.506099375185954
36005037600,"Census Tract 0376.00, Bronx County, New York",36,5,Bronx,37600,2267,327,62686,11275,0,True,0.0
36005037800,"Census Tract 0378.00, Bronx County, New York",36,5,Bronx,37800,3150,559,41862,14145,0,True,0.0
36005037900,"Census Tract 0379.00, Bronx County, New York",36,5,Bronx,37900,5548,1113,29773,7262,1,True,18.02451333813987
36005038000,"Census Tract 0380.00, Bronx County, New York",36,5,Bronx,38000,5245,868,37361,5569,4,True,76.26310772163966
36005038100,"Census Tract 0381.00, Bronx County, New York",36,5,Bronx,38100,7876,1262,43381,14106,3,True,38.09040121889284
36005038200,"Census Tract 0382.00, Bronx County, New York",36,5,Bronx,38200,3017,409,42557,16564,2,True,66.29101756711965
36005038301,"Census Tract 0383.01, Bronx County, New York",36,5,Bronx,38301,5034,523,45347,7571,0,True,0.0
36005038303,"Census Tract 0383.03, Bronx County, New York",36,5,Bronx,38303,3701,728,20000,3643,3,True,81.05917319643339
36005038304,"Census Tract 0383.04, Bronx County, New York",36,5,Bronx,38304,2398,502,12948,12317,0,True,0.0
36005038500,"Census Tract 0385.00, Bronx County, New York",36,5,Bronx,38500,4399,674,21606,5001,5,True,113.66219595362581
36005038600,"Census Tract 0386.00, Bronx County, New York",36,5,Bronx,38600,9481,1614,60723,16324,1,True,10.547410610695074
36005038700,"Census Tract 0387.00, Bronx County, New York",36,5,Bronx,38700,3679,478,38836,6475,0,True,0.0
36005038800,"Census Tract 0388.00, Bronx County, New York",36,5,Bronx,38800,2888,482,67128,11883,0,True,0.0
36005038900,"Census Tract 0389.00, Bronx County, New York",36,5,Bronx,38900,5331,883,36866,9429,3,True,56.274620146314014
36005039000,"Census Tract 0390.00, Bronx County, New York",36,5,Bronx,39000,2853,678,48668,10347,2,True,70.10164738871364
36005039100,"Census Tract 0391.00, Bronx County, New York",36,5,Bronx,39100,7559,1061,30923,18890,3,True,39.68778939013097
36005039200,"Census Tract 0392.00, Bronx County, New York",36,5,Bronx,39200,1648,281,51117,9710,1,True,60.679611650485434
36005039300,"Census Tract 0393.00, Bronx County, New York",36,5,Bronx,39300,8150,1302,21073,6734,3,True,36.809815950920246
36005039400,"Census Tract 0394.00, Bronx County, New York",36,5,Bronx,39400,5369,770,56182,13049,2,True,37.250884708511826
36005039500,"Census Tract 0395.00, Bronx County, New York",36,5,Bronx,39500,4157,845,25000,15941,1,True,24.055809477988934
36005039600,"Census Tract 0396.00, Bronx County, New York",36,5,Bronx,39600,4519,696,43003,10206,0,True,0.0
36005039700,"Census Tract 0397.00, Bronx County, New York",36,5,Bronx,39700,3603,381,32619,14213,0,True,0.0
36005039800,"Census Tract 0398.00, Bronx County, New York",36,5,Bronx,39800,4152,800,52449,15955,0,True,0.0
36005039901,"Census Tract 0399.01, Bronx County, New York",36,5,Bronx,39901,5639,806,36847,4412,5,True,88.66820358219542
36005039902,"Census Tract 0399.02, Bronx County, New York",36,5,Bronx,39902,5574,836,43110,4564,3,True,53.821313240043054
36005040100,"Census Tract 0401.00, Bronx County, New York",36,5,Bronx,40100,4597,748,26306,5819,0,True,0.0
36005040302,"Census Tract 0403.02, Bronx County, New York",36,5,Bronx,40302,5125,1309,32345,11851,0,True,0.0
36005040303,"Census Tract 0403.03, Bronx County, New York",36,5,Bronx,40303,4335,498,37541,6102,0,True,0.0
36005040304,"Census Tract 0403.04, Bronx County, New York",36,5,Bronx,40304,3215,555,30523,13752,1,True,31.104199066874024
36005040400,"Census Tract 0404.00, Bronx County, New York",36,5,Bronx,40400,3514,699,89211,16665,4,True,113.83039271485487
36005040501,"Census Tract 0405.01, Bronx County, New York",36,5,Bronx,40501,4128,576,38456,9186,1,True,24.224806201550386
36005040502,"Census Tract 0405.02, Bronx County, New York",36,5,Bronx,40502,7293,997,46058,5497,1,True,13.71177841766077
36005040600,"Census Tract 0406.00, Bronx County, New York",36,5,Bronx,40600,3613,701,42039,7738,0,True,0.0
36005040701,"Census Tract 0407.01, Bronx County, New York",36,5,Bronx,40701,3101,622,42734,13473,0,True,0.0
36005040702,"Census Tract 0407.02, Bronx County, New York",36,5,Bronx,40702,6641,733,30417,7562,1,True,15.05797319680771
36005040800,"Census Tract 0408.00, Bronx County, New York",36,5,Bronx,40800,4709,824,32917,14277,4,True,84.94372478233171
36005040900,"Census Tract 0409.00, Bronx County, New York",36,5,Bronx,40900,3292,565,62411,13456,0,True,0.0
36005041100,"Census Tract 0411.00, Bronx County, New York",36,5,Bronx,41100,3565,640,38277,4189,1,True,28.050490883590463
36005041300,"Census Tract 0413.00, Bronx County, New York",36,5,Bronx,41300,8904,1295,58095,7834,1,True,11.230907457322552
36005041400,"Census Tract 0414.00, Bronx County, New York",36,5,Bronx,41400,5206,706,53558,7161,6,True,115.25163273146369
36005041500,"Census Tract 0415.00, Bronx County, New York",36,5,Bronx,41500,6103,819,43810,14557,1,True,16.385384237260364
36005041800,"Census Tract 0418.00, Bronx County, New York",36,5,Bronx,41800,3555,780,52396,22461,0,True,0.0
36005041900,"Census Tract 0419.00, Bronx County, New York",36,5,Bronx,41900,6090,780,34290,5954,0,True,0.0
36005042000,"Census Tract 0420.00, Bronx County, New York",36,5,Bronx,42000,4260,812,31071,13073,0,True,0.0
36005042100,"Census Tract 0421.00, Bronx County, New York",36,5,Bronx,42100,5522,728,41585,10016,1,True,18.109380659181458
36005042200,"Census Tract 0422.00, Bronx County, New York",36,5,Bronx,42200,2864,740,54712,22269,1,True,34.91620111731844
36005042300,"Census Tract 0423.00, Bronx County, New York",36,5,Bronx,42300,4033,579,46432,7850,0,True,0.0
36005042400,"Census Tract 0424.00, Bronx County, New York",36,5,Bronx,42400,2608,521,80714,11776,0,True,0.0
36005042500,"Census Tract 0425.00, Bronx County, New York",36,5,Bronx,42500,6248,989,37642,10490,1,True,16.005121638924454
36005042600,"Census Tract 0426.00, Bronx County, New York",36,5,Bronx,42600,7161,1407,95422,21790,1,True,13.964530093562352
36005042800,"Census Tract 0428.00, Bronx County, New York",36,5,Bronx,42800,1976,425,95096,32468,0,True,0.0
36005042901,"Census Tract 0429.01, Bronx County, New York",36,5,Bronx,42901,3224,507,31771,21457,0,True,0.0
36005042902,"Census Tract 0429.02, Bronx County, New York",36,5,Bronx,42902,3865,417,38816,10408,1,True,25.873221216041397
36005043000,"Census Tract 0430.00, Bronx County, New York",36,5,Bronx,43000,3496,778,66890,30002,0,True,0.0
36005043101,"Census Tract 0431.01, Bronx County, New York",36,5,Bronx,43101,5693,1405,35326,6469,0,True,0.0
36005043102,"Census Tract 0431.02, Bronx County, New York",36,5,Bronx,43102,4615,724,29962,6400,0,True,0.0
36005043400,"Census Tract 0434.00, Bronx County, New York",36,5,Bronx,43400,3796,526,72917,22711,3,True,79.03055848261327
36005043501,"Census Tract 0435.01, Bronx County, New York",36,5,Bronx,43501,757,273,32500,10077,0,True,0.0
36005043502,"Census Tract 0435.02, Bronx County, New York",36,5,Bronx,43502,0,12,-666666666,-222222222,0,False,
36005043503,"Census Tract 0435.03, Bronx County, New York",36,5,Bronx,43503,0,12,-666666666,-222222222,1,False,
36005043600,"Census Tract 0436.00, Bronx County, New York",36,5,Bronx,43600,1927,372,70761,17662,1,True,51.89413596263622
36005044200,"Census Tract 0442.00, Bronx County, New York",36,5,Bronx,44200,4022,1173,37423,32297,2,True,49.72650422675286
36005044400,"Census Tract 0444.00, Bronx County, New York",36,5,Bronx,44400,4472,844,75679,16692,0,True,0.0
36005044800,"Census Tract 0448.00, Bronx County, New York",36,5,Bronx,44800,2068,428,101406,38194,1,True,48.355899419729205
36005044901,"Census Tract 0449.01, Bronx County, New York",36,5,Bronx,44901,1762,306,68984,20590,0,True,0.0
36005044902,"Census Tract 0449.02, Bronx County, New York",36,5,Bronx,44902,2049,385,74444,21126,0,True,0.0
36005045101,"Census Tract 0451.01, Bronx County, New York",36,5,Bronx,45101,1521,313,62981,33088,0,True,0.0
36005045102,"Census Tract 0451.02, Bronx County, New York",36,5,Bronx,45102,2086,447,81729,7673,0,True,0.0
36005045600,"Census Tract 0456.00, Bronx County, New York",36,5,Bronx,45600,3401,616,86108,25760,0,True,0.0
36005045800,"Census Tract 0458.00, Bronx County, New York",36,5,Bronx,45800,5538,858,26791,5865,1,True,18.057060310581438
36005046000,"Census Tract 0460.00, Bronx County, New York",36,5,Bronx,46000,3131,620,38404,9968,0,True,0.0
36005046203,"Census Tract 0462.03, Bronx County, New York",36,5,Bronx,46203,7679,1789,40148,25758,1,True,13.02252897512697
36005046204,"Census Tract 0462.04, Bronx County, New York",36,5,Bronx,46204,6569,1306,81518,21377,0,True,0.0
36005046205,"Census Tract 0462.05, Bronx County, New York",36,5,Bronx,46205,2898,535,42382,24549,1,True,34.50655624568668
36005046206,"Census Tract 0462.06, Bronx County, New York",36,5,Bronx,46206,4137,874,46351,19767,0,True,0.0
36005046207,"Census Tract 0462.07, Bronx County, New York",36,5,Bronx,46207,6450,1423,53302,7730,0,True,0.0
36005046208,"Census Tract 0462.08, Bronx County, New York",36,5,Bronx,46208,5586,903,73578,27326,0,True,0.0
36005046209,"Census Tract 0462.09, Bronx County, New York",36,5,Bronx,46209,4739,1340,40226,22579,0,True,0.0
36005048401,"Census Tract 0484.01, Bronx County, New York",36,5,Bronx,48401,4062,586,83583,19752,5,True,123.09207287050715
36005048402,"Census Tract 0484.02, Bronx County, New York",36,5,Bronx,48402,0,12,-666666666,-222222222,0,False,
36005050400,"Census Tract 0504.00, Bronx County, New York",36,5,Bronx,50400,0,12,-666666666,-222222222,0,False,
36005051601,"Census Tract 0516.01, Bronx County, New York",36,5,Bronx,51601,4322,655,101935,30587,0,True,0.0
36005051602,"Census Tract 0516.02, Bronx County, New York",36,5,Bronx,51602,0,12,-666666666,-222222222,0,False,
36047000100,"Census Tract 0001.00, Kings County, New York",36,47,Kings,100,4539,630,107917,33241,0,True,0.0
36047000200,"Census Tract 0002.00, Kings County, New York",36,47,Kings,200,992,218,55417,10878,0,True,0.0
36047000301,"Census Tract 0003.01, Kings County, New York",36,47,Kings,301,3642,780,166375,48036,0,True,0.0
36047000501,"Census Tract 0005.01, Kings County, New York",36,47,Kings,501,4486,492,147583,34369,0,True,0.0
36047000502,"Census Tract 0005.02, Kings County, New York",36,47,Kings,502,2654,256,150962,13965,0,True,0.0
36047000700,"Census Tract 0007.00, Kings County, New York",36,47,Kings,700,3899,454,180647,21794,0,True,0.0
36047000900,"Census Tract 0009.00, Kings County, New York",36,47,Kings,900,4654,524,175333,42561,0,True,0.0
36047001100,"Census Tract 0011.00, Kings County, New York",36,47,Kings,1100,1502,225,159000,32815,0,True,0.0
36047001300,"Census Tract 0013.00, Kings County, New York",36,47,Kings,1300,1917,294,109625,13889,0,True,0.0
36047001501,"Census Tract 0015.01, Kings County, New York",36,47,Kings,1501,4875,646,81413,44873,3,True,61.53846153846154
36047001502,"Census Tract 0015.02, Kings County, New York",36,47,Kings,1502,4654,739,113165,18153,0,True,0.0
36047001801,"Census Tract 0018.01, Kings County, New York",36,47,Kings,1801,1920,1198,-666666666,-222222222,0,False,0.0
36047001802,"Census Tract 0018.02, Kings County, New York",36,47,Kings,1802,0,12,-666666666,-222222222,0,False,
36047001803,"Census Tract 0018.03, Kings County, New York",36,47,Kings,1803,0,12,-666666666,-222222222,0,False,
36047001804,"Census Tract 0018.04, Kings County, New York",36,47,Kings,1804,0,12,-666666666,-222222222,1,False,
36047002000,"Census Tract 0020.00, Kings County, New York",36,47,Kings,2000,1503,438,39211,20021,1,True,66.53359946773121
36047002100,"Census Tract 0021.00, Kings County, New York",36,47,Kings,2100,5206,966,232302,59694,0,True,0.0
36047002200,"Census Tract 0022.00, Kings County, New York",36,47,Kings,2200,4284,755,41528,11108,1,True,23.342670401493933
36047002300,"Census Tract 0023.00, Kings County, New York",36,47,Kings,2300,4133,643,19060,2405,5,True,120.97749818533754
36047002901,"Census Tract 0029.01, Kings County, New York",36,47,Kings,2901,4528,734,22530,8446,5,True,110.42402826855124
36047003000,"Census Tract 0030.00, Kings County, New York",36,47,Kings,3000,1545,269,87500,17434,0,True,0.0
36047003101,"Census Tract 0031.01, Kings County, New York",36,47,Kings,3101,3468,443,142708,39218,1,True,28.835063437139564
36047003102,"Census Tract 0031.02, Kings County, New York",36,47,Kings,3102,0,12,-666666666,-222222222,0,False,
36047003300,"Census Tract 0033.00, Kings County, New York",36,47,Kings,3300,4479,698,134539,30472,2,True,44.65282429113642
36047003400,"Census Tract 0034.00, Kings County, New York",36,47,Kings,3400,3306,474,82361,22858,0,True,0.0
36047003500,"Census Tract 0035.00, Kings County, New York",36,47,Kings,3500,2080,213,129740,14212,0,True,0.0
36047003600,"Census Tract 0036.00, Kings County, New York",36,47,Kings,3600,3465,395,72642,18302,0,True,0.0
36047003700,"Census Tract 0037.00, Kings County, New York",36,47,Kings,3700,2568,459,131688,19926,0,True,0.0
36047003800,"Census Tract 0038.00, Kings County, New York",36,47,Kings,3800,1335,232,82454,42648,0,True,0.0
36047003900,"Census Tract 0039.00, Kings County, New York",36,47,Kings,3900,2340,368,113571,17669,1,True,42.73504273504273
36047004100,"Census Tract 0041.00, Kings County, New York",36,47,Kings,4100,3606,601,192500,16785,0,True,0.0
36047004300,"Census Tract 0043.00, Kings County, New York",36,47,Kings,4300,3662,380,149722,33245,0,True,0.0
36047004400,"Census Tract 0044.00, Kings County, New York",36,47,Kings,4400,2328,259,122500,8328,0,True,0.0
36047004500,"Census Tract 0045.00, Kings County, New York",36,47,Kings,4500,3574,679,146889,8920,0,True,0.0
36047004600,"Census Tract 0046.00, Kings County, New York",36,47,Kings,4600,1282,223,106071,87697,0,True,0.0
36047004700,"Census Tract 0047.00, Kings County, New York",36,47,Kings,4700,1841,291,120521,24607,0,True,0.0
36047004900,"Census Tract 0049.00, Kings County, New York",36,47,Kings,4900,2660,447,148750,26566,0,True,0.0
36047005000,"Census Tract 0050.00, Kings County, New York",36,47,Kings,5000,2243,313,121667,26140,0,True,0.0
36047005100,"Census Tract 0051.00, Kings County, New York",36,47,Kings,5100,2815,515,147973,45526,0,True,0.0
36047005201,"Census Tract 0052.01, Kings County, New York",36,47,Kings,5201,1603,259,46389,36238,0,True,0.0
36047005202,"Census Tract 0052.02, Kings County, New York",36,47,Kings,5202,2501,294,93750,17409,0,True,0.0
36047005301,"Census Tract 0053.01, Kings County, New York",36,47,Kings,5301,2223,339,119000,23237,0,True,0.0
36047005302,"Census Tract 0053.02, Kings County, New York",36,47,Kings,5302,65,42,126250,101653,2,True,3076.923076923077
36047005303,"Census Tract 0053.03, Kings County, New York",36,47,Kings,5303,0,12,-666666666,-222222222,0,False,
36047005400,"Census Tract 0054.00, Kings County, New York",36,47,Kings,5400,3297,540,75147,9208,0,True,0.0
36047005601,"Census Tract 0056.01, Kings County, New York",36,47,Kings,5601,2421,423,81500,15808,0,True,0.0
36047005602,"Census Tract 0056.02, Kings County, New York",36,47,Kings,5602,1787,386,80208,24841,0,True,0.0
36047005800,"Census Tract 0058.00, Kings County, New York",36,47,Kings,5800,2932,405,58322,10742,0,True,0.0
36047005900,"Census Tract 0059.00, Kings County, New York",36,47,Kings,5900,1143,175,84375,21777,2,True,174.97812773403325
36047006000,"Census Tract 0060.00, Kings County, New York",36,47,Kings,6000,3262,571,96350,21491,0,True,0.0
36047006200,"Census Tract 0062.00, Kings County, New York",36,47,Kings,6200,2625,610,82708,25658,0,True,0.0
36047006300,"Census Tract 0063.00, Kings County, New York",36,47,Kings,6300,1999,256,145556,53752,0,True,0.0
36047006400,"Census Tract 0064.00, Kings County, New York",36,47,Kings,6400,2996,469,80911,13894,0,True,0.0
36047006500,"Census Tract 0065.00, Kings County, New York",36,47,Kings,6500,5846,1115,167477,9691,0,True,0.0
36047006600,"Census Tract 0066.00, Kings County, New York",36,47,Kings,6600,3625,453,71724,22498,0,True,0.0
36047006700,"Census Tract 0067.00, Kings County, New York",36,47,Kings,6700,3980,514,161453,32831,0,True,0.0
36047006800,"Census Tract 0068.00, Kings County, New York",36,47,Kings,6800,4559,579,66301,10140,0,True,0.0
36047006901,"Census Tract 0069.01, Kings County, New York",36,47,Kings,6901,1732,285,139531,19621,0,True,0.0
36047006902,"Census Tract 0069.02, Kings County, New York",36,47,Kings,6902,2182,433,166033,41692,2,True,91.65902841429882
36047007000,"Census Tract 0070.00, Kings County, New York",36,47,Kings,7000,2392,377,83864,23042,0,True,0.0
36047007100,"Census Tract 0071.00, Kings County, New York",36,47,Kings,7100,4430,794,36429,19728,2,True,45.14672686230248
36047007200,"Census Tract 0072.00, Kings County, New York",36,47,Kings,7200,1738,405,47821,11172,0,True,0.0
36047007400,"Census Tract 0074.00, Kings County, New York",36,47,Kings,7400,5328,855,56296,23681,0,True,0.0
36047007500,"Census Tract 0075.00, Kings County, New York",36,47,Kings,7500,4798,798,145481,41681,0,True,0.0
36047007600,"Census Tract 0076.00, Kings County, New York",36,47,Kings,7600,5431,1157,53478,14696,0,True,0.0
36047007700,"Census Tract 0077.00, Kings County, New York",36,47,Kings,7700,5330,639,156399,38618,0,True,0.0
36047007800,"Census Tract 0078.00, Kings County, New York",36,47,Kings,7800,4873,723,72292,17053,3,True,61.563718448594294
36047008000,"Census Tract 0080.00, Kings County, New York",36,47,Kings,8000,3627,605,80170,15245,0,True,0.0
36047008200,"Census Tract 0082.00, Kings County, New York",36,47,Kings,8200,3627,618,47109,28659,0,True,0.0
36047008400,"Census Tract 0084.00, Kings County, New York",36,47,Kings,8400,3635,673,52500,19067,0,True,0.0
36047008500,"Census Tract 0085.00, Kings County, New York",36,47,Kings,8500,7577,1097,17649,5928,8,True,105.58268443975189
36047008600,"Census Tract 0086.00, Kings County, New York",36,47,Kings,8600,0,12,-666666666,-222222222,0,False,
36047008800,"Census Tract 0088.00, Kings County, New York",36,47,Kings,8800,2225,456,71976,19023,0,True,0.0
36047009001,"Census Tract 0090.01, Kings County, New York",36,47,Kings,9001,1436,187,61477,12752,0,True,0.0
36047009002,"Census Tract 0090.02, Kings County, New York",36,47,Kings,9002,1334,450,50756,4685,0,True,0.0
36047009201,"Census Tract 0092.01, Kings County, New York",36,47,Kings,9201,2013,406,78365,34809,0,True,0.0
36047009202,"Census Tract 0092.02, Kings County, New York",36,47,Kings,9202,3453,653,41563,18846,0,True,0.0
36047009401,"Census Tract 0094.01, Kings County, New York",36,47,Kings,9401,2293,380,51346,13554,0,True,0.0
36047009402,"Census Tract 0094.02, Kings County, New York",36,47,Kings,9402,2746,553,58750,10259,0,True,0.0
36047009600,"Census Tract 0096.00, Kings County, New York",36,47,Kings,9600,5858,710,62614,13004,0,True,0.0
36047009800,"Census Tract 0098.00, Kings County, New York",36,47,Kings,9800,6021,798,56229,7251,3,True,49.82561036372695
36047010000,"Census Tract 0100.00, Kings County, New York",36,47,Kings,10000,5978,963,65240,18740,1,True,16.72800267648043
36047010100,"Census Tract 0101.00, Kings County, New York",36,47,Kings,10100,3944,702,96200,26862,0,True,0.0
36047010200,"Census Tract 0102.00, Kings County, New York",36,47,Kings,10200,4844,816,59375,5041,0,True,0.0
36047010401,"Census Tract 0104.01, Kings County, New York",36,47,Kings,10401,2152,447,47454,15681,0,True,0.0
36047010402,"Census Tract 0104.02, Kings County, New York",36,47,Kings,10402,2256,495,32072,5970,0,True,0.0
36047010601,"Census Tract 0106.01, Kings County, New York",36,47,Kings,10601,2315,544,50238,18960,0,True,0.0
36047010602,"Census Tract 0106.02, Kings County, New York",36,47,Kings,10602,1952,561,55818,7915,0,True,0.0
36047010801,"Census Tract 0108.01, Kings County, New York",36,47,Kings,10801,1957,433,48438,11214,0,True,0.0
36047010802,"Census Tract 0108.02, Kings County, New York",36,47,Kings,10802,2022,516,48922,15199,0,True,0.0
36047011000,"Census Tract 0110.00, Kings County, New York",36,47,Kings,11000,2356,473,68350,8774,0,True,0.0
36047011200,"Census Tract 0112.00, Kings County, New York",36,47,Kings,11200,6088,823,45477,10976,0,True,0.0
36047011400,"Census Tract 0114.00, Kings County, New York",36,47,Kings,11400,3846,793,53889,10283,1,True,26.001040041601666
36047011600,"Census Tract 0116.00, Kings County, New York",36,47,Kings,11600,3510,780,41049,4278,0,True,0.0
36047011700,"Census Tract 0117.00, Kings County, New York",36,47,Kings,11700,2949,503,104075,7094,0,True,0.0
36047011800,"Census Tract 0118.00, Kings County, New York",36,47,Kings,11800,1951,291,53977,8087,0,True,0.0
36047011901,"Census Tract 0119.01, Kings County, New York",36,47,Kings,11901,1358,256,112868,29005,1,True,73.63770250368188
36047011902,"Census Tract 0119.02, Kings County, New York",36,47,Kings,11902,0,12,-666666666,-222222222,0,False,
36047012000,"Census Tract 0120.00, Kings County, New York",36,47,Kings,12000,1327,304,46000,40734,0,True,0.0
36047012100,"Census Tract 0121.00, Kings County, New York",36,47,Kings,12100,1968,463,104000,22411,0,True,0.0
36047012200,"Census Tract 0122.00, Kings County, New York",36,47,Kings,12200,5144,911,49526,12422,0,True,0.0
36047012600,"Census Tract 0126.00, Kings County, New York",36,47,Kings,12600,2799,361,54886,7007,0,True,0.0
36047012700,"Census Tract 0127.00, Kings County, New York",36,47,Kings,12700,4066,760,57963,16415,3,True,73.78258730939498
36047012801,"Census Tract 0128.01, Kings County, New York",36,47,Kings,12801,2279,265,42438,25736,0,True,0.0
36047012901,"Census Tract 0129.01, Kings County, New York",36,47,Kings,12901,2246,370,161116,30713,0,True,0.0
36047012902,"Census Tract 0129.02, Kings County, New York",36,47,Kings,12902,2724,336,131466,12731,0,True,0.0
36047013000,"Census Tract 0130.00, Kings County, New York",36,47,Kings,13000,4416,789,76997,8158,0,True,0.0
36047013100,"Census Tract 0131.00, Kings County, New York",36,47,Kings,13100,4267,560,118542,54706,0,True,0.0
36047013200,"Census Tract 0132.00, Kings County, New York",36,47,Kings,13200,2299,504,80859,21382,0,True,0.0
36047013300,"Census Tract 0133.00, Kings County, New York",36,47,Kings,13300,4465,569,189272,27516,2,True,44.79283314669653
36047013400,"Census Tract 0134.00, Kings County, New York",36,47,Kings,13400,4163,609,94620,17631,1,True,24.02113860196973
36047013500,"Census Tract 0135.00, Kings County, New York",36,47,Kings,13500,4240,556,173487,31874,0,True,0.0
36047013600,"Census Tract 0136.00, Kings County, New York",36,47,Kings,13600,3829,615,88814,33229,0,True,0.0
36047013700,"Census Tract 0137.00, Kings County, New York",36,47,Kings,13700,3484,406,116938,20354,0,True,0.0
36047013800,"Census Tract 0138.00, Kings County, New York",36,47,Kings,13800,3527,586,74459,17892,0,True,0.0
36047013900,"Census Tract 0139.00, Kings County, New York",36,47,Kings,13900,3574,401,146852,9233,0,True,0.0
36047014000,"Census Tract 0140.00, Kings County, New York",36,47,Kings,14000,1944,356,60143,13876,0,True,0.0
36047014101,"Census Tract 0141.01, Kings County, New York",36,47,Kings,14101,968,145,107697,26703,0,True,0.0
36047014102,"Census Tract 0141.02, Kings County, New York",36,47,Kings,14102,1863,352,130313,29289,0,True,0.0
36047014200,"Census Tract 0142.00, Kings County, New York",36,47,Kings,14200,2992,471,67626,14889,0,True,0.0
36047014300,"Census Tract 0143.00, Kings County, New York",36,47,Kings,14300,3599,534,115444,22367,0,True,0.0
36047014500,"Census Tract 0145.00, Kings County, New York",36,47,Kings,14500,3909,506,99107,20179,0,True,0.0
36047014700,"Census Tract 0147.00, Kings County, New York",36,47,Kings,14700,2646,336,101100,9676,0,True,0.0
36047014800,"Census Tract 0148.00, Kings County, New York",36,47,Kings,14800,1242,223,83472,23767,0,True,0.0
36047014901,"Census Tract 0149.01, Kings County, New York",36,47,Kings,14901,1478,282,164318,50309,0,True,0.0
36047014902,"Census Tract 0149.02, Kings County, New York",36,47,Kings,14902,4569,857,145046,30808,0,True,0.0
36047015000,"Census Tract 0150.00, Kings County, New York",36,47,Kings,15000,1592,259,72829,16382,0,True,0.0
36047015100,"Census Tract 0151.00, Kings County, New York",36,47,Kings,15100,4170,459,151779,20135,0,True,0.0
36047015200,"Census Tract 0152.00, Kings County, New York",36,47,Kings,15200,2650,373,82083,27932,0,True,0.0
36047015300,"Census Tract 0153.00, Kings County, New York",36,47,Kings,15300,2530,325,101125,45921,0,True,0.0
36047015400,"Census Tract 0154.00, Kings County, New York",36,47,Kings,15400,10,12,-666666666,-222222222,0,False,0.0
36047015500,"Census Tract 0155.00, Kings County, New York",36,47,Kings,15500,3927,473,164091,35973,0,True,0.0
36047015700,"Census Tract 0157.00, Kings County, New York",36,47,Kings,15700,4332,665,153750,19745,0,True,0.0
36047015900,"Census Tract 0159.00, Kings County, New York",36,47,Kings,15900,4778,625,142386,26857,1,True,20.92925910422771
36047016000,"Census Tract 0160.00, Kings County, New York",36,47,Kings,16000,4134,629,80833,16076,0,True,0.0
36047016100,"Census Tract 0161.00, Kings County, New York",36,47,Kings,16100,3552,406,174732,38248,0,True,0.0
36047016200,"Census Tract 0162.00, Kings County, New York",36,47,Kings,16200,2169,396,75337,25969,0,True,0.0
36047016300,"Census Tract 0163.00, Kings County, New York",36,47,Kings,16300,3489,637,102660,26955,0,True,0.0
36047016400,"Census Tract 0164.00, Kings County, New York",36,47,Kings,16400,1326,538,109856,28642,0,True,0.0
36047016500,"Census Tract 0165.00, Kings County, New York",36,47,Kings,16500,5973,890,205855,24316,0,True,0.0
36047016600,"Census Tract 0166.00, Kings County, New York",36,47,Kings,16600,1852,229,118500,28757,0,True,0.0
36047016700,"Census Tract 0167.00, Kings County, New York",36,47,Kings,16700,4906,667,180882,33196,0,True,0.0
36047016800,"Census Tract 0168.00, Kings County, New York",36,47,Kings,16800,1924,340,98497,11124,0,True,0.0
36047016900,"Census Tract 0169.00, Kings County, New York",36,47,Kings,16900,4817,831,110833,25390,0,True,0.0
36047017000,"Census Tract 0170.00, Kings County, New York",36,47,Kings,17000,2935,507,85625,14265,0,True,0.0
36047017100,"Census Tract 0171.00, Kings County, New York",36,47,Kings,17100,4213,716,132288,33758,0,True,0.0
36047017200,"Census Tract 0172.00, Kings County, New York",36,47,Kings,17200,3275,650,102474,26451,0,True,0.0
36047017400,"Census Tract 0174.00, Kings County, New York",36,47,Kings,17400,2155,273,102037,16450,0,True,0.0
36047017500,"Census Tract 0175.00, Kings County, New York",36,47,Kings,17500,0,12,-666666666,-222222222,1,False,
36047017600,"Census Tract 0176.00, Kings County, New York",36,47,Kings,17600,2455,314,81204,8972,0,True,0.0
36047017700,"Census Tract 0177.00, Kings County, New York",36,47,Kings,17700,0,12,-666666666,-222222222,0,False,
36047017800,"Census Tract 0178.00, Kings County, New York",36,47,Kings,17800,3041,431,75464,11609,0,True,0.0
36047017900,"Census Tract 0179.00, Kings County, New York",36,47,Kings,17900,4385,668,90769,32042,2,True,45.61003420752566
36047018000,"Census Tract 0180.00, Kings County, New York",36,47,Kings,18000,3424,780,66625,43226,0,True,0.0
36047018100,"Census Tract 0181.00, Kings County, New York",36,47,Kings,18100,3785,599,114057,11452,0,True,0.0
36047018200,"Census Tract 0182.00, Kings County, New York",36,47,Kings,18200,3421,535,69450,23514,0,True,0.0
36047018300,"Census Tract 0183.00, Kings County, New York",36,47,Kings,18300,2663,498,137500,26944,0,True,0.0
36047018400,"Census Tract 0184.00, Kings County, New York",36,47,Kings,18400,2318,294,62903,9169,0,True,0.0
36047018501,"Census Tract 0185.01, Kings County, New York",36,47,Kings,18501,4130,702,36042,8706,3,True,72.63922518159806
36047018600,"Census Tract 0186.00, Kings County, New York",36,47,Kings,18600,2255,386,63942,19228,0,True,0.0
36047018700,"Census Tract 0187.00, Kings County, New York",36,47,Kings,18700,1459,271,89375,21090,0,True,0.0
36047018800,"Census Tract 0188.00, Kings County, New York",36,47,Kings,18800,2905,395,66793,20037,0,True,0.0
36047019000,"Census Tract 0190.00, Kings County, New York",36,47,Kings,19000,4543,675,51853,11419,0,True,0.0
36047019100,"Census Tract 0191.00, Kings County, New York",36,47,Kings,19100,2964,589,118750,39512,0,True,0.0
36047019200,"Census Tract 0192.00, Kings County, New York",36,47,Kings,19200,2716,468,44564,16624,0,True,0.0
36047019300,"Census Tract 0193.00, Kings County, New York",36,47,Kings,19300,6140,763,65398,4882,0,True,0.0
36047019400,"Census Tract 0194.00, Kings County, New York",36,47,Kings,19400,3465,821,62798,34655,0,True,0.0
36047019500,"Census Tract 0195.00, Kings County, New York",36,47,Kings,19500,3128,383,89013,26112,0,True,0.0
36047019600,"Census Tract 0196.00, Kings County, New York",36,47,Kings,19600,4238,596,52396,29738,1,True,23.596035865974518
36047019700,"Census Tract 0197.00, Kings County, New York",36,47,Kings,19700,3669,436,104318,47984,0,True,0.0
36047019800,"Census Tract 0198.00, Kings County, New York",36,47,Kings,19800,1877,314,60395,10412,0,True,0.0
36047019900,"Census Tract 0199.00, Kings County, New York",36,47,Kings,19900,3769,488,118051,18985,0,True,0.0
36047020000,"Census Tract 0200.00, Kings County, New York",36,47,Kings,20000,2296,317,77222,18875,1,True,43.55400696864111
36047020100,"Census Tract 0201.00, Kings County, New York",36,47,Kings,20100,3940,535,107071,17279,1,True,25.38071065989848
36047020200,"Census Tract 0202.00, Kings County, New York",36,47,Kings,20200,1963,325,97800,22220,0,True,0.0
36047020300,"Census Tract 0203.00, Kings County, New York",36,47,Kings,20300,1773,335,136464,33353,0,True,0.0
36047020400,"Census Tract 0204.00, Kings County, New York",36,47,Kings,20400,1710,259,85962,35774,0,True,0.0
36047020500,"Census Tract 0205.00, Kings County, New York",36,47,Kings,20500,3164,497,118750,19267,1,True,31.60556257901391
36047020600,"Census Tract 0206.00, Kings County, New York",36,47,Kings,20600,2355,399,101042,28289,0,True,0.0
36047020700,"Census Tract 0207.00, Kings County, New York",36,47,Kings,20700,4490,594,135909,29001,2,True,44.543429844098
36047020800,"Census Tract 0208.00, Kings County, New York",36,47,Kings,20800,3159,660,57310,22802,0,True,0.0
36047021000,"Census Tract 0210.00, Kings County, New York",36,47,Kings,21000,3935,584,39801,17625,0,True,0.0
36047021100,"Census Tract 0211.00, Kings County, New York",36,47,Kings,21100,2795,386,66722,9860,1,True,35.77817531305903
36047021200,"Census Tract 0212.00, Kings County, New York",36,47,Kings,21200,4123,710,44265,23183,0,True,0.0
36047021300,"Census Tract 0213.00, Kings County, New York",36,47,Kings,21300,4166,739,73024,12027,2,True,48.00768122899664
36047021400,"Census Tract 0214.00, Kings County, New York",36,47,Kings,21400,2128,443,59167,24302,0,True,0.0
36047021500,"Census Tract 0215.00, Kings County, New York",36,47,Kings,21500,6013,742,110645,28362,1,True,16.630633627141194
36047021600,"Census Tract 0216.00, Kings County, New York",36,47,Kings,21600,3790,758,36934,5181,0,True,0.0
36047021700,"Census Tract 0217.00, Kings County, New York",36,47,Kings,21700,3407,470,63009,19166,2,True,58.7026709715292
36047021800,"Census Tract 0218.00, Kings County, New York",36,47,Kings,21800,2891,687,55263,36250,0,True,0.0
36047021900,"Census Tract 0219.00, Kings County, New York",36,47,Kings,21900,3677,603,89402,24673,2,True,54.39216752787598
36047022000,"Census Tract 0220.00, Kings County, New York",36,47,Kings,22000,4894,807,34107,8485,0,True,0.0
36047022100,"Census Tract 0221.00, Kings County, New York",36,47,Kings,22100,3813,606,51875,29248,1,True,26.226068712300027
36047022200,"Census Tract 0222.00, Kings County, New York",36,47,Kings,22200,3991,664,26683,11767,0,True,0.0
36047022400,"Census Tract 0224.00, Kings County, New York",36,47,Kings,22400,5393,1121,46429,20359,0,True,0.0
36047022600,"Census Tract 0226.00, Kings County, New York",36,47,Kings,22600,2167,551,56797,20831,0,True,0.0
36047022700,"Census Tract 0227.00, Kings County, New York",36,47,Kings,22700,3873,741,96607,32161,1,True,25.81977794990963
36047022800,"Census Tract 0228.00, Kings County, New York",36,47,Kings,22800,3938,615,37316,19812,0,True,0.0
36047022900,"Census Tract 0229.00, Kings County, New York",36,47,Kings,22900,3832,481,92344,22145,0,True,0.0
36047023000,"Census Tract 0230.00, Kings County, New York",36,47,Kings,23000,4619,1214,38141,12704,0,True,0.0
36047023100,"Census Tract 0231.00, Kings County, New York",36,47,Kings,23100,3652,491,96141,30926,0,True,0.0
36047023200,"Census Tract 0232.00, Kings County, New York",36,47,Kings,23200,5865,1140,40929,8564,0,True,0.0
36047023300,"Census Tract 0233.00, Kings County, New York",36,47,Kings,23300,6023,1220,59375,15708,2,True,33.20604349991699
36047023400,"Census Tract 0234.00, Kings County, New York",36,47,Kings,23400,4833,1104,26458,6351,0,True,0.0
36047023500,"Census Tract 0235.00, Kings County, New York",36,47,Kings,23500,5036,889,50950,14492,4,True,79.42811755361397
36047023600,"Census Tract 0236.00, Kings County, New York",36,47,Kings,23600,5352,995,28676,6358,0,True,0.0
36047023800,"Census Tract 0238.00, Kings County, New York",36,47,Kings,23800,3817,891,39500,17612,0,True,0.0
36047024000,"Census Tract 0240.00, Kings County, New York",36,47,Kings,24000,5167,970,37618,18974,0,True,0.0
36047024100,"Census Tract 0241.00, Kings County, New York",36,47,Kings,24100,2955,613,67989,11056,0,True,0.0
36047024200,"Census Tract 0242.00, Kings County, New York",36,47,Kings,24200,2826,470,54737,13432,0,True,0.0
36047024300,"Census Tract 0243.00, Kings County, New York",36,47,Kings,24300,4214,696,61475,12870,0,True,0.0
36047024400,"Census Tract 0244.00, Kings County, New York",36,47,Kings,24400,3547,627,51012,26792,0,True,0.0
36047024500,"Census Tract 0245.00, Kings County, New York",36,47,Kings,24500,4688,606,90045,10376,3,True,63.99317406143344
36047024600,"Census Tract 0246.00, Kings County, New York",36,47,Kings,24600,2868,396,57740,7407,0,True,0.0
36047024700,"Census Tract 0247.00, Kings County, New York",36,47,Kings,24700,2697,406,52750,21948,3,True,111.23470522803115
36047024800,"Census Tract 0248.00, Kings County, New York",36,47,Kings,24800,2548,378,63318,12495,1,True,39.246467817896395
36047024900,"Census Tract 0249.00, Kings County, New York",36,47,Kings,24900,4147,695,76103,17177,1,True,24.113817217265495
36047025000,"Census Tract 0250.00, Kings County, New York",36,47,Kings,25000,1799,393,54034,7502,0,True,0.0
36047025100,"Census Tract 0251.00, Kings County, New York",36,47,Kings,25100,3716,645,48580,23442,5,True,134.55328310010765
36047025200,"Census Tract 0252.00, Kings County, New York",36,47,Kings,25200,5257,691,57058,10843,0,True,0.0
36047025300,"Census Tract 0253.00, Kings County, New York",36,47,Kings,25300,3616,792,72429,11249,1,True,27.654867256637168
36047025400,"Census Tract 0254.00, Kings County, New York",36,47,Kings,25400,3178,485,48438,16524,0,True,0.0
36047025500,"Census Tract 0255.00, Kings County, New York",36,47,Kings,25500,5203,710,19578,3206,5,True,96.09840476648087
36047025600,"Census Tract 0256.00, Kings County, New York",36,47,Kings,25600,3166,700,57740,25356,0,True,0.0
36047025700,"Census Tract 0257.00, Kings County, New York",36,47,Kings,25700,2541,439,95595,28343,5,True,196.77292404565134
36047025800,"Census Tract 0258.00, Kings County, New York",36,47,Kings,25800,4467,655,49441,11315,0,True,0.0
36047025901,"Census Tract 0259.01, Kings County, New York",36,47,Kings,25901,1874,228,66250,33719,0,True,0.0
36047025902,"Census Tract 0259.02, Kings County, New York",36,47,Kings,25902,3650,638,17795,5934,3,True,82.19178082191782
36047026000,"Census Tract 0260.00, Kings County, New York",36,47,Kings,26000,3184,573,45545,12208,0,True,0.0
36047026100,"Census Tract 0261.00, Kings County, New York",36,47,Kings,26100,4798,816,63416,12262,1,True,20.842017507294706
36047026200,"Census Tract 0262.00, Kings County, New York",36,47,Kings,26200,2513,421,74803,12653,0,True,0.0
36047026300,"Census Tract 0263.00, Kings County, New York",36,47,Kings,26300,2047,308,60168,22138,3,True,146.55593551538837
36047026400,"Census Tract 0264.00, Kings County, New York",36,47,Kings,26400,4491,618,52188,16244,0,True,0.0
36047026500,"Census Tract 0265.00, Kings County, New York",36,47,Kings,26500,4032,648,70391,17457,4,True,99.2063492063492
36047026600,"Census Tract 0266.00, Kings County, New York",36,47,Kings,26600,3592,549,46413,13470,0,True,0.0
36047026700,"Census Tract 0267.00, Kings County, New York",36,47,Kings,26700,4277,494,83548,12520,0,True,0.0
36047026800,"Census Tract 0268.00, Kings County, New York",36,47,Kings,26800,4299,597,62625,24900,0,True,0.0
36047026900,"Census Tract 0269.00, Kings County, New York",36,47,Kings,26900,3365,714,77034,21101,1,True,29.717682020802375
36047027000,"Census Tract 0270.00, Kings County, New York",36,47,Kings,27000,2147,425,36500,17421,0,True,0.0
36047027100,"Census Tract 0271.00, Kings County, New York",36,47,Kings,27100,3351,596,78125,38298,1,True,29.84183825723665
36047027200,"Census Tract 0272.00, Kings County, New York",36,47,Kings,27200,3725,460,56902,26674,0,True,0.0
36047027300,"Census Tract 0273.00, Kings County, New York",36,47,Kings,27300,3651,669,63348,21566,5,True,136.9487811558477
36047027400,"Census Tract 0274.00, Kings County, New York",36,47,Kings,27400,3377,584,52344,22604,0,True,0.0
36047027500,"Census Tract 0275.00, Kings County, New York",36,47,Kings,27500,4711,810,86731,14772,3,True,63.68074718743367
36047027600,"Census Tract 0276.00, Kings County, New York",36,47,Kings,27600,3638,766,57143,7526,0,True,0.0
36047027700,"Census Tract 0277.00, Kings County, New York",36,47,Kings,27700,4449,675,58681,17667,6,True,134.86176668914362
36047027800,"Census Tract 0278.00, Kings County, New York",36,47,Kings,27800,3141,520,57269,4558,0,True,0.0
36047027900,"Census Tract 0279.00, Kings County, New York",36,47,Kings,27900,3548,588,71397,19742,5,True,140.92446448703495
36047028000,"Census Tract 0280.00, Kings County, New York",36,47,Kings,28000,1869,276,85625,22645,0,True,0.0
36047028100,"Census Tract 0281.00, Kings County, New York",36,47,Kings,28100,4738,863,31362,6005,3,True,63.31785563528915
36047028200,"Census Tract 0282.00, Kings County, New York",36,47,Kings,28200,3605,468,63238,14565,0,True,0.0
36047028300,"Census Tract 0283.00, Kings County, New York",36,47,Kings,28300,3701,684,36375,13983,3,True,81.05917319643339
36047028400,"Census Tract 0284.00, Kings County, New York",36,47,Kings,28400,3440,484,60588,8887,0,True,0.0
36047028501,"Census Tract 0285.01, Kings County, New York",36,47,Kings,28501,386,145,56842,24443,2,True,518.1347150259068
36047028502,"Census Tract 0285.02, Kings County, New York",36,47,Kings,28502,2937,556,40375,12193,3,True,102.14504596527068
36047028600,"Census Tract 0286.00, Kings County, New York",36,47,Kings,28600,5257,1013,40556,12059,0,True,0.0
36047028700,"Census Tract 0287.00, Kings County, New York",36,47,Kings,28700,3308,511,54167,40008,2,True,60.45949214026602
36047028800,"Census Tract 0288.00, Kings County, New York",36,47,Kings,28800,3422,706,67625,31428,0,True,0.0
36047028900,"Census Tract 0289.00, Kings County, New York",36,47,Kings,28900,3728,844,62083,41296,1,True,26.824034334763947
36047029000,"Census Tract 0290.00, Kings County, New York",36,47,Kings,29000,3539,552,41274,11140,0,True,0.0
36047029100,"Census Tract 0291.00, Kings County, New York",36,47,Kings,29100,3232,475,81875,26043,0,True,0.0
36047029200,"Census Tract 0292.00, Kings County, New York",36,47,Kings,29200,2776,321,45430,13176,0,True,0.0
36047029300,"Census Tract 0293.00, Kings County, New York",36,47,Kings,29300,3353,566,41913,16668,3,True,89.47211452430659
36047029400,"Census Tract 0294.00, Kings County, New York",36,47,Kings,29400,2494,409,62159,20472,0,True,0.0
36047029500,"Census Tract 0295.00, Kings County, New York",36,47,Kings,29500,4212,840,62351,17046,0,True,0.0
36047029600,"Census Tract 0296.00, Kings County, New York",36,47,Kings,29600,5246,861,49609,12680,0,True,0.0
36047029700,"Census Tract 0297.00, Kings County, New York",36,47,Kings,29700,4412,671,71786,18466,2,True,45.33091568449683
36047029800,"Census Tract 0298.00, Kings County, New York",36,47,Kings,29800,3734,725,46949,13366,0,True,0.0
36047029900,"Census Tract 0299.00, Kings County, New York",36,47,Kings,29900,2297,539,56875,16895,4,True,174.140182847192
36047030000,"Census Tract 0300.00, Kings County, New York",36,47,Kings,30000,3997,508,56250,29524,0,True,0.0
36047030100,"Census Tract 0301.00, Kings County, New York",36,47,Kings,30100,3021,614,72301,43001,3,True,99.30486593843098
36047030200,"Census Tract 0302.00, Kings County, New York",36,47,Kings,30200,4419,527,73472,25569,0,True,0.0
36047030300,"Census Tract 0303.00, Kings County, New York",36,47,Kings,30300,4864,701,40463,8007,4,True,82.23684210526315
36047030400,"Census Tract 0304.00, Kings County, New York",36,47,Kings,30400,4358,524,43239,11603,0,True,0.0
36047030500,"Census Tract 0305.00, Kings County, New York",36,47,Kings,30500,6806,777,94211,20778,1,True,14.692918013517486
36047030600,"Census Tract 0306.00, Kings County, New York",36,47,Kings,30600,1852,270,50272,10014,1,True,53.99568034557236
36047030700,"Census Tract 0307.00, Kings County, New York",36,47,Kings,30700,7084,929,30424,12519,7,True,98.81422924901185
36047030800,"Census Tract 0308.00, Kings County, New York",36,47,Kings,30800,2035,331,58147,18515,0,True,0.0
36047030900,"Census Tract 0309.00, Kings County, New York",36,47,Kings,30900,2302,431,55606,19982,5,True,217.2024326672459
36047031100,"Census Tract 0311.00, Kings County, New York",36,47,Kings,31100,2991,565,69034,25033,7,True,234.0354396522902
36047031300,"Census Tract 0313.00, Kings County, New York",36,47,Kings,31300,4943,821,87538,13413,0,True,0.0
36047031401,"Census Tract 0314.01, Kings County, New York",36,47,Kings,31401,4972,928,93063,16830,0,True,0.0
36047031402,"Census Tract 0314.02, Kings County, New York",36,47,Kings,31402,0,12,-666666666,-222222222,0,False,
36047031500,"Census Tract 0315.00, Kings County, New York",36,47,Kings,31500,5140,733,65763,15602,4,True,77.82101167315176
36047031701,"Census Tract 0317.01, Kings County, New York",36,47,Kings,31701,3671,646,78807,15970,2,True,54.48106782892945
36047031702,"Census Tract 0317.02, Kings County, New York",36,47,Kings,31702,3744,600,93750,10216,0,True,0.0
36047031900,"Census Tract 0319.00, Kings County, New York",36,47,Kings,31900,2847,578,59482,15782,1,True,35.12469265893923
36047032100,"Census Tract 0321.00, Kings County, New York",36,47,Kings,32100,5396,798,66436,9404,4,True,74.12898443291327
36047032300,"Census Tract 0323.00, Kings County, New York",36,47,Kings,32300,3542,767,80283,14351,2,True,56.4652738565782
36047032500,"Census Tract 0325.00, Kings County, New York",36,47,Kings,32500,5888,917,54324,10698,0,True,0.0
36047032600,"Census Tract 0326.00, Kings County, New York",36,47,Kings,32600,6794,1158,28526,5320,4,True,58.875478363261706
36047032700,"Census Tract 0327.00, Kings County, New York",36,47,Kings,32700,2696,509,54861,23204,0,True,0.0
36047032800,"Census Tract 0328.00, Kings County, New York",36,47,Kings,32800,2586,362,40417,14640,0,True,0.0
36047032900,"Census Tract 0329.00, Kings County, New York",36,47,Kings,32900,6083,1325,46618,16022,1,True,16.43925694558606
36047033000,"Census Tract 0330.00, Kings County, New York",36,47,Kings,33000,4821,852,21148,6295,4,True,82.97033810412778
36047033100,"Census Tract 0331.00, Kings County, New York",36,47,Kings,33100,4168,694,50966,29918,1,True,23.99232245681382
36047033300,"Census Tract 0333.00, Kings County, New York",36,47,Kings,33300,4579,928,57827,15839,0,True,0.0
36047033500,"Census Tract 0335.00, Kings County, New York",36,47,Kings,33500,3094,382,72904,25338,0,True,0.0
36047033600,"Census Tract 0336.00, Kings County, New York",36,47,Kings,33600,4701,780,81923,13351,0,True,0.0
36047033701,"Census Tract 0337.01, Kings County, New York",36,47,Kings,33701,2211,634,47375,9993,0,True,0.0
36047033702,"Census Tract 0337.02, Kings County, New York",36,47,Kings,33702,1669,412,71557,10147,0,True,0.0
36047033900,"Census Tract 0339.00, Kings County, New York",36,47,Kings,33900,4398,581,58096,26808,0,True,0.0
36047034000,"Census Tract 0340.00, Kings County, New York",36,47,Kings,34000,1991,334,22931,8436,0,True,0.0
36047034100,"Census Tract 0341.00, Kings County, New York",36,47,Kings,34100,3194,461,46111,40341,1,True,31.308703819661865
36047034200,"Census Tract 0342.00, Kings County, New York",36,47,Kings,34200,6151,1178,19663,5227,1,True,16.257519102584943
36047034300,"Census Tract 0343.00, Kings County, New York",36,47,Kings,34300,4942,760,32250,18589,3,True,60.70416835289356
36047034500,"Census Tract 0345.00, Kings County, New York",36,47,Kings,34500,2924,597,39296,10256,3,True,102.59917920656635
36047034700,"Census Tract 0347.00, Kings County, New York",36,47,Kings,34700,3496,514,34063,20302,4,True,114.41647597254004
36047034800,"Census Tract 0348.00, Kings County, New York",36,47,Kings,34800,3055,448,65380,24167,1,True,32.733224222585925
36047034901,"Census Tract 0349.01, Kings County, New York",36,47,Kings,34901,2023,425,39337,6244,3,True,148.29461196243204
36047034902,"Census Tract 0349.02, Kings County, New York",36,47,Kings,34902,4320,900,42462,22605,2,True,46.2962962962963
36047035000,"Census Tract 0350.00, Kings County, New York",36,47,Kings,35000,2971,319,42313,7840,0,True,0.0
36047035101,"Census Tract 0351.01, Kings County, New York",36,47,Kings,35101,2330,697,33542,23802,0,True,0.0
36047035102,"Census Tract 0351.02, Kings County, New York",36,47,Kings,35102,2320,378,54963,34117,6,True,258.6206896551724
36047035200,"Census Tract 0352.00, Kings County, New York",36,47,Kings,35200,1162,286,12114,1276,1,True,86.05851979345955
36047035301,"Census Tract 0353.01, Kings County, New York",36,47,Kings,35301,2559,497,36761,12303,1,True,39.07776475185619
36047035302,"Census Tract 0353.02, Kings County, New York",36,47,Kings,35302,2725,610,75398,28972,0,True,0.0
36047035400,"Census Tract 0354.00, Kings County, New York",36,47,Kings,35400,5720,815,50441,13653,0,True,0.0
36047035500,"Census Tract 0355.00, Kings County, New York",36,47,Kings,35500,5499,739,50809,15217,0,True,0.0
36047035601,"Census Tract 0356.01, Kings County, New York",36,47,Kings,35601,2553,278,29625,6711,0,True,0.0
36047035602,"Census Tract 0356.02, Kings County, New York",36,47,Kings,35602,5586,711,50014,6462,0,True,0.0
36047035701,"Census Tract 0357.01, Kings County, New York",36,47,Kings,35701,2317,388,40175,7859,3,True,129.4777729823047
36047035702,"Census Tract 0357.02, Kings County, New York",36,47,Kings,35702,0,12,-666666666,-222222222,2,False,
36047035900,"Census Tract 0359.00, Kings County, New York",36,47,Kings,35900,5718,794,43309,19225,4,True,69.95452955578874
36047036001,"Census Tract 0360.01, Kings County, New York",36,47,Kings,36001,3156,336,26540,6578,0,True,0.0
36047036002,"Census Tract 0360.02, Kings County, New York",36,47,Kings,36002,3878,506,20959,10242,0,True,0.0
36047036100,"Census Tract 0361.00, Kings County, New York",36,47,Kings,36100,2834,471,21476,4914,4,True,141.14326040931547
36047036200,"Census Tract 0362.00, Kings County, New York",36,47,Kings,36200,3678,474,46071,12599,0,True,0.0
36047036300,"Census Tract 0363.00, Kings County, New York",36,47,Kings,36300,5109,849,32017,5871,3,True,58.71990604815032
36047036400,"Census Tract 0364.00, Kings County, New York",36,47,Kings,36400,2325,399,50195,13807,0,True,0.0
36047036501,"Census Tract 0365.01, Kings County, New York",36,47,Kings,36501,3564,659,47723,10213,1,True,28.058361391694728
36047036502,"Census Tract 0365.02, Kings County, New York",36,47,Kings,36502,1562,483,53594,27987,0,True,0.0
36047036600,"Census Tract 0366.00, Kings County, New York",36,47,Kings,36600,4129,815,41611,17255,0,True,0.0
36047036700,"Census Tract 0367.00, Kings County, New York",36,47,Kings,36700,1211,308,41029,7684,0,True,0.0
36047036900,"Census Tract 0369.00, Kings County, New York",36,47,Kings,36900,6056,990,35485,11774,3,True,49.53764861294584
36047037000,"Census Tract 0370.00, Kings County, New York",36,47,Kings,37000,4016,559,62305,29930,0,True,0.0
36047037100,"Census Tract 0371.00, Kings County, New York",36,47,Kings,37100,4689,667,75756,12858,2,True,42.65301770100235
36047037300,"Census Tract 0373.00, Kings County, New York",36,47,Kings,37300,4358,737,51845,9739,3,True,68.83891693437356
36047037401,"Census Tract 0374.01, Kings County, New York",36,47,Kings,37401,4679,845,51007,8557,0,True,0.0
36047037402,"Census Tract 0374.02, Kings County, New York",36,47,Kings,37402,4661,621,32280,18175,0,True,0.0
36047037500,"Census Tract 0375.00, Kings County, New York",36,47,Kings,37500,3232,531,69120,16726,0,True,0.0
36047037700,"Census Tract 0377.00, Kings County, New York",36,47,Kings,37700,4575,701,67045,27086,1,True,21.85792349726776
36047037900,"Census Tract 0379.00, Kings County, New York",36,47,Kings,37900,4671,879,44255,20772,3,True,64.22607578676943
36047038100,"Census Tract 0381.00, Kings County, New York",36,47,Kings,38100,5351,639,52610,17264,2,True,37.376191366099796
36047038200,"Census Tract 0382.00, Kings County, New York",36,47,Kings,38200,5714,860,18322,1638,0,True,0.0
36047038300,"Census Tract 0383.00, Kings County, New York",36,47,Kings,38300,4737,534,76461,7104,0,True,0.0
36047038500,"Census Tract 0385.00, Kings County, New York",36,47,Kings,38500,4324,1091,82765,6407,0,True,0.0
36047038600,"Census Tract 0386.00, Kings County, New York",36,47,Kings,38600,3448,673,80688,6959,0,True,0.0
36047038700,"Census Tract 0387.00, Kings County, New York",36,47,Kings,38700,3965,717,64395,9240,4,True,100.88272383354351
36047038800,"Census Tract 0388.00, Kings County, New York",36,47,Kings,38800,4419,802,73932,21804,0,True,0.0
36047038900,"Census Tract 0389.00, Kings County, New York",36,47,Kings,38900,3007,629,81274,9021,0,True,0.0
36047039000,"Census Tract 0390.00, Kings County, New York",36,47,Kings,39000,2486,378,68188,10141,0,True,0.0
36047039100,"Census Tract 0391.00, Kings County, New York",36,47,Kings,39100,3536,708,85283,25068,0,True,0.0
36047039200,"Census Tract 0392.00, Kings County, New York",36,47,Kings,39200,3108,660,54531,22735,0,True,0.0
36047039300,"Census Tract 0393.00, Kings County, New York",36,47,Kings,39300,4012,637,80352,27134,1,True,24.92522432701894
36047039400,"Census Tract 0394.00, Kings County, New York",36,47,Kings,39400,2240,393,46500,9455,0,True,0.0
36047039500,"Census Tract 0395.00, Kings County, New York",36,47,Kings,39500,3958,725,56227,31781,0,True,0.0
36047039600,"Census Tract 0396.00, Kings County, New York",36,47,Kings,39600,1910,357,64044,25428,0,True,0.0
36047039700,"Census Tract 0397.00, Kings County, New York",36,47,Kings,39700,3342,612,54980,22937,3,True,89.76660682226212
36047039800,"Census Tract 0398.00, Kings County, New York",36,47,Kings,39800,2845,532,72721,15295,0,True,0.0
36047039900,"Census Tract 0399.00, Kings County, New York",36,47,Kings,39900,4229,744,53472,11285,1,True,23.646252069047055
36047040000,"Census Tract 0400.00, Kings County, New York",36,47,Kings,40000,2906,534,51709,6952,0,True,0.0
36047040100,"Census Tract 0401.00, Kings County, New York",36,47,Kings,40100,3203,642,54792,16615,3,True,93.66219169528567
36047040200,"Census Tract 0402.00, Kings County, New York",36,47,Kings,40200,2844,313,64922,24050,0,True,0.0
36047040300,"Census Tract 0403.00, Kings County, New York",36,47,Kings,40300,3697,519,68438,15497,0,True,0.0
36047040400,"Census Tract 0404.00, Kings County, New York",36,47,Kings,40400,2355,308,78750,28624,0,True,0.0
36047040500,"Census Tract 0405.00, Kings County, New York",36,47,Kings,40500,1512,322,62326,9447,0,True,0.0
36047040600,"Census Tract 0406.00, Kings County, New York",36,47,Kings,40600,3642,535,63609,5142,0,True,0.0
36047040700,"Census Tract 0407.00, Kings County, New York",36,47,Kings,40700,0,12,-666666666,-222222222,1,False,
36047040800,"Census Tract 0408.00, Kings County, New York",36,47,Kings,40800,3485,613,96705,42291,0,True,0.0
36047040900,"Census Tract 0409.00, Kings County, New York",36,47,Kings,40900,3829,815,52699,26374,0,True,0.0
36047041000,"Census Tract 0410.00, Kings County, New York",36,47,Kings,41000,2004,565,53750,26423,0,True,0.0
36047041100,"Census Tract 0411.00, Kings County, New York",36,47,Kings,41100,3050,671,38775,26380,0,True,0.0
36047041200,"Census Tract 0412.00, Kings County, New York",36,47,Kings,41200,3404,666,83393,50418,0,True,0.0
36047041300,"Census Tract 0413.00, Kings County, New York",36,47,Kings,41300,3743,620,62177,17504,1,True,26.716537536735242
36047041401,"Census Tract 0414.01, Kings County, New York",36,47,Kings,41401,1541,367,68211,25623,0,True,0.0
36047041402,"Census Tract 0414.02, Kings County, New York",36,47,Kings,41402,1829,280,52880,18551,0,True,0.0
36047041500,"Census Tract 0415.00, Kings County, New York",36,47,Kings,41500,4112,818,81054,25608,0,True,0.0
36047041600,"Census Tract 0416.00, Kings County, New York",36,47,Kings,41600,2343,569,54676,12187,0,True,0.0
36047041700,"Census Tract 0417.00, Kings County, New York",36,47,Kings,41700,3221,698,28103,13645,0,True,0.0
36047041800,"Census Tract 0418.00, Kings County, New York",36,47,Kings,41800,2859,499,53710,15637,0,True,0.0
36047041900,"Census Tract 0419.00, Kings County, New York",36,47,Kings,41900,3914,824,53068,18973,0,True,0.0
36047042000,"Census Tract 0420.00, Kings County, New York",36,47,Kings,42000,1930,356,61736,14540,0,True,0.0
36047042100,"Census Tract 0421.00, Kings County, New York",36,47,Kings,42100,4239,755,70903,26361,0,True,0.0
36047042200,"Census Tract 0422.00, Kings County, New York",36,47,Kings,42200,3545,676,63854,29844,1,True,28.208744710860366
36047042300,"Census Tract 0423.00, Kings County, New York",36,47,Kings,42300,3840,651,84857,11386,0,True,0.0
36047042400,"Census Tract 0424.00, Kings County, New York",36,47,Kings,42400,3342,703,58286,9026,0,True,0.0
36047042500,"Census Tract 0425.00, Kings County, New York",36,47,Kings,42500,3321,568,79750,18314,0,True,0.0
36047042600,"Census Tract 0426.00, Kings County, New York",36,47,Kings,42600,4129,721,54013,23937,1,True,24.21893921046258
36047042700,"Census Tract 0427.00, Kings County, New York",36,47,Kings,42700,4730,648,60549,17352,1,True,21.14164904862579
36047042800,"Census Tract 0428.00, Kings County, New York",36,47,Kings,42800,3789,573,63000,12519,0,True,0.0
36047042900,"Census Tract 0429.00, Kings County, New York",36,47,Kings,42900,5205,962,52224,8370,0,True,0.0
36047043000,"Census Tract 0430.00, Kings County, New York",36,47,Kings,43000,3276,556,44341,7971,0,True,0.0
36047043100,"Census Tract 0431.00, Kings County, New York",36,47,Kings,43100,4654,604,73526,14387,0,True,0.0
36047043200,"Census Tract 0432.00, Kings County, New York",36,47,Kings,43200,4195,662,73638,10734,0,True,0.0
36047043300,"Census Tract 0433.00, Kings County, New York",36,47,Kings,43300,3529,615,24146,13014,1,True,28.336639274582037
36047043400,"Census Tract 0434.00, Kings County, New York",36,47,Kings,43400,3618,659,43188,16324,0,True,0.0
36047043500,"Census Tract 0435.00, Kings County, New York",36,47,Kings,43500,4921,675,73190,13983,0,True,0.0
36047043600,"Census Tract 0436.00, Kings County, New York",36,47,Kings,43600,4877,800,66332,17292,0,True,0.0
36047043700,"Census Tract 0437.00, Kings County, New York",36,47,Kings,43700,5796,1194,58996,21763,1,True,17.25327812284334
36047043800,"Census Tract 0438.00, Kings County, New York",36,47,Kings,43800,2532,302,58583,10931,0,True,0.0
36047043900,"Census Tract 0439.00, Kings County, New York",36,47,Kings,43900,3424,552,61372,17676,0,True,0.0
36047044000,"Census Tract 0440.00, Kings County, New York",36,47,Kings,44000,2736,448,52316,33990,0,True,0.0
36047044100,"Census Tract 0441.00, Kings County, New York",36,47,Kings,44100,5101,954,55212,12788,0,True,0.0
36047044200,"Census Tract 0442.00, Kings County, New York",36,47,Kings,44200,2699,416,71842,17148,0,True,0.0
36047044300,"Census Tract 0443.00, Kings County, New York",36,47,Kings,44300,4417,617,62400,22057,0,True,0.0
36047044400,"Census Tract 0444.00, Kings County, New York",36,47,Kings,44400,3458,606,47381,18027,0,True,0.0
36047044500,"Census Tract 0445.00, Kings County, New York",36,47,Kings,44500,4393,645,72440,7313,0,True,0.0
36047044600,"Census Tract 0446.00, Kings County, New York",36,47,Kings,44600,1984,366,53237,12121,0,True,0.0
36047044700,"Census Tract 0447.00, Kings County, New York",36,47,Kings,44700,2543,334,47468,18306,0,True,0.0
36047044800,"Census Tract 0448.00, Kings County, New York",36,47,Kings,44800,1793,255,66400,10897,0,True,0.0
36047044901,"Census Tract 0449.01, Kings County, New York",36,47,Kings,44901,2989,583,38750,27702,2,True,66.91201070592172
36047044902,"Census Tract 0449.02, Kings County, New York",36,47,Kings,44902,0,12,-666666666,-222222222,1,False,
36047045000,"Census Tract 0450.00, Kings County, New York",36,47,Kings,45000,648,229,81111,16108,0,True,0.0
36047045200,"Census Tract 0452.00, Kings County, New York",36,47,Kings,45200,2564,545,80511,33193,0,True,0.0
36047045300,"Census Tract 0453.00, Kings County, New York",36,47,Kings,45300,2410,390,54063,16773,3,True,124.48132780082987
36047045400,"Census Tract 0454.00, Kings County, New York",36,47,Kings,45400,1877,528,90329,18303,0,True,0.0
36047045600,"Census Tract 0456.00, Kings County, New York",36,47,Kings,45600,2183,304,54505,15335,0,True,0.0
36047045800,"Census Tract 0458.00, Kings County, New York",36,47,Kings,45800,1215,255,78365,22573,0,True,0.0
36047046000,"Census Tract 0460.00, Kings County, New York",36,47,Kings,46000,3104,557,66941,10551,0,True,0.0
36047046201,"Census Tract 0462.01, Kings County, New York",36,47,Kings,46201,2050,398,35408,17573,0,True,0.0
36047046202,"Census Tract 0462.02, Kings County, New York",36,47,Kings,46202,1894,392,79000,23118,0,True,0.0
36047046400,"Census Tract 0464.00, Kings County, New York",36,47,Kings,46400,2717,593,58125,11510,0,True,0.0
36047046800,"Census Tract 0468.00, Kings County, New York",36,47,Kings,46800,1995,450,34191,13680,0,True,0.0
36047047000,"Census Tract 0470.00, Kings County, New York",36,47,Kings,47000,2396,479,63667,13449,0,True,0.0
36047047200,"Census Tract 0472.00, Kings County, New York",36,47,Kings,47200,2865,571,58875,16441,0,True,0.0
36047047400,"Census Tract 0474.00, Kings County, New York",36,47,Kings,47400,2258,426,44583,13929,0,True,0.0
36047047600,"Census Tract 0476.00, Kings County, New York",36,47,Kings,47600,3004,860,38255,21723,0,True,0.0
36047047700,"Census Tract 0477.00, Kings County, New York",36,47,Kings,47700,3701,510,148036,18149,0,True,0.0
36047047800,"Census Tract 0478.00, Kings County, New York",36,47,Kings,47800,3926,631,70948,24679,0,True,0.0
36047048000,"Census Tract 0480.00, Kings County, New York",36,47,Kings,48000,3447,716,31156,7513,0,True,0.0
36047048100,"Census Tract 0481.00, Kings County, New York",36,47,Kings,48100,3047,785,85288,25897,1,True,32.81916639317361
36047048200,"Census Tract 0482.00, Kings County, New York",36,47,Kings,48200,4955,804,52090,7557,0,True,0.0
36047048400,"Census Tract 0484.00, Kings County, New York",36,47,Kings,48400,5566,1004,56635,16663,0,True,0.0
36047048500,"Census Tract 0485.00, Kings County, New York",36,47,Kings,48500,2254,289,85625,26894,3,True,133.09671694764862
36047048600,"Census Tract 0486.00, Kings County, New York",36,47,Kings,48600,3152,871,53068,7320,0,True,0.0
36047048800,"Census Tract 0488.00, Kings County, New York",36,47,Kings,48800,4044,546,59235,11931,0,True,0.0
36047048900,"Census Tract 0489.00, Kings County, New York",36,47,Kings,48900,3591,796,19269,11042,2,True,55.69479253689779
36047049000,"Census Tract 0490.00, Kings County, New York",36,47,Kings,49000,5354,991,65132,19117,0,True,0.0
36047049100,"Census Tract 0491.00, Kings County, New York",36,47,Kings,49100,6818,1108,36735,11997,2,True,29.33411557641537
36047049200,"Census Tract 0492.00, Kings County, New York",36,47,Kings,49200,3240,586,64063,29933,1,True,30.864197530864196
36047049301,"Census Tract 0493.01, Kings County, New York",36,47,Kings,49301,2288,454,20886,9136,2,True,87.41258741258741
36047049302,"Census Tract 0493.02, Kings County, New York",36,47,Kings,49302,5004,685,44931,33986,2,True,39.96802557953637
36047049400,"Census Tract 0494.00, Kings County, New York",36,47,Kings,49400,5681,613,85550,13528,0,True,0.0
36047049500,"Census Tract 0495.00, Kings County, New York",36,47,Kings,49500,2558,448,93922,29425,2,True,78.18608287724786
36047049600,"Census Tract 0496.00, Kings County, New York",36,47,Kings,49600,4022,583,65699,10913,0,True,0.0
36047049700,"Census Tract 0497.00, Kings County, New York",36,47,Kings,49700,2765,330,90885,9132,0,True,0.0
36047049800,"Census Tract 0498.00, Kings County, New York",36,47,Kings,49800,4011,558,67292,22713,0,True,0.0
36047049900,"Census Tract 0499.00, Kings County, New York",36,47,Kings,49900,2030,387,90000,32710,0,True,0.0
36047050001,"Census Tract 0500.01, Kings County, New York",36,47,Kings,50001,2154,408,113133,22092,0,True,0.0
36047050002,"Census Tract 0500.02, Kings County, New York",36,47,Kings,50002,1813,316,105694,65277,0,True,0.0
36047050100,"Census Tract 0501.00, Kings County, New York",36,47,Kings,50100,3249,477,116759,34415,0,True,0.0
36047050202,"Census Tract 0502.02, Kings County, New York",36,47,Kings,50202,2293,285,93750,29899,0,True,0.0
36047050300,"Census Tract 0503.00, Kings County, New York",36,47,Kings,50300,2724,448,124397,29576,0,True,0.0
36047050401,"Census Tract 0504.01, Kings County, New York",36,47,Kings,50401,2925,417,87161,31025,0,True,0.0
36047050402,"Census Tract 0504.02, Kings County, New York",36,47,Kings,50402,1918,791,129792,76469,0,True,0.0
36047050500,"Census Tract 0505.00, Kings County, New York",36,47,Kings,50500,3964,742,41200,11735,0,True,0.0
36047050600,"Census Tract 0506.00, Kings County, New York",36,47,Kings,50600,5069,810,58996,14295,3,True,59.18327086210299
36047050700,"Census Tract 0507.00, Kings County, New York",36,47,Kings,50700,3189,798,32898,16216,0,True,0.0
36047050801,"Census Tract 0508.01, Kings County, New York",36,47,Kings,50801,3691,519,57569,20728,0,True,0.0
36047050803,"Census Tract 0508.03, Kings County, New York",36,47,Kings,50803,2648,463,63958,14504,1,True,37.764350453172206
36047050804,"Census Tract 0508.04, Kings County, New York",36,47,Kings,50804,6121,1027,72173,18589,2,True,32.674399607907205
36047050900,"Census Tract 0509.00, Kings County, New York",36,47,Kings,50900,5777,1375,35234,14331,0,True,0.0
36047051001,"Census Tract 0510.01, Kings County, New York",36,47,Kings,51001,4677,1001,47632,21581,1,True,21.381227282446012
36047051002,"Census Tract 0510.02, Kings County, New York",36,47,Kings,51002,4131,465,48138,7224,4,True,96.82885499878964
36047051100,"Census Tract 0511.00, Kings County, New York",36,47,Kings,51100,4326,433,55278,16788,0,True,0.0
36047051200,"Census Tract 0512.00, Kings County, New York",36,47,Kings,51200,5823,1119,63352,15877,1,True,17.17327837884252
36047051300,"Census Tract 0513.00, Kings County, New York",36,47,Kings,51300,5413,713,114295,13495,1,True,18.474043968224645
36047051400,"Census Tract 0514.00, Kings County, New York",36,47,Kings,51400,7572,984,64922,20116,0,True,0.0
36047051500,"Census Tract 0515.00, Kings County, New York",36,47,Kings,51500,2608,476,175179,25849,0,True,0.0
36047051601,"Census Tract 0516.01, Kings County, New York",36,47,Kings,51601,5123,687,57407,8109,3,True,58.559437829396835
36047051602,"Census Tract 0516.02, Kings County, New York",36,47,Kings,51602,3884,624,64583,15239,2,True,51.49330587023687
36047051700,"Census Tract 0517.00, Kings County, New York",36,47,Kings,51700,2691,395,162060,22521,0,True,0.0
36047051800,"Census Tract 0518.00, Kings County, New York",36,47,Kings,51800,3128,629,80585,12677,1,True,31.969309462915604
36047051900,"Census Tract 0519.00, Kings County, New York",36,47,Kings,51900,5163,860,180066,24787,0,True,0.0
36047052000,"Census Tract 0520.00, Kings County, New York",36,47,Kings,52000,3708,614,102935,9561,1,True,26.968716289104638
36047052300,"Census Tract 0523.00, Kings County, New York",36,47,Kings,52300,5049,610,95391,35711,1,True,19.805902158843335
36047052500,"Census Tract 0525.00, Kings County, New York",36,47,Kings,52500,3495,661,37250,9946,0,True,0.0
36047052600,"Census Tract 0526.00, Kings County, New York",36,47,Kings,52600,4521,568,70933,6535,0,True,0.0
36047052700,"Census Tract 0527.00, Kings County, New York",36,47,Kings,52700,6438,1050,62500,10794,0,True,0.0
36047052800,"Census Tract 0528.00, Kings County, New York",36,47,Kings,52800,1800,213,89063,23288,0,True,0.0
36047052900,"Census Tract 0529.00, Kings County, New York",36,47,Kings,52900,3473,667,27253,13268,0,True,0.0
36047053000,"Census Tract 0530.00, Kings County, New York",36,47,Kings,53000,3862,802,59100,15018,0,True,0.0
36047053101,"Census Tract 0531.01, Kings County, New York",36,47,Kings,53101,2487,540,-666666666,-222222222,0,False,0.0
36047053102,"Census Tract 0531.02, Kings County, New York",36,47,Kings,53102,6053,1475,58085,11396,2,True,33.04146704113663
36047053200,"Census Tract 0532.00, Kings County, New York",36,47,Kings,53200,2756,394,60510,19986,0,True,0.0
36047053300,"Census Tract 0533.00, Kings County, New York",36,47,Kings,53300,6617,1495,26579,9440,0,True,0.0
36047053400,"Census Tract 0534.00, Kings County, New York",36,47,Kings,53400,4659,762,46325,11335,0,True,0.0
36047053500,"Census Tract 0535.00, Kings County, New York",36,47,Kings,53500,3767,931,31836,11401,0,True,0.0
36047053700,"Census Tract 0537.00, Kings County, New York",36,47,Kings,53700,3749,664,37173,7781,0,True,0.0
36047053800,"Census Tract 0538.00, Kings County, New York",36,47,Kings,53800,5487,935,65596,9640,0,True,0.0
36047053900,"Census Tract 0539.00, Kings County, New York",36,47,Kings,53900,2517,389,20760,3886,0,True,0.0
36047054200,"Census Tract 0542.00, Kings County, New York",36,47,Kings,54200,4096,546,44940,18186,0,True,0.0
36047054300,"Census Tract 0543.00, Kings County, New York",36,47,Kings,54300,0,12,-666666666,-222222222,0,False,
36047054400,"Census Tract 0544.00, Kings County, New York",36,47,Kings,54400,3590,569,65500,18127,0,True,0.0
36047054500,"Census Tract 0545.00, Kings County, New York",36,47,Kings,54500,8035,1415,25966,5993,1,True,12.445550715619165
36047054600,"Census Tract 0546.00, Kings County, New York",36,47,Kings,54600,4798,620,52901,15556,0,True,0.0
36047054700,"Census Tract 0547.00, Kings County, New York",36,47,Kings,54700,5970,905,61818,13861,1,True,16.750418760469014
36047054800,"Census Tract 0548.00, Kings County, New York",36,47,Kings,54800,2134,437,86510,30308,0,True,0.0
36047054900,"Census Tract 0549.00, Kings County, New York",36,47,Kings,54900,4434,884,121484,40697,1,True,22.552999548940008
36047055000,"Census Tract 0550.00, Kings County, New York",36,47,Kings,55000,3223,435,60747,7735,0,True,0.0
36047055100,"Census Tract 0551.00, Kings County, New York",36,47,Kings,55100,5033,772,92238,25297,0,True,0.0
36047055200,"Census Tract 0552.00, Kings County, New York",36,47,Kings,55200,3393,425,74303,20446,0,True,0.0
36047055300,"Census Tract 0553.00, Kings County, New York",36,47,Kings,55300,2942,613,114306,40733,0,True,0.0
36047055400,"Census Tract 0554.00, Kings County, New York",36,47,Kings,55400,4064,567,52717,19970,0,True,0.0
36047055500,"Census Tract 0555.00, Kings County, New York",36,47,Kings,55500,8541,860,166622,18313,1,True,11.708230886313078
36047055600,"Census Tract 0556.00, Kings County, New York",36,47,Kings,55600,3657,629,53359,12286,0,True,0.0
36047055700,"Census Tract 0557.00, Kings County, New York",36,47,Kings,55700,1633,342,101400,7747,0,True,0.0
36047055800,"Census Tract 0558.00, Kings County, New York",36,47,Kings,55800,2496,288,69667,15684,0,True,0.0
36047056000,"Census Tract 0560.00, Kings County, New York",36,47,Kings,56000,3390,376,53988,43455,0,True,0.0
36047056100,"Census Tract 0561.00, Kings County, New York",36,47,Kings,56100,3561,442,121923,19227,0,True,0.0
36047056200,"Census Tract 0562.00, Kings County, New York",36,47,Kings,56200,1747,341,110708,21617,0,True,0.0
36047056301,"Census Tract 0563.01, Kings County, New York",36,47,Kings,56301,4024,599,101633,24826,0,True,0.0
36047056302,"Census Tract 0563.02, Kings County, New York",36,47,Kings,56302,1513,422,60109,46828,1,True,66.09385327164573
36047056400,"Census Tract 0564.00, Kings County, New York",36,47,Kings,56400,2491,396,88147,22403,0,True,0.0
36047056500,"Census Tract 0565.00, Kings County, New York",36,47,Kings,56500,3177,395,101886,12524,0,True,0.0
36047056600,"Census Tract 0566.00, Kings County, New York",36,47,Kings,56600,2748,448,82500,27695,0,True,0.0
36047056800,"Census Tract 0568.00, Kings County, New York",36,47,Kings,56800,1449,286,87500,17140,0,True,0.0
36047056900,"Census Tract 0569.00, Kings County, New York",36,47,Kings,56900,1559,234,130833,38816,0,True,0.0
36047057000,"Census Tract 0570.00, Kings County, New York",36,47,Kings,57000,3576,509,67372,20546,0,True,0.0
36047057100,"Census Tract 0571.00, Kings County, New York",36,47,Kings,57100,3956,561,92287,18449,0,True,0.0
36047057200,"Census Tract 0572.00, Kings County, New York",36,47,Kings,57200,5222,816,31232,9265,0,True,0.0
36047057300,"Census Tract 0573.00, Kings County, New York",36,47,Kings,57300,2321,286,93269,26527,0,True,0.0
36047057400,"Census Tract 0574.00, Kings County, New York",36,47,Kings,57400,2934,352,78158,22457,0,True,0.0
36047057500,"Census Tract 0575.00, Kings County, New York",36,47,Kings,57500,3873,565,91083,9527,0,True,0.0
36047057600,"Census Tract 0576.00, Kings County, New York",36,47,Kings,57600,3005,419,80847,13211,0,True,0.0
36047057800,"Census Tract 0578.00, Kings County, New York",36,47,Kings,57800,2827,483,65461,23934,0,True,0.0
36047057901,"Census Tract 0579.01, Kings County, New York",36,47,Kings,57901,1149,304,102045,27274,0,True,0.0
36047057902,"Census Tract 0579.02, Kings County, New York",36,47,Kings,57902,0,12,-666666666,-222222222,0,False,
36047058000,"Census Tract 0580.00, Kings County, New York",36,47,Kings,58000,4099,711,55227,35665,0,True,0.0
36047058200,"Census Tract 0582.00, Kings County, New York",36,47,Kings,58200,2554,641,61450,18050,0,True,0.0
36047058400,"Census Tract 0584.00, Kings County, New York",36,47,Kings,58400,3530,636,63324,17098,0,True,0.0
36047058600,"Census Tract 0586.00, Kings County, New York",36,47,Kings,58600,2689,332,70432,8166,0,True,0.0
36047058800,"Census Tract 0588.00, Kings County, New York",36,47,Kings,58800,3357,517,75833,21809,0,True,0.0
36047058901,"Census Tract 0589.01, Kings County, New York",36,47,Kings,58901,1624,222,86610,8093,0,True,0.0
36047058902,"Census Tract 0589.02, Kings County, New York",36,47,Kings,58902,0,12,-666666666,-222222222,0,False,
36047059000,"Census Tract 0590.00, Kings County, New York",36,47,Kings,59000,1722,289,75288,19800,0,True,0.0
36047059100,"Census Tract 0591.00, Kings County, New York",36,47,Kings,59100,3595,449,112794,17266,0,True,0.0
36047059200,"Census Tract 0592.00, Kings County, New York",36,47,Kings,59200,4013,773,58750,21415,0,True,0.0
36047059300,"Census Tract 0593.00, Kings County, New York",36,47,Kings,59300,2121,261,82125,18352,0,True,0.0
36047059402,"Census Tract 0594.02, Kings County, New York",36,47,Kings,59402,5248,739,88818,16670,2,True,38.109756097560975
36047059403,"Census Tract 0594.03, Kings County, New York",36,47,Kings,59403,3367,691,64564,16045,0,True,0.0
36047059404,"Census Tract 0594.04, Kings County, New York",36,47,Kings,59404,3811,766,54493,19061,0,True,0.0
36047059600,"Census Tract 0596.00, Kings County, New York",36,47,Kings,59600,2264,385,50800,11752,0,True,0.0
36047059800,"Census Tract 0598.00, Kings County, New York",36,47,Kings,59800,3526,913,72241,6970,1,True,28.36074872376631
36047060000,"Census Tract 0600.00, Kings County, New York",36,47,Kings,60000,5963,818,81327,22653,0,True,0.0
36047060600,"Census Tract 0606.00, Kings County, New York",36,47,Kings,60600,2830,443,69273,12440,0,True,0.0
36047060800,"Census Tract 0608.00, Kings County, New York",36,47,Kings,60800,3673,523,61471,25599,0,True,0.0
36047061002,"Census Tract 0610.02, Kings County, New York",36,47,Kings,61002,5035,971,66704,8847,0,True,0.0
36047061003,"Census Tract 0610.03, Kings County, New York",36,47,Kings,61003,1705,299,41750,22643,0,True,0.0
36047061004,"Census Tract 0610.04, Kings County, New York",36,47,Kings,61004,5913,585,33701,9552,0,True,0.0
36047061200,"Census Tract 0612.00, Kings County, New York",36,47,Kings,61200,1062,171,129688,24480,0,True,0.0
36047061600,"Census Tract 0616.00, Kings County, New York",36,47,Kings,61600,1424,232,110500,29093,0,True,0.0
36047062000,"Census Tract 0620.00, Kings County, New York",36,47,Kings,62000,1847,341,91513,25200,0,True,0.0
36047062200,"Census Tract 0622.00, Kings County, New York",36,47,Kings,62200,2540,409,75216,25082,0,True,0.0
36047062600,"Census Tract 0626.00, Kings County, New York",36,47,Kings,62600,2776,478,63060,12436,1,True,36.023054755043226
36047062800,"Census Tract 0628.00, Kings County, New York",36,47,Kings,62800,4702,622,98208,7244,0,True,0.0
36047063200,"Census Tract 0632.00, Kings County, New York",36,47,Kings,63200,1497,234,83542,12392,0,True,0.0
36047063600,"Census Tract 0636.00, Kings County, New York",36,47,Kings,63600,1242,270,123750,31237,0,True,0.0
36047063800,"Census Tract 0638.00, Kings County, New York",36,47,Kings,63800,2048,291,101146,23664,0,True,0.0
36047064000,"Census Tract 0640.00, Kings County, New York",36,47,Kings,64000,1623,329,114063,17050,0,True,0.0
36047064200,"Census Tract 0642.00, Kings County, New York",36,47,Kings,64200,2243,334,66974,21296,0,True,0.0
36047064400,"Census Tract 0644.00, Kings County, New York",36,47,Kings,64400,2980,521,82969,19911,0,True,0.0
36047064600,"Census Tract 0646.00, Kings County, New York",36,47,Kings,64600,1996,367,85417,15414,0,True,0.0
36047064800,"Census Tract 0648.00, Kings County, New York",36,47,Kings,64800,2349,323,117961,14528,0,True,0.0
36047065000,"Census Tract 0650.00, Kings County, New York",36,47,Kings,65000,1542,291,71927,9327,0,True,0.0
36047065200,"Census Tract 0652.00, Kings County, New York",36,47,Kings,65200,1076,160,83750,29750,1,True,92.93680297397769
36047065400,"Census Tract 0654.00, Kings County, New York",36,47,Kings,65400,1451,231,102692,11777,0,True,0.0
36047065600,"Census Tract 0656.00, Kings County, New York",36,47,Kings,65600,1752,234,92167,15235,0,True,0.0
36047065800,"Census Tract 0658.00, Kings County, New York",36,47,Kings,65800,1740,285,82422,37991,0,True,0.0
36047066000,"Census Tract 0660.00, Kings County, New York",36,47,Kings,66000,2067,369,121080,21653,0,True,0.0
36047066200,"Census Tract 0662.00, Kings County, New York",36,47,Kings,66200,1326,215,79125,28000,0,True,0.0
36047066600,"Census Tract 0666.00, Kings County, New York",36,47,Kings,66600,0,12,-666666666,-222222222,0,False,
36047067000,"Census Tract 0670.00, Kings County, New York",36,47,Kings,67000,2888,389,81989,22226,1,True,34.62603878116344
36047067200,"Census Tract 0672.00, Kings County, New York",36,47,Kings,67200,1832,352,74236,22502,1,True,54.585152838427945
36047067400,"Census Tract 0674.00, Kings County, New York",36,47,Kings,67400,1848,334,102991,19120,0,True,0.0
36047067600,"Census Tract 0676.00, Kings County, New York",36,47,Kings,67600,1773,516,86027,13558,1,True,56.401579244218844
36047067800,"Census Tract 0678.00, Kings County, New York",36,47,Kings,67800,3122,566,97963,11160,0,True,0.0
36047068000,"Census Tract 0680.00, Kings County, New York",36,47,Kings,68000,2153,413,100152,24784,0,True,0.0
36047068200,"Census Tract 0682.00, Kings County, New York",36,47,Kings,68200,2480,409,96375,49044,0,True,0.0
36047068600,"Census Tract 0686.00, Kings County, New York",36,47,Kings,68600,1596,410,67563,24592,0,True,0.0
36047068800,"Census Tract 0688.00, Kings County, New York",36,47,Kings,68800,1796,297,81458,24967,0,True,0.0
36047069000,"Census Tract 0690.00, Kings County, New York",36,47,Kings,69000,1994,451,108618,24638,0,True,0.0
36047069200,"Census Tract 0692.00, Kings County, New York",36,47,Kings,69200,2434,351,122353,23897,0,True,0.0
36047069601,"Census Tract 0696.01, Kings County, New York",36,47,Kings,69601,3114,489,68750,31887,0,True,0.0
36047069602,"Census Tract 0696.02, Kings County, New York",36,47,Kings,69602,5247,871,79471,11983,0,True,0.0
36047069800,"Census Tract 0698.00, Kings County, New York",36,47,Kings,69800,1351,286,116042,26778,0,True,0.0
36047070000,"Census Tract 0700.00, Kings County, New York",36,47,Kings,70000,1419,262,78168,22596,0,True,0.0
36047070201,"Census Tract 0702.01, Kings County, New York",36,47,Kings,70201,5690,797,115410,23843,1,True,17.574692442882252
36047070202,"Census Tract 0702.02, Kings County, New York",36,47,Kings,70202,26,20,-666666666,-222222222,0,False,0.0
36047070203,"Census Tract 0702.03, Kings County, New York",36,47,Kings,70203,0,12,-666666666,-222222222,0,False,
36047070601,"Census Tract 0706.01, Kings County, New York",36,47,Kings,70601,3062,568,113313,38549,0,True,0.0
36047070602,"Census Tract 0706.02, Kings County, New York",36,47,Kings,70602,0,12,-666666666,-222222222,0,False,
36047072000,"Census Tract 0720.00, Kings County, New York",36,47,Kings,72000,2005,365,70921,17080,0,True,0.0
36047072200,"Census Tract 0722.00, Kings County, New York",36,47,Kings,72200,3067,513,65405,9300,0,True,0.0
36047072400,"Census Tract 0724.00, Kings County, New York",36,47,Kings,72400,1883,238,78015,11756,1,True,53.10674455655868
36047072600,"Census Tract 0726.00, Kings County, New York",36,47,Kings,72600,2421,565,87759,18584,0,True,0.0
36047072800,"Census Tract 0728.00, Kings County, New York",36,47,Kings,72800,3787,534,64712,28202,1,True,26.406126221283337
36047073000,"Census Tract 0730.00, Kings County, New York",36,47,Kings,73000,2526,441,112625,46409,1,True,39.5882818685669
36047073200,"Census Tract 0732.00, Kings County, New York",36,47,Kings,73200,2162,379,59193,10751,1,True,46.25346901017576
36047073400,"Census Tract 0734.00, Kings County, New York",36,47,Kings,73400,1698,422,90446,37579,1,True,58.89281507656065
36047073600,"Census Tract 0736.00, Kings County, New York",36,47,Kings,73600,3383,567,64688,20739,1,True,29.559562518474728
36047073800,"Census Tract 0738.00, Kings County, New York",36,47,Kings,73800,3606,696,60495,24015,0,True,0.0
36047074000,"Census Tract 0740.00, Kings County, New York",36,47,Kings,74000,3649,878,66023,40954,0,True,0.0
36047074200,"Census Tract 0742.00, Kings County, New York",36,47,Kings,74200,3051,422,70561,12943,0,True,0.0
36047074400,"Census Tract 0744.00, Kings County, New York",36,47,Kings,74400,2611,525,139904,15012,0,True,0.0
36047074600,"Census Tract 0746.00, Kings County, New York",36,47,Kings,74600,2654,624,84784,17493,0,True,0.0
36047074800,"Census Tract 0748.00, Kings County, New York",36,47,Kings,74800,1867,442,80107,25458,0,True,0.0
36047075000,"Census Tract 0750.00, Kings County, New York",36,47,Kings,75000,2688,417,78400,15249,0,True,0.0
36047075200,"Census Tract 0752.00, Kings County, New York",36,47,Kings,75200,1007,253,168167,16886,0,True,0.0
36047075400,"Census Tract 0754.00, Kings County, New York",36,47,Kings,75400,1225,218,96114,14405,0,True,0.0
36047075600,"Census Tract 0756.00, Kings County, New York",36,47,Kings,75600,2027,297,93125,51342,0,True,0.0
36047075800,"Census Tract 0758.00, Kings County, New York",36,47,Kings,75800,1555,242,62813,34163,0,True,0.0
36047076000,"Census Tract 0760.00, Kings County, New York",36,47,Kings,76000,2695,400,51705,29358,0,True,0.0
36047076200,"Census Tract 0762.00, Kings County, New York",36,47,Kings,76200,4729,956,60434,8466,0,True,0.0
36047076400,"Census Tract 0764.00, Kings County, New York",36,47,Kings,76400,3607,652,70247,15353,0,True,0.0
36047076600,"Census Tract 0766.00, Kings County, New York",36,47,Kings,76600,2056,440,71111,10758,2,True,97.27626459143968
36047076800,"Census Tract 0768.00, Kings County, New York",36,47,Kings,76800,3575,666,54395,12327,0,True,0.0
36047077000,"Census Tract 0770.00, Kings County, New York",36,47,Kings,77000,2672,658,74802,23493,1,True,37.4251497005988
36047077200,"Census Tract 0772.00, Kings County, New York",36,47,Kings,77200,3250,615,70876,7913,0,True,0.0
36047077400,"Census Tract 0774.00, Kings County, New York",36,47,Kings,77400,3321,688,80335,6986,0,True,0.0
36047077600,"Census Tract 0776.00, Kings County, New York",36,47,Kings,77600,3707,456,73342,21968,1,True,26.975991367682763
36047078000,"Census Tract 0780.00, Kings County, New York",36,47,Kings,78000,2260,516,97813,21561,0,True,0.0
36047078200,"Census Tract 0782.00, Kings County, New York",36,47,Kings,78200,4667,696,60580,14559,0,True,0.0
36047078400,"Census Tract 0784.00, Kings County, New York",36,47,Kings,78400,2316,362,96354,31408,0,True,0.0
36047078601,"Census Tract 0786.01, Kings County, New York",36,47,Kings,78601,2399,574,60795,6506,0,True,0.0
36047078602,"Census Tract 0786.02, Kings County, New York",36,47,Kings,78602,2100,356,50259,9685,1,True,47.61904761904762
36047078801,"Census Tract 0788.01, Kings County, New York",36,47,Kings,78801,2020,409,48167,13697,4,True,198.01980198019803
36047078802,"Census Tract 0788.02, Kings County, New York",36,47,Kings,78802,1639,482,51467,14175,0,True,0.0
36047079001,"Census Tract 0790.01, Kings County, New York",36,47,Kings,79001,1701,1065,57857,38643,1,True,58.78894767783657
36047079002,"Census Tract 0790.02, Kings County, New York",36,47,Kings,79002,3214,533,56339,17163,4,True,124.45550715619166
36047079201,"Census Tract 0792.01, Kings County, New York",36,47,Kings,79201,1161,412,73938,18682,2,True,172.2652885443583
36047079202,"Census Tract 0792.02, Kings County, New York",36,47,Kings,79202,2350,450,57436,21521,0,True,0.0
36047079400,"Census Tract 0794.00, Kings County, New York",36,47,Kings,79400,1758,419,39901,14836,1,True,56.88282138794084
36047079601,"Census Tract 0796.01, Kings County, New York",36,47,Kings,79601,3630,419,63656,16287,0,True,0.0
36047079602,"Census Tract 0796.02, Kings County, New York",36,47,Kings,79602,4949,779,64760,12743,2,True,40.4122044857547
36047079801,"Census Tract 0798.01, Kings County, New York",36,47,Kings,79801,3121,761,75450,18382,0,True,0.0
36047079802,"Census Tract 0798.02, Kings County, New York",36,47,Kings,79802,5197,747,80968,9054,3,True,57.72561092938234
36047080000,"Census Tract 0800.00, Kings County, New York",36,47,Kings,80000,3451,489,69102,20119,1,True,28.977108084613157
36047080200,"Census Tract 0802.00, Kings County, New York",36,47,Kings,80200,4764,762,81077,20958,4,True,83.9630562552477
36047080400,"Census Tract 0804.00, Kings County, New York",36,47,Kings,80400,3147,506,46870,5289,0,True,0.0
36047080600,"Census Tract 0806.00, Kings County, New York",36,47,Kings,80600,3199,475,59559,22338,0,True,0.0
36047080800,"Census Tract 0808.00, Kings County, New York",36,47,Kings,80800,1668,284,11484,930,2,True,119.9040767386091
36047081000,"Census Tract 0810.00, Kings County, New York",36,47,Kings,81000,2202,413,59261,6584,0,True,0.0
36047081400,"Census Tract 0814.00, Kings County, New York",36,47,Kings,81400,2485,432,53631,20120,0,True,0.0
36047081600,"Census Tract 0816.00, Kings County, New York",36,47,Kings,81600,2594,344,52969,10230,1,True,38.55050115651503
36047081800,"Census Tract 0818.00, Kings County, New York",36,47,Kings,81800,4367,717,79628,19047,2,True,45.79803068468056
36047082000,"Census Tract 0820.00, Kings County, New York",36,47,Kings,82000,5247,1097,46107,15880,2,True,38.11701924909472
36047082200,"Census Tract 0822.00, Kings County, New York",36,47,Kings,82200,7257,1269,62914,12059,1,True,13.779798814937303
36047082400,"Census Tract 0824.00, Kings County, New York",36,47,Kings,82400,4789,633,46886,9660,1,True,20.881186051367717
36047082600,"Census Tract 0826.00, Kings County, New York",36,47,Kings,82600,4428,687,57808,14632,1,True,22.58355916892502
36047082800,"Census Tract 0828.00, Kings County, New York",36,47,Kings,82800,3797,523,69710,11362,1,True,26.336581511719782
36047083000,"Census Tract 0830.00, Kings County, New York",36,47,Kings,83000,6560,1055,57446,11845,2,True,30.48780487804878
36047083200,"Census Tract 0832.00, Kings County, New York",36,47,Kings,83200,2000,336,64769,19872,2,True,100.0
36047083400,"Census Tract 0834.00, Kings County, New York",36,47,Kings,83400,1524,307,61912,33039,0,True,0.0
36047083600,"Census Tract 0836.00, Kings County, New York",36,47,Kings,83600,2048,341,72037,10390,0,True,0.0
36047083800,"Census Tract 0838.00, Kings County, New York",36,47,Kings,83800,2113,259,79389,13810,1,True,47.3260766682442
36047084000,"Census Tract 0840.00, Kings County, New York",36,47,Kings,84000,2703,439,52300,48528,0,True,0.0
36047084600,"Census Tract 0846.00, Kings County, New York",36,47,Kings,84600,1899,305,70795,15730,0,True,0.0
36047084800,"Census Tract 0848.00, Kings County, New York",36,47,Kings,84800,1594,293,81975,16412,1,True,62.73525721455457
36047085000,"Census Tract 0850.00, Kings County, New York",36,47,Kings,85000,1609,417,69432,38894,0,True,0.0
36047085200,"Census Tract 0852.00, Kings County, New York",36,47,Kings,85200,24,34,-666666666,-222222222,0,False,0.0
36047085400,"Census Tract 0854.00, Kings County, New York",36,47,Kings,85400,1994,314,63472,8525,1,True,50.150451354062184
36047085600,"Census Tract 0856.00, Kings County, New York",36,47,Kings,85600,3649,680,65523,12582,0,True,0.0
36047085800,"Census Tract 0858.00, Kings County, New York",36,47,Kings,85800,2049,429,63507,8643,1,True,48.80429477794046
36047086000,"Census Tract 0860.00, Kings County, New York",36,47,Kings,86000,3480,581,64265,17543,2,True,57.47126436781609
36047086200,"Census Tract 0862.00, Kings County, New York",36,47,Kings,86200,2832,454,46620,8736,1,True,35.31073446327684
36047086400,"Census Tract 0864.00, Kings County, New York",36,47,Kings,86400,2517,494,66058,30682,1,True,39.729837107667855
36047086600,"Census Tract 0866.00, Kings County, New York",36,47,Kings,86600,3106,599,65453,13861,1,True,32.19575016097875
36047086800,"Census Tract 0868.00, Kings County, New York",36,47,Kings,86800,3531,591,39186,16199,1,True,28.32058906825262
36047087000,"Census Tract 0870.00, Kings County, New York",36,47,Kings,87000,2950,604,44239,14044,3,True,101.69491525423729
36047087200,"Census Tract 0872.00, Kings County, New York",36,47,Kings,87200,2836,551,55906,9518,2,True,70.52186177715092
36047087401,"Census Tract 0874.01, Kings County, New York",36,47,Kings,87401,3982,648,53237,10118,0,True,0.0
36047087600,"Census Tract 0876.00, Kings County, New York",36,47,Kings,87600,1770,411,40335,7535,1,True,56.49717514124294
36047087800,"Census Tract 0878.00, Kings County, New York",36,47,Kings,87800,2296,329,54509,15393,1,True,43.55400696864111
36047088001,"Census Tract 0880.01, Kings County, New York",36,47,Kings,88001,1887,638,37262,18711,0,True,0.0
36047088002,"Census Tract 0880.02, Kings County, New York",36,47,Kings,88002,1225,435,84000,46599,1,True,81.63265306122449
36047088200,"Census Tract 0882.00, Kings County, New York",36,47,Kings,88200,6152,1139,46989,11626,3,True,48.764629388816644
36047088400,"Census Tract 0884.00, Kings County, New York",36,47,Kings,88400,4707,1542,44893,14038,6,True,127.46972594008922
36047088600,"Census Tract 0886.00, Kings County, New York",36,47,Kings,88600,3873,854,35606,18104,2,True,51.63955589981926
36047088800,"Census Tract 0888.00, Kings County, New York",36,47,Kings,88800,4060,720,44912,10282,2,True,49.26108374384236
36047089000,"Census Tract 0890.00, Kings County, New York",36,47,Kings,89000,5789,1192,52841,7002,3,True,51.822421834513726
36047089200,"Census Tract 0892.00, Kings County, New York",36,47,Kings,89200,3224,872,22551,14959,2,True,62.03473945409429
36047089400,"Census Tract 0894.00, Kings County, New York",36,47,Kings,89400,3245,801,43880,7302,5,True,154.08320493066256
36047089600,"Census Tract 0896.00, Kings County, New York",36,47,Kings,89600,3041,535,24234,16463,5,True,164.4195988161789
36047089800,"Census Tract 0898.00, Kings County, New York",36,47,Kings,89800,1907,520,64444,28194,2,True,104.8767697954903
36047090000,"Census Tract 0900.00, Kings County, New York",36,47,Kings,90000,4158,898,32872,9986,4,True,96.2000962000962
36047090200,"Census Tract 0902.00, Kings County, New York",36,47,Kings,90200,3149,910,31761,20482,2,True,63.51222610352493
36047090600,"Census Tract 0906.00, Kings County, New York",36,47,Kings,90600,3311,575,16619,7159,12,True,362.42826940501357
36047090800,"Census Tract 0908.00, Kings County, New York",36,47,Kings,90800,5408,1457,12234,9423,9,True,166.42011834319527
36047091000,"Census Tract 0910.00, Kings County, New York",36,47,Kings,91000,4199,709,13128,3107,3,True,71.44558228149559
36047091200,"Census Tract 0912.00, Kings County, New York",36,47,Kings,91200,5549,1128,16052,4901,9,True,162.19138583528564
36047091600,"Census Tract 0916.00, Kings County, New York",36,47,Kings,91600,3196,430,18507,8231,6,True,187.73466833541926
36047091800,"Census Tract 0918.00, Kings County, New York",36,47,Kings,91800,2168,334,31786,14092,1,True,46.125461254612546
36047092000,"Census Tract 0920.00, Kings County, New York",36,47,Kings,92000,2227,575,33550,3808,4,True,179.61383026493039
36047092200,"Census Tract 0922.00, Kings County, New York",36,47,Kings,92200,2390,504,40875,20211,1,True,41.84100418410041
36047092400,"Census Tract 0924.00, Kings County, New York",36,47,Kings,92400,2176,501,27114,5849,8,True,367.6470588235294
36047092800,"Census Tract 0928.00, Kings County, New York",36,47,Kings,92800,2764,556,70365,16131,4,True,144.7178002894356
36047093000,"Census Tract 0930.00, Kings County, New York",36,47,Kings,93000,3107,388,82539,13689,0,True,0.0
36047093200,"Census Tract 0932.00, Kings County, New York",36,47,Kings,93200,1037,184,48833,11749,0,True,0.0
36047093400,"Census Tract 0934.00, Kings County, New York",36,47,Kings,93400,2495,344,67339,16497,1,True,40.08016032064128
36047093600,"Census Tract 0936.00, Kings County, New York",36,47,Kings,93600,1596,267,65363,11161,0,True,0.0
36047093800,"Census Tract 0938.00, Kings County, New York",36,47,Kings,93800,2556,435,80185,14234,0,True,0.0
36047094401,"Census Tract 0944.01, Kings County, New York",36,47,Kings,94401,3378,540,74688,29498,1,True,29.603315571343988
36047094402,"Census Tract 0944.02, Kings County, New York",36,47,Kings,94402,3127,554,25313,7215,4,True,127.91813239526704
36047094600,"Census Tract 0946.00, Kings County, New York",36,47,Kings,94600,2103,443,79242,21143,2,True,95.10223490252021
36047095000,"Census Tract 0950.00, Kings County, New York",36,47,Kings,95000,2442,310,82383,23729,2,True,81.9000819000819
36047095400,"Census Tract 0954.00, Kings County, New York",36,47,Kings,95400,4082,679,85341,22275,3,True,73.49338559529642
36047095600,"Census Tract 0956.00, Kings County, New York",36,47,Kings,95600,4434,664,71905,11879,1,True,22.552999548940008
36047095800,"Census Tract 0958.00, Kings County, New York",36,47,Kings,95800,3109,553,62083,16978,2,True,64.3293663557414
36047096000,"Census Tract 0960.00, Kings County, New York",36,47,Kings,96000,0,12,-666666666,-222222222,0,False,
36047096200,"Census Tract 0962.00, Kings County, New York",36,47,Kings,96200,1833,533,83221,26868,1,True,54.55537370430987
36047096400,"Census Tract 0964.00, Kings County, New York",36,47,Kings,96400,2034,368,78105,29322,0,True,0.0
36047096600,"Census Tract 0966.00, Kings County, New York",36,47,Kings,96600,2759,473,62679,19027,0,True,0.0
36047096800,"Census Tract 0968.00, Kings County, New York",36,47,Kings,96800,1549,331,87745,18229,1,True,64.55777921239509
36047097000,"Census Tract 0970.00, Kings County, New York",36,47,Kings,97000,2713,413,91635,20246,0,True,0.0
36047097400,"Census Tract 0974.00, Kings County, New York",36,47,Kings,97400,2723,512,75607,15408,5,True,183.6210062431142
36047098200,"Census Tract 0982.00, Kings County, New York",36,47,Kings,98200,4532,786,23667,4164,4,True,88.261253309797
36047098400,"Census Tract 0984.00, Kings County, New York",36,47,Kings,98400,2163,326,89779,21118,1,True,46.23208506703652
36047098600,"Census Tract 0986.00, Kings County, New York",36,47,Kings,98600,2664,444,85417,12301,0,True,0.0
36047098800,"Census Tract 0988.00, Kings County, New York",36,47,Kings,98800,3328,529,84286,16371,0,True,0.0
36047099000,"Census Tract 0990.00, Kings County, New York",36,47,Kings,99000,1697,316,88011,17221,3,True,176.78255745433117
36047099200,"Census Tract 0992.00, Kings County, New York",36,47,Kings,99200,2266,434,79605,18504,1,True,44.1306266548985
36047099400,"Census Tract 0994.00, Kings County, New York",36,47,Kings,99400,1996,335,94563,15902,0,True,0.0
36047099600,"Census Tract 0996.00, Kings County, New York",36,47,Kings,99600,3762,804,71579,6122,0,True,0.0
36047099800,"Census Tract 0998.00, Kings County, New York",36,47,Kings,99800,3624,613,76344,14204,0,True,0.0
36047100400,"Census Tract 1004.00, Kings County, New York",36,47,Kings,100400,2642,496,70769,19294,0,True,0.0
36047100600,"Census Tract 1006.00, Kings County, New York",36,47,Kings,100600,2737,387,98083,8101,1,True,36.53635367190354
36047100800,"Census Tract 1008.00, Kings County, New York",36,47,Kings,100800,2091,413,95721,23111,2,True,95.64801530368246
36047101000,"Census Tract 1010.00, Kings County, New York",36,47,Kings,101000,2376,371,56026,27525,2,True,84.17508417508417
36047101200,"Census Tract 1012.00, Kings County, New York",36,47,Kings,101200,2261,357,64068,14766,1,True,44.22821760283061
36047101400,"Census Tract 1014.00, Kings County, New York",36,47,Kings,101400,2143,357,72000,28278,0,True,0.0
36047101600,"Census Tract 1016.00, Kings County, New York",36,47,Kings,101600,1599,321,95357,26747,0,True,0.0
36047101800,"Census Tract 1018.00, Kings County, New York",36,47,Kings,101800,2228,423,83025,9362,1,True,44.88330341113106
36047102000,"Census Tract 1020.00, Kings County, New York",36,47,Kings,102000,2285,406,117181,11525,0,True,0.0
36047102200,"Census Tract 1022.00, Kings County, New York",36,47,Kings,102200,2157,494,67019,19336,1,True,46.36068613815484
36047102400,"Census Tract 1024.00, Kings County, New York",36,47,Kings,102400,2323,466,89444,23345,0,True,0.0
36047102600,"Census Tract 1026.00, Kings County, New York",36,47,Kings,102600,3001,415,101461,9170,0,True,0.0
36047102801,"Census Tract 1028.01, Kings County, New York",36,47,Kings,102801,1652,334,95809,19768,0,True,0.0
36047102802,"Census Tract 1028.02, Kings County, New York",36,47,Kings,102802,0,12,-666666666,-222222222,0,False,
36047103401,"Census Tract 1034.01, Kings County, New York",36,47,Kings,103401,3873,693,20655,11862,3,True,77.45933384972889
36047103402,"Census Tract 1034.02, Kings County, New York",36,47,Kings,103402,0,12,-666666666,-222222222,0,False,
36047105801,"Census Tract 1058.01, Kings County, New York",36,47,Kings,105801,5847,652,21044,12454,3,True,51.3083632632119
36047105804,"Census Tract 1058.04, Kings County, New York",36,47,Kings,105804,6614,945,34107,6105,2,True,30.23888720895071
36047107001,"Census Tract 1070.01, Kings County, New York",36,47,Kings,107001,2613,323,40915,4106,0,True,0.0
36047107002,"Census Tract 1070.02, Kings County, New York",36,47,Kings,107002,0,12,-666666666,-222222222,0,False,
36047107003,"Census Tract 1070.03, Kings County, New York",36,47,Kings,107003,0,12,-666666666,-222222222,0,False,
36047107800,"Census Tract 1078.00, Kings County, New York",36,47,Kings,107800,4554,777,69120,7909,1,True,21.958717610891526
36047109800,"Census Tract 1098.00, Kings County, New York",36,47,Kings,109800,2450,476,52083,26949,3,True,122.44897959183673
36047110400,"Census Tract 1104.00, Kings County, New York",36,47,Kings,110400,4354,727,38134,14764,4,True,91.86954524575103
36047110600,"Census Tract 1106.00, Kings County, New York",36,47,Kings,110600,4298,694,25203,11063,7,True,162.86644951140065
36047111000,"Census Tract 1110.00, Kings County, New York",36,47,Kings,111000,2891,417,22888,7845,2,True,69.18021445866482
36047111600,"Census Tract 1116.00, Kings County, New York",36,47,Kings,111600,3501,913,49135,37713,2,True,57.12653527563553
36047111800,"Census Tract 1118.00, Kings County, New York",36,47,Kings,111800,3731,964,70207,26626,2,True,53.60493165371214
36047112000,"Census Tract 1120.00, Kings County, New York",36,47,Kings,112000,3242,634,50986,14789,2,True,61.69031462060457
36047112200,"Census Tract 1122.00, Kings County, New York",36,47,Kings,112200,2986,541,21810,16379,3,True,100.46885465505693
36047112400,"Census Tract 1124.00, Kings County, New York",36,47,Kings,112400,3293,651,45559,16794,6,True,182.20467658669907
36047112600,"Census Tract 1126.00, Kings County, New York",36,47,Kings,112600,3469,645,37500,25582,2,True,57.653502450273855
36047112800,"Census Tract 1128.00, Kings County, New York",36,47,Kings,112800,3582,942,-666666666,-222222222,4,False,111.66945840312674
36047113000,"Census Tract 1130.00, Kings County, New York",36,47,Kings,113000,3806,727,48396,7462,2,True,52.54860746190226
36047113200,"Census Tract 1132.00, Kings County, New York",36,47,Kings,113200,1877,423,49321,9941,1,True,53.276505061267976
36047113400,"Census Tract 1134.00, Kings County, New York",36,47,Kings,113400,2797,491,35969,9005,1,True,35.75259206292456
36047114201,"Census Tract 1142.01, Kings County, New York",36,47,Kings,114201,1337,312,29615,24869,1,True,74.79431563201196
36047114202,"Census Tract 1142.02, Kings County, New York",36,47,Kings,114202,3052,694,65491,17432,0,True,0.0
36047114400,"Census Tract 1144.00, Kings County, New York",36,47,Kings,114400,2580,457,63587,15212,4,True,155.03875968992247
36047114600,"Census Tract 1146.00, Kings County, New York",36,47,Kings,114600,2856,708,50917,27842,4,True,140.0560224089636
36047115000,"Census Tract 1150.00, Kings County, New York",36,47,Kings,115000,2717,629,46250,16605,0,True,0.0
36047115200,"Census Tract 1152.00, Kings County, New York",36,47,Kings,115200,3049,829,41847,11389,2,True,65.59527714004591
36047115600,"Census Tract 1156.00, Kings County, New York",36,47,Kings,115600,4181,668,19004,5008,4,True,95.67089213106912
36047115800,"Census Tract 1158.00, Kings County, New York",36,47,Kings,115800,2760,614,36221,24568,2,True,72.46376811594203
36047116000,"Census Tract 1160.00, Kings County, New York",36,47,Kings,116000,2630,601,52120,11322,3,True,114.06844106463879
36047116200,"Census Tract 1162.00, Kings County, New York",36,47,Kings,116200,2706,531,52692,18262,0,True,0.0
36047116400,"Census Tract 1164.00, Kings County, New York",36,47,Kings,116400,3507,747,58750,7166,0,True,0.0
36047116600,"Census Tract 1166.00, Kings County, New York",36,47,Kings,116600,2992,630,61563,16788,1,True,33.42245989304813
36047116800,"Census Tract 1168.00, Kings County, New York",36,47,Kings,116800,2118,396,50170,12934,0,True,0.0
36047117000,"Census Tract 1170.00, Kings County, New York",36,47,Kings,117000,2058,533,16704,11367,4,True,194.3634596695821
36047117201,"Census Tract 1172.01, Kings County, New York",36,47,Kings,117201,2190,360,60208,22239,2,True,91.32420091324201
36047117202,"Census Tract 1172.02, Kings County, New York",36,47,Kings,117202,3991,1256,50048,24038,1,True,25.056376847907792
36047117400,"Census Tract 1174.00, Kings County, New York",36,47,Kings,117400,3914,775,61250,37558,0,True,0.0
36047117601,"Census Tract 1176.01, Kings County, New York",36,47,Kings,117601,3345,711,54118,18002,0,True,0.0
36047117602,"Census Tract 1176.02, Kings County, New York",36,47,Kings,117602,2693,445,52415,10084,2,True,74.26661715558856
36047117800,"Census Tract 1178.00, Kings County, New York",36,47,Kings,117800,1686,470,29366,15502,1,True,59.31198102016608
36047118000,"Census Tract 1180.00, Kings County, New York",36,47,Kings,118000,0,12,-666666666,-222222222,0,False,
36047118201,"Census Tract 1182.01, Kings County, New York",36,47,Kings,118201,2883,568,68493,14453,0,True,0.0
36047118202,"Census Tract 1182.02, Kings County, New York",36,47,Kings,118202,3477,718,57930,26020,0,True,0.0
36047118400,"Census Tract 1184.00, Kings County, New York",36,47,Kings,118400,4817,756,58112,8227,0,True,0.0
36047118600,"Census Tract 1186.00, Kings County, New York",36,47,Kings,118600,2943,484,69250,12223,1,True,33.97893306150187
36047118800,"Census Tract 1188.00, Kings County, New York",36,47,Kings,118800,4758,997,53367,16591,0,True,0.0
36047119000,"Census Tract 1190.00, Kings County, New York",36,47,Kings,119000,2227,528,46333,30169,0,True,0.0
36047119200,"Census Tract 1192.00, Kings County, New York",36,47,Kings,119200,3043,693,-666666666,-222222222,3,False,98.5869208018403
36047119400,"Census Tract 1194.00, Kings County, New York",36,47,Kings,119400,5362,849,45758,12038,7,True,130.54830287206266
36047119600,"Census Tract 1196.00, Kings County, New York",36,47,Kings,119600,4832,648,41781,5179,4,True,82.78145695364239
36047119800,"Census Tract 1198.00, Kings County, New York",36,47,Kings,119800,3175,647,37716,10573,3,True,94.48818897637796
36047120000,"Census Tract 1200.00, Kings County, New York",36,47,Kings,120000,2652,487,42306,19731,0,True,0.0
36047120200,"Census Tract 1202.00, Kings County, New York",36,47,Kings,120200,2078,381,30724,14291,0,True,0.0
36047120801,"Census Tract 1208.01, Kings County, New York",36,47,Kings,120801,5096,998,65048,30795,1,True,19.623233908948198
36047120802,"Census Tract 1208.02, Kings County, New York",36,47,Kings,120802,4138,1139,29438,5683,0,True,0.0
36047120803,"Census Tract 1208.03, Kings County, New York",36,47,Kings,120803,2203,524,87538,44479,0,True,0.0
36047121000,"Census Tract 1210.00, Kings County, New York",36,47,Kings,121000,4203,787,12470,7059,0,True,0.0
36047121400,"Census Tract 1214.00, Kings County, New York",36,47,Kings,121400,4342,682,20154,5350,5,True,115.15430677107322
36047122000,"Census Tract 1220.00, Kings County, New York",36,47,Kings,122000,6091,1033,47615,9320,2,True,32.83533081595797
36047123700,"Census Tract 1237.00, Kings County, New York",36,47,Kings,123700,7133,1276,43365,7499,2,True,28.038693396887705
36047150200,"Census Tract 1502.00, Kings County, New York",36,47,Kings,150200,2608,396,118816,20115,0,True,0.0
36047152200,"Census Tract 1522.00, Kings County, New York",36,47,Kings,152200,3629,619,162050,27261,0,True,0.0
36047990100,"Census Tract 9901.00, Kings County, New York",36,47,Kings,990100,0,12,-666666666,-222222222,0,False,
36061000100,"Census Tract 0001.00, New York County, New York",36,61,New York,100,0,12,-666666666,-222222222,0,False,
36061000201,"Census Tract 0002.01, New York County, New York",36,61,New York,201,2761,1219,30435,16859,0,True,0.0
36061000202,"Census Tract 0002.02, New York County, New York",36,61,New York,202,6908,842,31029,8833,1,True,14.475969889982627
36061000500,"Census Tract 0005.00, New York County, New York",36,61,New York,500,0,12,-666666666,-222222222,0,False,
36061000600,"Census Tract 0006.00, New York County, New York",36,61,New York,600,10628,1674,17398,3684,2,True,18.81821603312006
36061000700,"Census Tract 0007.00, New York County, New York",36,61,New York,700,8500,939,186297,14709,0,True,0.0
36061000800,"Census Tract 0008.00, New York County, New York",36,61,New York,800,9292,916,31741,7770,0,True,0.0
36061000900,"Census Tract 0009.00, New York County, New York",36,61,New York,900,1886,356,180156,42150,1,True,53.022269353128316
36061001001,"Census Tract 0010.01, New York County, New York",36,61,New York,1001,1437,213,84432,18719,0,True,0.0
36061001002,"Census Tract 0010.02, New York County, New York",36,61,New York,1002,5077,947,21408,5258,0,True,0.0
36061001200,"Census Tract 0012.00, New York County, New York",36,61,New York,1200,4258,445,53956,22417,1,True,23.485204321277596
36061001300,"Census Tract 0013.00, New York County, New York",36,61,New York,1300,4690,747,183468,21175,1,True,21.321961620469082
36061001401,"Census Tract 0014.01, New York County, New York",36,61,New York,1401,2999,504,97875,38219,0,True,0.0
36061001402,"Census Tract 0014.02, New York County, New York",36,61,New York,1402,2693,385,35064,20241,0,True,0.0
36061001501,"Census Tract 0015.01, New York County, New York",36,61,New York,1501,8021,1619,103102,27501,0,True,0.0
36061001502,"Census Tract 0015.02, New York County, New York",36,61,New York,1502,7929,750,199952,20804,1,True,12.61193088661874
36061001600,"Census Tract 0016.00, New York County, New York",36,61,New York,1600,7504,1139,60975,17093,0,True,0.0
36061001800,"Census Tract 0018.00, New York County, New York",36,61,New York,1800,7101,1073,51480,22363,0,True,0.0
36061002000,"Census Tract 0020.00, New York County, New York",36,61,New York,2000,4606,684,18750,6455,1,True,21.710811984368217
36061002100,"Census Tract 0021.00, New York County, New York",36,61,New York,2100,6868,907,250001,-333333333,0,True,0.0
36061002201,"Census Tract 0022.01, New York County, New York",36,61,New York,2201,6372,814,25188,8635,0,True,0.0
36061002202,"Census Tract 0022.02, New York County, New York",36,61,New York,2202,2123,469,95938,47280,0,True,0.0
36061002400,"Census Tract 0024.00, New York County, New York",36,61,New York,2400,4171,654,12917,1796,0,True,0.0
36061002500,"Census Tract 0025.00, New York County, New York",36,61,New York,2500,5483,920,21013,5087,0,True,0.0
36061002601,"Census Tract 0026.01, New York County, New York",36,61,New York,2601,3977,755,44250,23577,2,True,50.28916268544129
36061002602,"Census Tract 0026.02, New York County, New York",36,61,New York,2602,3633,547,72422,18129,3,True,82.57638315441783
36061002700,"Census Tract 0027.00, New York County, New York",36,61,New York,2700,1417,282,88750,58572,1,True,70.57163020465774
36061002800,"Census Tract 0028.00, New York County, New York",36,61,New York,2800,6404,902,48692,9659,1,True,15.61524047470331
36061002901,"Census Tract 0029.01, New York County, New York",36,61,New York,2901,1564,589,18906,6705,1,True,63.93861892583121
36061002902,"Census Tract 0029.02, New York County, New York",36,61,New York,2902,4151,731,25409,10561,0,True,0.0
36061003001,"Census Tract 0030.01, New York County, New York",36,61,New York,3001,3727,584,73843,17116,0,True,0.0
36061003002,"Census Tract 0030.02, New York County, New York",36,61,New York,3002,2929,329,80625,27013,0,True,0.0
36061003100,"Census Tract 0031.00, New York County, New York",36,61,New York,3100,2616,265,159861,35834,0,True,0.0
36061003200,"Census Tract 0032.00, New York County, New York",36,61,New York,3200,7873,1337,76931,18965,1,True,12.701638511367968
36061003300,"Census Tract 0033.00, New York County, New York",36,61,New York,3300,5841,834,250001,-333333333,0,True,0.0
36061003400,"Census Tract 0034.00, New York County, New York",36,61,New York,3400,6648,980,82222,19905,1,True,15.042117930204574
36061003601,"Census Tract 0036.01, New York County, New York",36,61,New York,3601,2909,386,48056,14064,0,True,0.0
36061003602,"Census Tract 0036.02, New York County, New York",36,61,New York,3602,3300,539,100556,38400,0,True,0.0
36061003700,"Census Tract 0037.00, New York County, New York",36,61,New York,3700,2746,504,177250,31199,0,True,0.0
36061003800,"Census Tract 0038.00, New York County, New York",36,61,New York,3800,8886,1253,65190,10531,2,True,22.507314877335133
36061003900,"Census Tract 0039.00, New York County, New York",36,61,New York,3900,7132,1040,208844,59793,0,True,0.0
36061004001,"Census Tract 0040.01, New York County, New York",36,61,New York,4001,3599,539,103264,58669,0,True,0.0
36061004002,"Census Tract 0040.02, New York County, New York",36,61,New York,4002,5615,1739,144250,32277,0,True,0.0
36061004100,"Census Tract 0041.00, New York County, New York",36,61,New York,4100,7526,1464,88438,28274,0,True,0.0
36061004200,"Census Tract 0042.00, New York County, New York",36,61,New York,4200,5311,386,133194,34480,0,True,0.0
36061004300,"Census Tract 0043.00, New York County, New York",36,61,New York,4300,3684,491,82188,37311,1,True,27.14440825190011
36061004400,"Census Tract 0044.00, New York County, New York",36,61,New York,4400,16600,1769,106395,17213,0,True,0.0
36061004500,"Census Tract 0045.00, New York County, New York",36,61,New York,4500,1040,210,142368,87234,0,True,0.0
36061004700,"Census Tract 0047.00, New York County, New York",36,61,New York,4700,2423,465,142365,28622,0,True,0.0
36061004800,"Census Tract 0048.00, New York County, New York",36,61,New York,4800,6351,681,159392,16485,0,True,0.0
36061004900,"Census Tract 0049.00, New York County, New York",36,61,New York,4900,4512,705,113871,24327,0,True,0.0
36061005000,"Census Tract 0050.00, New York County, New York",36,61,New York,5000,5072,771,162167,49090,0,True,0.0
36061005200,"Census Tract 0052.00, New York County, New York",36,61,New York,5200,3202,433,161815,41499,0,True,0.0
36061005400,"Census Tract 0054.00, New York County, New York",36,61,New York,5400,4628,510,168171,19371,0,True,0.0
36061005501,"Census Tract 0055.01, New York County, New York",36,61,New York,5501,4734,662,168711,37344,0,True,0.0
36061005502,"Census Tract 0055.02, New York County, New York",36,61,New York,5502,1796,251,118803,12956,0,True,0.0
36061005600,"Census Tract 0056.00, New York County, New York",36,61,New York,5600,4043,807,152356,54952,0,True,0.0
36061005700,"Census Tract 0057.00, New York County, New York",36,61,New York,5700,2887,609,187202,38052,0,True,0.0
36061005800,"Census Tract 0058.00, New York County, New York",36,61,New York,5800,4226,717,164167,96270,1,True,23.6630383341221
36061005900,"Census Tract 0059.00, New York County, New York",36,61,New York,5900,5571,651,142684,34289,1,True,17.95009872554299
36061006000,"Census Tract 0060.00, New York County, New York",36,61,New York,6000,5849,855,170898,34285,0,True,0.0
36061006100,"Census Tract 0061.00, New York County, New York",36,61,New York,6100,4647,657,206375,68645,0,True,0.0
36061006200,"Census Tract 0062.00, New York County, New York",36,61,New York,6200,4355,720,86976,14345,0,True,0.0
36061006300,"Census Tract 0063.00, New York County, New York",36,61,New York,6300,6318,980,153063,26934,0,True,0.0
36061006400,"Census Tract 0064.00, New York County, New York",36,61,New York,6400,7425,823,103591,16386,0,True,0.0
36061006500,"Census Tract 0065.00, New York County, New York",36,61,New York,6500,6112,718,102460,8830,0,True,0.0
36061006600,"Census Tract 0066.00, New York County, New York",36,61,New York,6600,11916,2127,93966,40608,0,True,0.0
36061006700,"Census Tract 0067.00, New York County, New York",36,61,New York,6700,5165,816,113889,23495,0,True,0.0
36061006800,"Census Tract 0068.00, New York County, New York",36,61,New York,6800,7744,1184,138224,21646,0,True,0.0
36061006900,"Census Tract 0069.00, New York County, New York",36,61,New York,6900,2341,365,214063,63905,0,True,0.0
36061007001,"Census Tract 0070.01, New York County, New York",36,61,New York,7001,4035,1433,86441,51787,0,True,0.0
36061007002,"Census Tract 0070.02, New York County, New York",36,61,New York,7002,3779,890,117222,30133,0,True,0.0
36061007100,"Census Tract 0071.00, New York County, New York",36,61,New York,7100,5337,773,169348,40254,0,True,0.0
36061007200,"Census Tract 0072.00, New York County, New York",36,61,New York,7200,7534,1172,138800,39194,1,True,13.273161667109106
36061007300,"Census Tract 0073.00, New York County, New York",36,61,New York,7300,5807,950,141458,34594,0,True,0.0
36061007400,"Census Tract 0074.00, New York County, New York",36,61,New York,7400,4448,544,149519,46274,0,True,0.0
36061007500,"Census Tract 0075.00, New York County, New York",36,61,New York,7500,3467,573,113115,29041,0,True,0.0
36061007600,"Census Tract 0076.00, New York County, New York",36,61,New York,7600,2115,360,102266,39684,0,True,0.0
36061007700,"Census Tract 0077.00, New York County, New York",36,61,New York,7700,5640,575,133594,21605,0,True,0.0
36061007800,"Census Tract 0078.00, New York County, New York",36,61,New York,7800,9810,1344,130144,19745,0,True,0.0
36061007900,"Census Tract 0079.00, New York County, New York",36,61,New York,7900,4370,685,116034,29149,0,True,0.0
36061008000,"Census Tract 0080.00, New York County, New York",36,61,New York,8000,4722,627,135142,24452,0,True,0.0
36061008100,"Census Tract 0081.00, New York County, New York",36,61,New York,8100,7302,1345,142404,42202,1,True,13.694878115584771
36061008200,"Census Tract 0082.00, New York County, New York",36,61,New York,8200,3140,523,154681,35978,1,True,31.84713375796178
36061008300,"Census Tract 0083.00, New York County, New York",36,61,New York,8300,3742,560,53750,27609,0,True,0.0
36061008400,"Census Tract 0084.00, New York County, New York",36,61,New York,8400,1524,370,190208,68908,0,True,0.0
36061008601,"Census Tract 0086.01, New York County, New York",36,61,New York,8601,2899,484,150750,22143,0,True,0.0
36061008602,"Census Tract 0086.02, New York County, New York",36,61,New York,8602,0,12,-666666666,-222222222,0,False,
36061008603,"Census Tract 0086.03, New York County, New York",36,61,New York,8603,4554,833,193561,14680,0,True,0.0
36061008700,"Census Tract 0087.00, New York County, New York",36,61,New York,8700,6347,705,152774,36005,0,True,0.0
36061008800,"Census Tract 0088.00, New York County, New York",36,61,New York,8800,7548,1135,128383,24950,0,True,0.0
36061008900,"Census Tract 0089.00, New York County, New York",36,61,New York,8900,5599,741,106761,48773,0,True,0.0
36061009000,"Census Tract 0090.00, New York County, New York",36,61,New York,9000,7767,1186,137143,26041,0,True,0.0
36061009100,"Census Tract 0091.00, New York County, New York",36,61,New York,9100,6046,788,152946,51893,1,True,16.539861065167052
36061009200,"Census Tract 0092.00, New York County, New York",36,61,New York,9200,1539,271,145345,37413,1,True,64.9772579597141
36061009300,"Census Tract 0093.00, New York County, New York",36,61,New York,9300,9934,1139,85225,24717,1,True,10.066438494060803
36061009400,"Census Tract 0094.00, New York County, New York",36,61,New York,9400,64,34,153365,68632,0,True,0.0
36061009500,"Census Tract 0095.00, New York County, New York",36,61,New York,9500,2985,511,136944,33284,0,True,0.0
36061009600,"Census Tract 0096.00, New York County, New York",36,61,New York,9600,185,68,152917,103300,0,True,0.0
36061009700,"Census Tract 0097.00, New York County, New York",36,61,New York,9700,4490,423,63031,18879,1,True,22.271714922049
36061009800,"Census Tract 0098.00, New York County, New York",36,61,New York,9800,7099,1170,106392,17609,0,True,0.0
36061009901,"Census Tract 0099.01, New York County, New York",36,61,New York,9901,1928,441,250001,-333333333,0,True,0.0
36061009902,"Census Tract 0099.02, New York County, New York",36,61,New York,9902,3039,824,134928,38087,0,True,0.0
36061009903,"Census Tract 0099.03, New York County, New York",36,61,New York,9903,1098,216,159276,67105,0,True,0.0
36061010000,"Census Tract 0100.00, New York County, New York",36,61,New York,10000,1735,414,80691,51042,0,True,0.0
36061010100,"Census Tract 0101.00, New York County, New York",36,61,New York,10100,1457,237,96333,29329,0,True,0.0
36061010200,"Census Tract 0102.00, New York County, New York",36,61,New York,10200,160,111,80951,29826,0,True,0.0
36061010300,"Census Tract 0103.00, New York County, New York",36,61,New York,10300,2300,568,106738,42189,0,True,0.0
36061010400,"Census Tract 0104.00, New York County, New York",36,61,New York,10400,842,189,127845,30178,0,True,0.0
36061010601,"Census Tract 0106.01, New York County, New York",36,61,New York,10601,7238,1482,215594,89656,0,True,0.0
36061010602,"Census Tract 0106.02, New York County, New York",36,61,New York,10602,4591,537,184135,47209,0,True,0.0
36061010801,"Census Tract 0108.01, New York County, New York",36,61,New York,10801,3033,538,153438,55942,0,True,0.0
36061010802,"Census Tract 0108.02, New York County, New York",36,61,New York,10802,4259,1253,133910,17654,0,True,0.0
36061010803,"Census Tract 0108.03, New York County, New York",36,61,New York,10803,2000,485,162813,47648,0,True,0.0
36061010900,"Census Tract 0109.00, New York County, New York",36,61,New York,10900,207,56,171528,37781,0,True,0.0
36061011000,"Census Tract 0110.00, New York County, New York",36,61,New York,11000,7630,1137,146983,17917,0,True,0.0
36061011100,"Census Tract 0111.00, New York County, New York",36,61,New York,11100,4720,648,114383,18190,0,True,0.0
36061011201,"Census Tract 0112.01, New York County, New York",36,61,New York,11201,985,182,192411,78863,0,True,0.0
36061011202,"Census Tract 0112.02, New York County, New York",36,61,New York,11202,441,138,171250,93068,0,True,0.0
36061011203,"Census Tract 0112.03, New York County, New York",36,61,New York,11203,1228,221,159375,43453,0,True,0.0
36061011300,"Census Tract 0113.00, New York County, New York",36,61,New York,11300,102,35,81875,44897,0,True,0.0
36061011401,"Census Tract 0114.01, New York County, New York",36,61,New York,11401,1129,182,250001,-333333333,0,True,0.0
36061011402,"Census Tract 0114.02, New York County, New York",36,61,New York,11402,2087,538,197120,122870,0,True,0.0
36061011500,"Census Tract 0115.00, New York County, New York",36,61,New York,11500,3538,663,129226,38248,3,True,84.79366873940079
36061011600,"Census Tract 0116.00, New York County, New York",36,61,New York,11600,3827,669,85714,37904,0,True,0.0
36061011700,"Census Tract 0117.00, New York County, New York",36,61,New York,11700,4313,626,139797,37314,0,True,0.0
36061011800,"Census Tract 0118.00, New York County, New York",36,61,New York,11800,9054,840,147434,28488,0,True,0.0
36061011900,"Census Tract 0119.00, New York County, New York",36,61,New York,11900,1024,208,18750,9996,0,True,0.0
36061012000,"Census Tract 0120.00, New York County, New York",36,61,New York,12000,3103,566,184444,57250,0,True,0.0
36061012101,"Census Tract 0121.01, New York County, New York",36,61,New York,12101,2926,716,69124,21977,0,True,0.0
36061012102,"Census Tract 0121.02, New York County, New York",36,61,New York,12102,4735,1098,51419,12789,0,True,0.0
36061012200,"Census Tract 0122.00, New York County, New York",36,61,New York,12200,2608,503,221458,53094,0,True,0.0
36061012400,"Census Tract 0124.00, New York County, New York",36,61,New York,12400,10626,1461,133482,28207,0,True,0.0
36061012500,"Census Tract 0125.00, New York County, New York",36,61,New York,12500,2273,332,112205,28230,1,True,43.99472063352398
36061012601,"Census Tract 0126.01, New York County, New York",36,61,New York,12601,6791,1449,90857,14601,0,True,0.0
36061012602,"Census Tract 0126.02, New York County, New York",36,61,New York,12602,5076,1145,170853,5617,0,True,0.0
36061012700,"Census Tract 0127.00, New York County, New York",36,61,New York,12700,6783,956,121713,43855,0,True,0.0
36061012800,"Census Tract 0128.00, New York County, New York",36,61,New York,12800,5029,795,139674,56784,0,True,0.0
36061012901,"Census Tract 0129.01, New York County, New York",36,61,New York,12901,5965,1145,122908,31043,0,True,0.0
36061012902,"Census Tract 0129.02, New York County, New York",36,61,New York,12902,2380,481,85450,13230,0,True,0.0
36061013000,"Census Tract 0130.00, New York County, New York",36,61,New York,13000,3581,580,204485,76059,0,True,0.0
36061013100,"Census Tract 0131.00, New York County, New York",36,61,New York,13100,2563,338,98472,18243,0,True,0.0
36061013201,"Census Tract 0132.01, New York County, New York",36,61,New York,13201,2614,792,121544,61624,0,True,0.0
36061013202,"Census Tract 0132.02, New York County, New York",36,61,New York,13202,3075,1249,61745,47384,0,True,0.0
36061013203,"Census Tract 0132.03, New York County, New York",36,61,New York,13203,4717,1318,107327,54321,0,True,0.0
36061013300,"Census Tract 0133.00, New York County, New York",36,61,New York,13300,6235,712,87225,28963,0,True,0.0
36061013400,"Census Tract 0134.00, New York County, New York",36,61,New York,13400,10759,1490,107672,28299,0,True,0.0
36061013501,"Census Tract 0135.01, New York County, New York",36,61,New York,13501,4609,874,91319,46120,1,True,21.696680407897592
36061013502,"Census Tract 0135.02, New York County, New York",36,61,New York,13502,5129,995,-666666666,-222222222,0,False,0.0
36061013601,"Census Tract 0136.01, New York County, New York",36,61,New York,13601,1849,917,215956,135219,0,True,0.0
36061013602,"Census Tract 0136.02, New York County, New York",36,61,New York,13602,6778,2262,103953,33641,0,True,0.0
36061013603,"Census Tract 0136.03, New York County, New York",36,61,New York,13603,3553,738,100066,20495,0,True,0.0
36061013604,"Census Tract 0136.04, New York County, New York",36,61,New York,13604,4004,925,111964,34239,0,True,0.0
36061013700,"Census Tract 0137.00, New York County, New York",36,61,New York,13700,6428,1188,166194,50869,0,True,0.0
36061013800,"Census Tract 0138.00, New York County, New York",36,61,New York,13800,12448,1910,154332,27741,0,True,0.0
36061013900,"Census Tract 0139.00, New York County, New York",36,61,New York,13900,10593,1242,100153,21376,0,True,0.0
36061014000,"Census Tract 0140.00, New York County, New York",36,61,New York,14000,7245,879,123607,40173,0,True,0.0
36061014200,"Census Tract 0142.00, New York County, New York",36,61,New York,14200,4878,875,185078,59686,0,True,0.0
36061014300,"Census Tract 0143.00, New York County, New York",36,61,New York,14300,1,3,-666666666,-222222222,1,False,100000.0
36061014401,"Census Tract 0144.01, New York County, New York",36,61,New York,14401,4551,779,154893,64920,0,True,0.0
36061014402,"Census Tract 0144.02, New York County, New York",36,61,New York,14402,6630,907,129355,19889,0,True,0.0
36061014500,"Census Tract 0145.00, New York County, New York",36,61,New York,14500,6270,1073,170577,29060,0,True,0.0
36061014601,"Census Tract 0146.01, New York County, New York",36,61,New York,14601,4263,706,113866,22901,0,True,0.0
36061014602,"Census Tract 0146.02, New York County, New York",36,61,New York,14602,8006,946,109823,14188,0,True,0.0
36061014700,"Census Tract 0147.00, New York County, New York",36,61,New York,14700,3162,518,203264,23086,1,True,31.625553447185325
36061014801,"Census Tract 0148.01, New York County, New York",36,61,New York,14801,2724,420,164643,23151,0,True,0.0
36061014802,"Census Tract 0148.02, New York County, New York",36,61,New York,14802,6735,1023,125927,25754,0,True,0.0
36061014900,"Census Tract 0149.00, New York County, New York",36,61,New York,14900,5156,633,150703,19497,0,True,0.0
36061015001,"Census Tract 0150.01, New York County, New York",36,61,New York,15001,2159,355,196771,46147,0,True,0.0
36061015002,"Census Tract 0150.02, New York County, New York",36,61,New York,15002,4545,604,250001,-333333333,0,True,0.0
36061015101,"Census Tract 0151.01, New York County, New York",36,61,New York,15101,3806,699,41530,26445,3,True,78.8229111928534
36061015102,"Census Tract 0151.02, New York County, New York",36,61,New York,15102,6783,1600,140420,58496,0,True,0.0
36061015200,"Census Tract 0152.00, New York County, New York",36,61,New York,15200,7576,905,94345,31810,0,True,0.0
36061015301,"Census Tract 0153.01, New York County, New York",36,61,New York,15301,4186,868,127705,33083,0,True,0.0
36061015302,"Census Tract 0153.02, New York County, New York",36,61,New York,15302,5614,879,145352,28091,0,True,0.0
36061015401,"Census Tract 0154.01, New York County, New York",36,61,New York,15401,5541,1448,102092,22647,0,True,0.0
36061015402,"Census Tract 0154.02, New York County, New York",36,61,New York,15402,4516,1220,115123,24182,0,True,0.0
36061015403,"Census Tract 0154.03, New York County, New York",36,61,New York,15403,4483,1041,92129,52864,0,True,0.0
36061015501,"Census Tract 0155.01, New York County, New York",36,61,New York,15501,5150,1156,183693,46955,0,True,0.0
36061015502,"Census Tract 0155.02, New York County, New York",36,61,New York,15502,5032,984,122671,27539,0,True,0.0
36061015601,"Census Tract 0156.01, New York County, New York",36,61,New York,15601,5077,512,93015,22545,1,True,19.696671262556627
36061015602,"Census Tract 0156.02, New York County, New York",36,61,New York,15602,2282,335,75125,30766,1,True,43.821209465381244
36061015700,"Census Tract 0157.00, New York County, New York",36,61,New York,15700,9814,1446,137048,17255,0,True,0.0
36061015801,"Census Tract 0158.01, New York County, New York",36,61,New York,15801,4532,635,159375,34937,0,True,0.0
36061015802,"Census Tract 0158.02, New York County, New York",36,61,New York,15802,4465,494,91439,19734,0,True,0.0
36061015900,"Census Tract 0159.00, New York County, New York",36,61,New York,15900,9272,1367,165189,31230,0,True,0.0
36061016001,"Census Tract 0160.01, New York County, New York",36,61,New York,16001,3290,471,250001,-333333333,0,True,0.0
36061016002,"Census Tract 0160.02, New York County, New York",36,61,New York,16002,3515,828,115500,26705,0,True,0.0
36061016100,"Census Tract 0161.00, New York County, New York",36,61,New York,16100,6572,689,126350,23752,0,True,0.0
36061016200,"Census Tract 0162.00, New York County, New York",36,61,New York,16200,9377,1375,26406,13954,7,True,74.65074117521596
36061016300,"Census Tract 0163.00, New York County, New York",36,61,New York,16300,7528,1540,124821,29928,0,True,0.0
36061016400,"Census Tract 0164.00, New York County, New York",36,61,New York,16400,7547,992,28065,11448,7,True,92.75208692195575
36061016500,"Census Tract 0165.00, New York County, New York",36,61,New York,16500,6674,858,184691,34650,0,True,0.0
36061016600,"Census Tract 0166.00, New York County, New York",36,61,New York,16600,6002,865,47778,20611,1,True,16.661112962345886
36061016700,"Census Tract 0167.00, New York County, New York",36,61,New York,16700,6058,697,203711,23417,0,True,0.0
36061016800,"Census Tract 0168.00, New York County, New York",36,61,New York,16800,5189,785,27222,12216,1,True,19.27153594141453
36061016900,"Census Tract 0169.00, New York County, New York",36,61,New York,16900,8272,1139,131097,21264,0,True,0.0
36061017000,"Census Tract 0170.00, New York County, New York",36,61,New York,17000,8100,1104,37367,8527,1,True,12.345679012345679
36061017100,"Census Tract 0171.00, New York County, New York",36,61,New York,17100,9168,1592,143036,47481,0,True,0.0
36061017200,"Census Tract 0172.00, New York County, New York",36,61,New York,17200,5120,921,32828,22924,4,True,78.125
36061017300,"Census Tract 0173.00, New York County, New York",36,61,New York,17300,7868,1370,106992,37267,0,True,0.0
36061017401,"Census Tract 0174.01, New York County, New York",36,61,New York,17401,4531,669,30770,7636,3,True,66.21054954756124
36061017402,"Census Tract 0174.02, New York County, New York",36,61,New York,17402,2661,412,52188,13725,3,True,112.73957158962796
36061017500,"Census Tract 0175.00, New York County, New York",36,61,New York,17500,10750,1672,143609,39724,1,True,9.302325581395348
36061017700,"Census Tract 0177.00, New York County, New York",36,61,New York,17700,9437,2467,101250,37854,2,True,21.19317579739324
36061017800,"Census Tract 0178.00, New York County, New York",36,61,New York,17800,4278,757,59881,15609,0,True,0.0
36061017900,"Census Tract 0179.00, New York County, New York",36,61,New York,17900,8916,2120,114939,17926,1,True,11.215791834903543
36061018000,"Census Tract 0180.00, New York County, New York",36,61,New York,18000,6324,989,22326,10014,4,True,63.25110689437065
36061018100,"Census Tract 0181.00, New York County, New York",36,61,New York,18100,8859,1421,95620,12671,0,True,0.0
36061018200,"Census Tract 0182.00, New York County, New York",36,61,New York,18200,7434,861,31480,13263,5,True,67.25854183481302
36061018300,"Census Tract 0183.00, New York County, New York",36,61,New York,18300,7963,1533,150000,62239,0,True,0.0
36061018400,"Census Tract 0184.00, New York County, New York",36,61,New York,18400,7387,951,24007,6534,3,True,40.6118857452281
36061018500,"Census Tract 0185.00, New York County, New York",36,61,New York,18500,4756,775,148984,58286,0,True,0.0
36061018600,"Census Tract 0186.00, New York County, New York",36,61,New York,18600,6282,999,37023,10457,3,True,47.75549188156638
36061018700,"Census Tract 0187.00, New York County, New York",36,61,New York,18700,9524,2154,137179,18451,1,True,10.499790004199916
36061018800,"Census Tract 0188.00, New York County, New York",36,61,New York,18800,4888,893,30000,12685,3,True,61.37479541734861
36061018900,"Census Tract 0189.00, New York County, New York",36,61,New York,18900,11014,1306,32284,9866,1,True,9.079353550027237
36061019000,"Census Tract 0190.00, New York County, New York",36,61,New York,19000,3790,441,72692,20206,0,True,0.0
36061019100,"Census Tract 0191.00, New York County, New York",36,61,New York,19100,9124,1233,131132,28760,1,True,10.960105217010083
36061019200,"Census Tract 0192.00, New York County, New York",36,61,New York,19200,4259,613,16593,4518,3,True,70.4390702042733
36061019300,"Census Tract 0193.00, New York County, New York",36,61,New York,19300,9896,1733,50250,26012,2,True,20.21018593371059
36061019400,"Census Tract 0194.00, New York County, New York",36,61,New York,19400,5982,769,20846,11143,0,True,0.0
36061019500,"Census Tract 0195.00, New York County, New York",36,61,New York,19500,7226,982,87083,15114,0,True,0.0
36061019600,"Census Tract 0196.00, New York County, New York",36,61,New York,19600,4297,592,18066,3038,2,True,46.54410053525716
36061019701,"Census Tract 0197.01, New York County, New York",36,61,New York,19701,655,172,31111,14382,0,True,0.0
36061019702,"Census Tract 0197.02, New York County, New York",36,61,New York,19702,2720,452,83854,37676,0,True,0.0
36061019800,"Census Tract 0198.00, New York County, New York",36,61,New York,19800,2433,655,85083,36520,1,True,41.10152075626798
36061019900,"Census Tract 0199.00, New York County, New York",36,61,New York,19900,8344,902,87453,29936,0,True,0.0
36061020000,"Census Tract 0200.00, New York County, New York",36,61,New York,20000,3324,506,62194,21400,0,True,0.0
36061020101,"Census Tract 0201.01, New York County, New York",36,61,New York,20101,1759,177,155250,47343,0,True,0.0
36061020102,"Census Tract 0201.02, New York County, New York",36,61,New York,20102,4044,522,90375,22346,3,True,74.1839762611276
36061020300,"Census Tract 0203.00, New York County, New York",36,61,New York,20300,3834,421,56419,9964,0,True,0.0
36061020500,"Census Tract 0205.00, New York County, New York",36,61,New York,20500,5287,493,150347,62244,0,True,0.0
36061020600,"Census Tract 0206.00, New York County, New York",36,61,New York,20600,3405,602,41783,14463,2,True,58.737151248164466
36061020701,"Census Tract 0207.01, New York County, New York",36,61,New York,20701,2825,378,62848,13538,0,True,0.0
36061020800,"Census Tract 0208.00, New York County, New York",36,61,New York,20800,5686,903,91780,33007,0,True,0.0
36061020901,"Census Tract 0209.01, New York County, New York",36,61,New York,20901,3498,688,30380,15493,1,True,28.58776443682104
36061021000,"Census Tract 0210.00, New York County, New York",36,61,New York,21000,6943,768,33409,14473,0,True,0.0
36061021100,"Census Tract 0211.00, New York County, New York",36,61,New York,21100,10709,1213,64328,20988,3,True,28.01382015127463
36061021200,"Census Tract 0212.00, New York County, New York",36,61,New York,21200,4160,584,67483,26016,0,True,0.0
36061021303,"Census Tract 0213.03, New York County, New York",36,61,New York,21303,6307,810,55096,17223,2,True,31.710797526557794
36061021400,"Census Tract 0214.00, New York County, New York",36,61,New York,21400,3143,342,60335,4270,0,True,0.0
36061021500,"Census Tract 0215.00, New York County, New York",36,61,New York,21500,4277,521,47241,9567,1,True,23.380874444704233
36061021600,"Census Tract 0216.00, New York County, New York",36,61,New York,21600,9267,1238,66506,18026,4,True,43.163914967087514
36061021703,"Census Tract 0217.03, New York County, New York",36,61,New York,21703,11,14,-666666666,-222222222,3,False,27272.727272727272
36061021800,"Census Tract 0218.00, New York County, New York",36,61,New York,21800,6198,1008,50156,26227,3,True,48.4027105517909
36061021900,"Census Tract 0219.00, New York County, New York",36,61,New York,21900,6121,922,23536,6778,2,True,32.674399607907205
36061022000,"Census Tract 0220.00, New York County, New York",36,61,New York,22000,6503,831,90239,23523,3,True,46.13255420575119
36061022102,"Census Tract 0221.02, New York County, New York",36,61,New York,22102,2690,501,104688,36264,0,True,0.0
36061022200,"Census Tract 0222.00, New York County, New York",36,61,New York,22200,3479,513,55846,12262,2,True,57.48778384593274
36061022301,"Census Tract 0223.01, New York County, New York",36,61,New York,22301,8102,1177,53573,14326,2,True,24.685262898049864
36061022302,"Census Tract 0223.02, New York County, New York",36,61,New York,22302,3067,368,31500,20790,0,True,0.0
36061022400,"Census Tract 0224.00, New York County, New York",36,61,New York,22400,7363,1020,47266,12635,3,True,40.74426184978949
36061022500,"Census Tract 0225.00, New York County, New York",36,61,New York,22500,10897,1740,52441,14665,2,True,18.35367532348353
36061022600,"Census Tract 0226.00, New York County, New York",36,61,New York,22600,4704,776,52333,8468,5,True,106.29251700680273
36061022700,"Census Tract 0227.00, New York County, New York",36,61,New York,22700,5321,648,62566,21761,0,True,0.0
36061022800,"Census Tract 0228.00, New York County, New York",36,61,New York,22800,6106,766,72784,16907,4,True,65.50933508024893
36061022900,"Census Tract 0229.00, New York County, New York",36,61,New York,22900,9075,1340,54442,14503,3,True,33.057851239669425
36061023000,"Census Tract 0230.00, New York County, New York",36,61,New York,23000,8589,1069,35225,9276,6,True,69.85679357317498
36061023100,"Census Tract 0231.00, New York County, New York",36,61,New York,23100,6750,1231,52280,7716,0,True,0.0
36061023200,"Census Tract 0232.00, New York County, New York",36,61,New York,23200,9518,1665,39091,6939,5,True,52.532044547173776
36061023300,"Census Tract 0233.00, New York County, New York",36,61,New York,23300,6974,1167,72135,18717,1,True,14.338973329509606
36061023400,"Census Tract 0234.00, New York County, New York",36,61,New York,23400,4945,772,57873,11418,0,True,0.0
36061023501,"Census Tract 0235.01, New York County, New York",36,61,New York,23501,6751,1104,69275,9617,2,True,29.625240705080728
36061023502,"Census Tract 0235.02, New York County, New York",36,61,New York,23502,1845,361,47171,20428,3,True,162.60162601626016
36061023600,"Census Tract 0236.00, New York County, New York",36,61,New York,23600,7679,1099,41653,10651,1,True,13.02252897512697
36061023700,"Census Tract 0237.00, New York County, New York",36,61,New York,23700,6439,875,55164,17097,1,True,15.530361857431279
36061023802,"Census Tract 0238.02, New York County, New York",36,61,New York,23802,6219,623,108140,21454,1,True,16.079755587715066
36061023803,"Census Tract 0238.03, New York County, New York",36,61,New York,23803,3021,378,77227,18306,0,True,0.0
36061023804,"Census Tract 0238.04, New York County, New York",36,61,New York,23804,3530,584,148179,26101,0,True,0.0
36061023900,"Census Tract 0239.00, New York County, New York",36,61,New York,23900,3122,551,36690,4692,0,True,0.0
36061024000,"Census Tract 0240.00, New York County, New York",36,61,New York,24000,1860,542,-666666666,-222222222,0,False,0.0
36061024100,"Census Tract 0241.00, New York County, New York",36,61,New York,24100,8177,1243,54829,9487,0,True,0.0
36061024200,"Census Tract 0242.00, New York County, New York",36,61,New York,24200,5152,887,34795,3673,5,True,97.04968944099379
36061024301,"Census Tract 0243.01, New York County, New York",36,61,New York,24301,5192,935,66510,10595,1,True,19.26040061633282
36061024302,"Census Tract 0243.02, New York County, New York",36,61,New York,24302,7225,773,23506,5538,3,True,41.52249134948097
36061024500,"Census Tract 0245.00, New York County, New York",36,61,New York,24500,14089,1668,43084,4135,1,True,7.0977358222726945
36061024700,"Census Tract 0247.00, New York County, New York",36,61,New York,24700,7170,1166,57298,25689,1,True,13.94700139470014
36061024900,"Census Tract 0249.00, New York County, New York",36,61,New York,24900,957,191,62986,23022,0,True,0.0
36061025100,"Census Tract 0251.00, New York County, New York",36,61,New York,25100,2779,388,39196,17342,1,True,35.98416696653472
36061025300,"Census Tract 0253.00, New York County, New York",36,61,New York,25300,12515,2062,60502,4387,1,True,7.990411506192569
36061025500,"Census Tract 0255.00, New York County, New York",36,61,New York,25500,6173,1139,83358,27931,0,True,0.0
36061025700,"Census Tract 0257.00, New York County, New York",36,61,New York,25700,4738,673,80375,18336,1,True,21.105951878429718
36061025900,"Census Tract 0259.00, New York County, New York",36,61,New York,25900,3642,586,73723,17419,5,True,137.28720483250962
36061026100,"Census Tract 0261.00, New York County, New York",36,61,New York,26100,11981,1874,51646,15165,2,True,16.693097404223355
36061026300,"Census Tract 0263.00, New York County, New York",36,61,New York,26300,9116,1178,50056,14195,2,True,21.93944712593243
36061026500,"Census Tract 0265.00, New York County, New York",36,61,New York,26500,7618,1028,85431,7378,0,True,0.0
36061026700,"Census Tract 0267.00, New York County, New York",36,61,New York,26700,1966,309,57847,21918,0,True,0.0
36061026900,"Census Tract 0269.00, New York County, New York",36,61,New York,26900,9586,1278,53899,10468,1,True,10.431879824744419
36061027100,"Census Tract 0271.00, New York County, New York",36,61,New York,27100,8916,1353,76563,19592,1,True,11.215791834903543
36061027300,"Census Tract 0273.00, New York County, New York",36,61,New York,27300,7111,1048,101036,9114,0,True,0.0
36061027500,"Census Tract 0275.00, New York County, New York",36,61,New York,27500,3079,397,119022,16529,0,True,0.0
36061027700,"Census Tract 0277.00, New York County, New York",36,61,New York,27700,6659,908,21525,12292,2,True,30.03453972067878
36061027900,"Census Tract 0279.00, New York County, New York",36,61,New York,27900,11988,1263,48513,9816,2,True,16.683350016683352
36061028100,"Census Tract 0281.00, New York County, New York",36,61,New York,28100,3283,374,91809,16881,0,True,0.0
36061028300,"Census Tract 0283.00, New York County, New York",36,61,New York,28300,8026,1392,61625,6503,0,True,0.0
36061028500,"Census Tract 0285.00, New York County, New York",36,61,New York,28500,8408,1275,51389,8532,1,True,11.893434823977165
36061028700,"Census Tract 0287.00, New York County, New York",36,61,New York,28700,4191,636,63163,14627,0,True,0.0
36061029100,"Census Tract 0291.00, New York County, New York",36,61,New York,29100,12148,1548,49804,6699,5,True,41.15903852486006
36061029300,"Census Tract 0293.00, New York County, New York",36,61,New York,29300,9559,1274,52171,14336,4,True,41.84538131603724
36061029500,"Census Tract 0295.00, New York County, New York",36,61,New York,29500,7905,865,77384,8872,0,True,0.0
36061029700,"Census Tract 0297.00, New York County, New York",36,61,New York,29700,21,11,-666666666,-222222222,1,False,4761.9047619047615
36061029900,"Census Tract 0299.00, New York County, New York",36,61,New York,29900,3507,479,20926,9777,2,True,57.02879954376961
36061030300,"Census Tract 0303.00, New York County, New York",36,61,New York,30300,4298,508,81528,11891,1,True,23.26663564448581
36061030700,"Census Tract 0307.00, New York County, New York",36,61,New York,30700,4033,576,96250,11027,0,True,0.0
36061030900,"Census Tract 0309.00, New York County, New York",36,61,New York,30900,11190,1533,33475,9704,2,True,17.873100983020553
36061031100,"Census Tract 0311.00, New York County, New York",36,61,New York,31100,0,12,-666666666,-222222222,0,False,
36061031703,"Census Tract 0317.03, New York County, New York",36,61,New York,31703,6086,908,250001,-333333333,0,True,0.0
36061031704,"Census Tract 0317.04, New York County, New York",36,61,New York,31704,10083,1363,184087,33635,0,True,0.0
36061031900,"Census Tract 0319.00, New York County, New York",36,61,New York,31900,0,12,-666666666,-222222222,0,False,
36081000101,"Census Tract 0001.01, Queens County, New York",36,81,Queens,101,4809,935,150208,47696,2,True,41.58868787689748
36081000102,"Census Tract 0001.02, Queens County, New York",36,81,Queens,102,5117,943,186875,24547,0,True,0.0
36081000103,"Census Tract 0001.03, Queens County, New York",36,81,Queens,103,0,12,-666666666,-222222222,0,False,
36081000104,"Census Tract 0001.04, Queens County, New York",36,81,Queens,104,225,196,-666666666,-222222222,1,False,444.44444444444446
36081000200,"Census Tract 0002.00, Queens County, New York",36,81,Queens,200,2638,408,72500,23354,0,True,0.0
36081000400,"Census Tract 0004.00, Queens County, New York",36,81,Queens,400,4280,999,69148,7420,0,True,0.0
36081000600,"Census Tract 0006.00, Queens County, New York",36,81,Queens,600,4039,722,95921,18487,0,True,0.0
36081000701,"Census Tract 0007.01, Queens County, New York",36,81,Queens,701,2694,480,151771,40757,2,True,74.23904974016332
36081000702,"Census Tract 0007.02, Queens County, New York",36,81,Queens,702,3205,657,110159,24113,0,True,0.0
36081000800,"Census Tract 0008.00, Queens County, New York",36,81,Queens,800,3146,436,69643,21733,2,True,63.57279084551812
36081001000,"Census Tract 0010.00, Queens County, New York",36,81,Queens,1000,4470,789,100343,15466,0,True,0.0
36081001200,"Census Tract 0012.00, Queens County, New York",36,81,Queens,1200,3615,566,83113,20874,0,True,0.0
36081001400,"Census Tract 0014.00, Queens County, New York",36,81,Queens,1400,4080,771,72455,10319,1,True,24.509803921568626
36081001600,"Census Tract 0016.00, Queens County, New York",36,81,Queens,1600,2318,520,83663,7363,0,True,0.0
36081001800,"Census Tract 0018.00, Queens County, New York",36,81,Queens,1800,2599,579,85163,31402,0,True,0.0
36081001901,"Census Tract 0019.01, Queens County, New York",36,81,Queens,1901,996,311,151705,58798,0,True,0.0
36081001902,"Census Tract 0019.02, Queens County, New York",36,81,Queens,1902,3376,506,130610,26881,0,True,0.0
36081001903,"Census Tract 0019.03, Queens County, New York",36,81,Queens,1903,1514,274,145526,35490,1,True,66.05019815059445
36081002000,"Census Tract 0020.00, Queens County, New York",36,81,Queens,2000,1577,321,93264,18785,0,True,0.0
36081002200,"Census Tract 0022.00, Queens County, New York",36,81,Queens,2200,2226,357,68583,25772,1,True,44.923629829290206
36081002400,"Census Tract 0024.00, Queens County, New York",36,81,Queens,2400,2295,532,72563,23773,0,True,0.0
36081002500,"Census Tract 0025.00, Queens County, New York",36,81,Queens,2500,6637,1158,19036,5515,7,True,105.46933855657677
36081002600,"Census Tract 0026.00, Queens County, New York",36,81,Queens,2600,2133,361,112425,16663,0,True,0.0
36081002800,"Census Tract 0028.00, Queens County, New York",36,81,Queens,2800,3454,551,69836,10234,0,True,0.0
36081003000,"Census Tract 0030.00, Queens County, New York",36,81,Queens,3000,1609,489,74250,24690,0,True,0.0
36081003100,"Census Tract 0031.00, Queens County, New York",36,81,Queens,3100,1125,173,99531,30741,0,True,0.0
36081003200,"Census Tract 0032.00, Queens County, New York",36,81,Queens,3200,1783,326,-666666666,-222222222,0,False,0.0
36081003301,"Census Tract 0033.01, Queens County, New York",36,81,Queens,3301,2370,522,136116,7236,0,True,0.0
36081003302,"Census Tract 0033.02, Queens County, New York",36,81,Queens,3302,1214,210,41016,22681,1,True,82.37232289950576
36081003400,"Census Tract 0034.00, Queens County, New York",36,81,Queens,3400,2545,402,69199,14826,0,True,0.0
36081003600,"Census Tract 0036.00, Queens County, New York",36,81,Queens,3600,3550,683,79850,16993,0,True,0.0
36081003700,"Census Tract 0037.00, Queens County, New York",36,81,Queens,3700,0,12,-666666666,-222222222,2,False,
36081003800,"Census Tract 0038.00, Queens County, New York",36,81,Queens,3800,2736,346,79318,17795,0,True,0.0
36081003900,"Census Tract 0039.00, Queens County, New York",36,81,Queens,3900,1389,321,46565,917,0,True,0.0
36081004001,"Census Tract 0040.01, Queens County, New York",36,81,Queens,4001,2107,318,82308,13276,0,True,0.0
36081004002,"Census Tract 0040.02, Queens County, New York",36,81,Queens,4002,1583,638,51650,42470,0,True,0.0
36081004200,"Census Tract 0042.00, Queens County, New York",36,81,Queens,4200,3862,719,66250,23841,0,True,0.0
36081004300,"Census Tract 0043.00, Queens County, New York",36,81,Queens,4300,2193,398,19504,7241,0,True,0.0
36081004401,"Census Tract 0044.01, Queens County, New York",36,81,Queens,4401,3869,430,69375,15747,0,True,0.0
36081004500,"Census Tract 0045.00, Queens County, New York",36,81,Queens,4500,2970,314,68023,16490,0,True,0.0
36081004700,"Census Tract 0047.00, Queens County, New York",36,81,Queens,4700,3650,565,42054,8725,3,True,82.19178082191782
36081005000,"Census Tract 0050.00, Queens County, New York",36,81,Queens,5000,0,12,-666666666,-222222222,0,False,
36081005100,"Census Tract 0051.00, Queens County, New York",36,81,Queens,5100,1737,310,61653,8194,0,True,0.0
36081005200,"Census Tract 0052.00, Queens County, New York",36,81,Queens,5200,2845,488,63958,16590,0,True,0.0
36081005300,"Census Tract 0053.00, Queens County, New York",36,81,Queens,5300,5039,864,92898,21940,0,True,0.0
36081005400,"Census Tract 0054.00, Queens County, New York",36,81,Queens,5400,5916,740,77286,6755,1,True,16.903313049357674
36081005500,"Census Tract 0055.00, Queens County, New York",36,81,Queens,5500,1025,303,86583,32234,0,True,0.0
36081005700,"Census Tract 0057.00, Queens County, New York",36,81,Queens,5700,4229,531,82721,18245,0,True,0.0
36081005800,"Census Tract 0058.00, Queens County, New York",36,81,Queens,5800,6228,749,80902,8616,0,True,0.0
36081005900,"Census Tract 0059.00, Queens County, New York",36,81,Queens,5900,3771,748,95633,11465,0,True,0.0
36081006100,"Census Tract 0061.00, Queens County, New York",36,81,Queens,6100,5497,702,92636,15512,0,True,0.0
36081006201,"Census Tract 0062.01, Queens County, New York",36,81,Queens,6201,5681,962,56380,11209,0,True,0.0
36081006202,"Census Tract 0062.02, Queens County, New York",36,81,Queens,6202,5760,768,56181,11184,0,True,0.0
36081006300,"Census Tract 0063.00, Queens County, New York",36,81,Queens,6300,5915,903,90781,19227,0,True,0.0
36081006501,"Census Tract 0065.01, Queens County, New York",36,81,Queens,6501,3186,456,91307,13956,0,True,0.0
36081006502,"Census Tract 0065.02, Queens County, New York",36,81,Queens,6502,3796,670,82411,5833,0,True,0.0
36081006900,"Census Tract 0069.00, Queens County, New York",36,81,Queens,6900,3785,598,109821,34892,0,True,0.0
36081007100,"Census Tract 0071.00, Queens County, New York",36,81,Queens,7100,3211,370,92872,14166,0,True,0.0
36081007300,"Census Tract 0073.00, Queens County, New York",36,81,Queens,7300,3863,490,92361,19127,0,True,0.0
36081007500,"Census Tract 0075.00, Queens County, New York",36,81,Queens,7500,3982,681,77254,29307,0,True,0.0
36081007700,"Census Tract 0077.00, Queens County, New York",36,81,Queens,7700,1894,264,106176,29186,0,True,0.0
36081007900,"Census Tract 0079.00, Queens County, New York",36,81,Queens,7900,2661,457,64079,23966,0,True,0.0
36081008100,"Census Tract 0081.00, Queens County, New York",36,81,Queens,8100,1226,225,77283,23930,0,True,0.0
36081008300,"Census Tract 0083.00, Queens County, New York",36,81,Queens,8300,2242,407,78182,22561,2,True,89.20606601248885
36081008500,"Census Tract 0085.00, Queens County, New York",36,81,Queens,8500,941,308,52283,12536,2,True,212.53985122210412
36081008600,"Census Tract 0086.00, Queens County, New York",36,81,Queens,8600,2796,410,69412,23867,0,True,0.0
36081008700,"Census Tract 0087.00, Queens County, New York",36,81,Queens,8700,3536,488,20292,7230,4,True,113.12217194570137
36081008800,"Census Tract 0088.00, Queens County, New York",36,81,Queens,8800,3650,549,95048,10391,1,True,27.397260273972602
36081009100,"Census Tract 0091.00, Queens County, New York",36,81,Queens,9100,2168,382,77191,12265,0,True,0.0
36081009400,"Census Tract 0094.00, Queens County, New York",36,81,Queens,9400,2817,530,82989,16329,0,True,0.0
36081009500,"Census Tract 0095.00, Queens County, New York",36,81,Queens,9500,2190,256,87465,11893,0,True,0.0
36081009600,"Census Tract 0096.00, Queens County, New York",36,81,Queens,9600,3250,686,91250,11949,0,True,0.0
36081009700,"Census Tract 0097.00, Queens County, New York",36,81,Queens,9700,3812,509,101461,14281,0,True,0.0
36081009800,"Census Tract 0098.00, Queens County, New York",36,81,Queens,9800,2627,434,75288,26482,0,True,0.0
36081009900,"Census Tract 0099.00, Queens County, New York",36,81,Queens,9900,0,12,-666666666,-222222222,0,False,
36081010000,"Census Tract 0100.00, Queens County, New York",36,81,Queens,10000,3665,794,110761,36520,0,True,0.0
36081010100,"Census Tract 0101.00, Queens County, New York",36,81,Queens,10100,2458,568,65321,11340,0,True,0.0
36081010200,"Census Tract 0102.00, Queens County, New York",36,81,Queens,10200,2771,446,84176,9405,0,True,0.0
36081010300,"Census Tract 0103.00, Queens County, New York",36,81,Queens,10300,4045,527,66706,5865,0,True,0.0
36081010400,"Census Tract 0104.00, Queens County, New York",36,81,Queens,10400,3109,542,70104,31137,0,True,0.0
36081010500,"Census Tract 0105.00, Queens County, New York",36,81,Queens,10500,4852,866,66071,15114,0,True,0.0
36081010600,"Census Tract 0106.00, Queens County, New York",36,81,Queens,10600,3764,689,99519,31947,0,True,0.0
36081010701,"Census Tract 0107.01, Queens County, New York",36,81,Queens,10701,0,12,-666666666,-222222222,0,False,
36081010800,"Census Tract 0108.00, Queens County, New York",36,81,Queens,10800,3137,458,78750,9635,0,True,0.0
36081011000,"Census Tract 0110.00, Queens County, New York",36,81,Queens,11000,2846,469,81411,15356,0,True,0.0
36081011100,"Census Tract 0111.00, Queens County, New York",36,81,Queens,11100,3164,426,109256,18042,0,True,0.0
36081011200,"Census Tract 0112.00, Queens County, New York",36,81,Queens,11200,2275,410,57212,19420,0,True,0.0
36081011300,"Census Tract 0113.00, Queens County, New York",36,81,Queens,11300,4326,600,100769,17040,0,True,0.0
36081011400,"Census Tract 0114.00, Queens County, New York",36,81,Queens,11400,1323,326,65714,23295,0,True,0.0
36081011500,"Census Tract 0115.00, Queens County, New York",36,81,Queens,11500,2486,364,83846,24380,0,True,0.0
36081011600,"Census Tract 0116.00, Queens County, New York",36,81,Queens,11600,1951,361,56154,46465,0,True,0.0
36081011700,"Census Tract 0117.00, Queens County, New York",36,81,Queens,11700,3706,544,99009,11533,0,True,0.0
36081011800,"Census Tract 0118.00, Queens County, New York",36,81,Queens,11800,2398,390,75089,13077,0,True,0.0
36081011900,"Census Tract 0119.00, Queens County, New York",36,81,Queens,11900,1419,354,83839,16290,0,True,0.0
36081012000,"Census Tract 0120.00, Queens County, New York",36,81,Queens,12000,2485,535,71979,15751,0,True,0.0
36081012100,"Census Tract 0121.00, Queens County, New York",36,81,Queens,12100,1935,330,81471,10863,0,True,0.0
36081012200,"Census Tract 0122.00, Queens County, New York",36,81,Queens,12200,2933,782,57455,38654,0,True,0.0
36081012301,"Census Tract 0123.01, Queens County, New York",36,81,Queens,12301,2917,623,100938,16228,0,True,0.0
36081012400,"Census Tract 0124.00, Queens County, New York",36,81,Queens,12400,3101,699,68000,22587,0,True,0.0
36081012500,"Census Tract 0125.00, Queens County, New York",36,81,Queens,12500,1587,200,101447,16265,0,True,0.0
36081012601,"Census Tract 0126.01, Queens County, New York",36,81,Queens,12601,2749,480,76429,13211,0,True,0.0
36081012602,"Census Tract 0126.02, Queens County, New York",36,81,Queens,12602,2715,553,61583,7412,0,True,0.0
36081012800,"Census Tract 0128.00, Queens County, New York",36,81,Queens,12800,2187,372,80694,22910,0,True,0.0
36081013000,"Census Tract 0130.00, Queens County, New York",36,81,Queens,13000,1787,406,62961,35729,0,True,0.0
36081013200,"Census Tract 0132.00, Queens County, New York",36,81,Queens,13200,2112,494,88571,47499,0,True,0.0
36081013400,"Census Tract 0134.00, Queens County, New York",36,81,Queens,13400,4253,971,80304,33265,0,True,0.0
36081013500,"Census Tract 0135.00, Queens County, New York",36,81,Queens,13500,1236,325,89750,41483,0,True,0.0
36081013600,"Census Tract 0136.00, Queens County, New York",36,81,Queens,13600,1866,263,77535,11426,0,True,0.0
36081013700,"Census Tract 0137.00, Queens County, New York",36,81,Queens,13700,1785,233,101146,11762,0,True,0.0
36081013800,"Census Tract 0138.00, Queens County, New York",36,81,Queens,13800,3724,571,69104,6752,0,True,0.0
36081014000,"Census Tract 0140.00, Queens County, New York",36,81,Queens,14000,3716,1198,87589,20636,0,True,0.0
36081014100,"Census Tract 0141.00, Queens County, New York",36,81,Queens,14100,1690,245,74712,15138,0,True,0.0
36081014201,"Census Tract 0142.01, Queens County, New York",36,81,Queens,14201,4541,795,51875,25359,0,True,0.0
36081014202,"Census Tract 0142.02, Queens County, New York",36,81,Queens,14202,2721,551,87782,20119,0,True,0.0
36081014300,"Census Tract 0143.00, Queens County, New York",36,81,Queens,14300,3456,507,72841,14288,0,True,0.0
36081014400,"Census Tract 0144.00, Queens County, New York",36,81,Queens,14400,1971,515,57115,21057,0,True,0.0
36081014500,"Census Tract 0145.00, Queens County, New York",36,81,Queens,14500,2331,353,84038,4534,0,True,0.0
36081014700,"Census Tract 0147.00, Queens County, New York",36,81,Queens,14700,2712,436,80871,19265,0,True,0.0
36081014800,"Census Tract 0148.00, Queens County, New York",36,81,Queens,14800,1615,340,60227,48220,0,True,0.0
36081014900,"Census Tract 0149.00, Queens County, New York",36,81,Queens,14900,1822,495,71364,15454,0,True,0.0
36081015000,"Census Tract 0150.00, Queens County, New York",36,81,Queens,15000,2562,455,78935,20558,0,True,0.0
36081015100,"Census Tract 0151.00, Queens County, New York",36,81,Queens,15100,2582,447,69547,28408,0,True,0.0
36081015200,"Census Tract 0152.00, Queens County, New York",36,81,Queens,15200,2906,395,72917,12256,0,True,0.0
36081015300,"Census Tract 0153.00, Queens County, New York",36,81,Queens,15300,1922,312,91094,20598,0,True,0.0
36081015400,"Census Tract 0154.00, Queens County, New York",36,81,Queens,15400,1916,332,79750,14732,0,True,0.0
36081015500,"Census Tract 0155.00, Queens County, New York",36,81,Queens,15500,2269,458,110655,25436,0,True,0.0
36081015600,"Census Tract 0156.00, Queens County, New York",36,81,Queens,15600,2976,516,70000,6680,0,True,0.0
36081015700,"Census Tract 0157.00, Queens County, New York",36,81,Queens,15700,1278,221,62083,6780,0,True,0.0
36081015801,"Census Tract 0158.01, Queens County, New York",36,81,Queens,15801,3991,628,82583,15217,1,True,25.056376847907792
36081015802,"Census Tract 0158.02, Queens County, New York",36,81,Queens,15802,4629,760,85052,32850,0,True,0.0
36081015900,"Census Tract 0159.00, Queens County, New York",36,81,Queens,15900,3359,503,74859,7433,0,True,0.0
36081016100,"Census Tract 0161.00, Queens County, New York",36,81,Queens,16100,2301,338,76857,8486,0,True,0.0
36081016300,"Census Tract 0163.00, Queens County, New York",36,81,Queens,16300,3422,590,24825,8401,1,True,29.22267679719462
36081016400,"Census Tract 0164.00, Queens County, New York",36,81,Queens,16400,4082,666,84758,30064,0,True,0.0
36081016600,"Census Tract 0166.00, Queens County, New York",36,81,Queens,16600,3840,709,62614,17710,0,True,0.0
36081016800,"Census Tract 0168.00, Queens County, New York",36,81,Queens,16800,3405,559,100471,6379,0,True,0.0
36081016900,"Census Tract 0169.00, Queens County, New York",36,81,Queens,16900,5573,737,59532,16961,0,True,0.0
36081017000,"Census Tract 0170.00, Queens County, New York",36,81,Queens,17000,2751,520,79375,17873,0,True,0.0
36081017101,"Census Tract 0171.01, Queens County, New York",36,81,Queens,17101,0,12,-666666666,-222222222,0,False,
36081017102,"Census Tract 0171.02, Queens County, New York",36,81,Queens,17102,22,20,-666666666,-222222222,0,False,0.0
36081017200,"Census Tract 0172.00, Queens County, New York",36,81,Queens,17200,1845,332,63750,24266,0,True,0.0
36081017400,"Census Tract 0174.00, Queens County, New York",36,81,Queens,17400,2277,351,92000,14150,0,True,0.0
36081017600,"Census Tract 0176.00, Queens County, New York",36,81,Queens,17600,2011,303,69177,19332,0,True,0.0
36081017800,"Census Tract 0178.00, Queens County, New York",36,81,Queens,17800,2214,317,69261,15862,1,True,45.16711833785004
36081017901,"Census Tract 0179.01, Queens County, New York",36,81,Queens,17901,1139,179,59417,18711,0,True,0.0
36081017902,"Census Tract 0179.02, Queens County, New York",36,81,Queens,17902,11,15,-666666666,-222222222,0,False,0.0
36081018000,"Census Tract 0180.00, Queens County, New York",36,81,Queens,18000,1458,377,83239,9565,1,True,68.58710562414265
36081018101,"Census Tract 0181.01, Queens County, New York",36,81,Queens,18101,3589,505,66629,16481,0,True,0.0
36081018102,"Census Tract 0181.02, Queens County, New York",36,81,Queens,18102,3147,454,76689,9161,0,True,0.0
36081018200,"Census Tract 0182.00, Queens County, New York",36,81,Queens,18200,2422,486,65078,10456,0,True,0.0
36081018300,"Census Tract 0183.00, Queens County, New York",36,81,Queens,18300,6126,908,89480,21040,0,True,0.0
36081018401,"Census Tract 0184.01, Queens County, New York",36,81,Queens,18401,1999,310,66979,26503,1,True,50.02501250625312
36081018402,"Census Tract 0184.02, Queens County, New York",36,81,Queens,18402,2399,416,69375,16969,1,True,41.68403501458941
36081018501,"Census Tract 0185.01, Queens County, New York",36,81,Queens,18501,3377,405,69722,21702,0,True,0.0
36081018502,"Census Tract 0185.02, Queens County, New York",36,81,Queens,18502,3061,374,97083,18160,0,True,0.0
36081018600,"Census Tract 0186.00, Queens County, New York",36,81,Queens,18600,1847,332,68661,18861,0,True,0.0
36081018700,"Census Tract 0187.00, Queens County, New York",36,81,Queens,18700,2922,508,91875,35741,0,True,0.0
36081018800,"Census Tract 0188.00, Queens County, New York",36,81,Queens,18800,1364,288,71000,30802,0,True,0.0
36081018900,"Census Tract 0189.00, Queens County, New York",36,81,Queens,18900,3098,625,72851,7230,0,True,0.0
36081019000,"Census Tract 0190.00, Queens County, New York",36,81,Queens,19000,2461,314,73669,14070,2,True,81.26777732629013
36081019200,"Census Tract 0192.00, Queens County, New York",36,81,Queens,19200,1928,329,66488,20277,0,True,0.0
36081019400,"Census Tract 0194.00, Queens County, New York",36,81,Queens,19400,2934,393,75071,13177,1,True,34.08316291751875
36081019600,"Census Tract 0196.00, Queens County, New York",36,81,Queens,19600,3170,615,74792,11300,3,True,94.63722397476342
36081019800,"Census Tract 0198.00, Queens County, New York",36,81,Queens,19800,2820,407,77000,17451,0,True,0.0
36081019901,"Census Tract 0199.01, Queens County, New York",36,81,Queens,19901,546,148,55625,21799,0,True,0.0
36081019902,"Census Tract 0199.02, Queens County, New York",36,81,Queens,19902,0,12,-666666666,-222222222,0,False,
36081019903,"Census Tract 0199.03, Queens County, New York",36,81,Queens,19903,0,12,-666666666,-222222222,0,False,
36081020200,"Census Tract 0202.00, Queens County, New York",36,81,Queens,20200,1688,351,92115,40151,0,True,0.0
36081020400,"Census Tract 0204.00, Queens County, New York",36,81,Queens,20400,2133,369,53659,8771,2,True,93.76465072667605
36081020500,"Census Tract 0205.00, Queens County, New York",36,81,Queens,20500,1283,262,55833,13997,0,True,0.0
36081020600,"Census Tract 0206.00, Queens County, New York",36,81,Queens,20600,1721,366,73438,21469,1,True,58.105752469494476
36081020800,"Census Tract 0208.00, Queens County, New York",36,81,Queens,20800,3188,578,69219,31510,3,True,94.10288582183186
36081021200,"Census Tract 0212.00, Queens County, New York",36,81,Queens,21200,2496,456,51493,17824,1,True,40.06410256410256
36081021400,"Census Tract 0214.00, Queens County, New York",36,81,Queens,21400,6723,1231,53547,12905,3,True,44.62293618920125
36081021601,"Census Tract 0216.01, Queens County, New York",36,81,Queens,21601,2588,350,86377,5638,1,True,38.639876352395675
36081021602,"Census Tract 0216.02, Queens County, New York",36,81,Queens,21602,1831,530,62485,15068,0,True,0.0
36081021603,"Census Tract 0216.03, Queens County, New York",36,81,Queens,21603,0,12,-666666666,-222222222,0,False,
36081021900,"Census Tract 0219.00, Queens County, New York",36,81,Queens,21900,0,12,-666666666,-222222222,0,False,
36081022001,"Census Tract 0220.01, Queens County, New York",36,81,Queens,22001,5901,767,81107,12115,0,True,0.0
36081022002,"Census Tract 0220.02, Queens County, New York",36,81,Queens,22002,7421,1061,77520,10359,0,True,0.0
36081022900,"Census Tract 0229.00, Queens County, New York",36,81,Queens,22900,0,12,-666666666,-222222222,0,False,
36081023000,"Census Tract 0230.00, Queens County, New York",36,81,Queens,23000,2018,375,98362,20755,0,True,0.0
36081023200,"Census Tract 0232.00, Queens County, New York",36,81,Queens,23200,5487,896,77321,33351,0,True,0.0
36081023501,"Census Tract 0235.01, Queens County, New York",36,81,Queens,23501,4786,954,50805,11208,0,True,0.0
36081023502,"Census Tract 0235.02, Queens County, New York",36,81,Queens,23502,2804,841,49630,25849,0,True,0.0
36081023600,"Census Tract 0236.00, Queens County, New York",36,81,Queens,23600,3018,428,67557,14315,0,True,0.0
36081023800,"Census Tract 0238.00, Queens County, New York",36,81,Queens,23800,4621,550,52201,6547,0,True,0.0
36081024000,"Census Tract 0240.00, Queens County, New York",36,81,Queens,24000,6950,1143,59320,15968,2,True,28.776978417266186
36081024300,"Census Tract 0243.00, Queens County, New York",36,81,Queens,24300,4873,714,53382,13339,0,True,0.0
36081024500,"Census Tract 0245.00, Queens County, New York",36,81,Queens,24500,4372,899,56250,8384,0,True,0.0
36081024600,"Census Tract 0246.00, Queens County, New York",36,81,Queens,24600,0,12,-666666666,-222222222,1,False,
36081024700,"Census Tract 0247.00, Queens County, New York",36,81,Queens,24700,1394,296,52171,21542,0,True,0.0
36081024900,"Census Tract 0249.00, Queens County, New York",36,81,Queens,24900,4996,1057,65188,10107,0,True,0.0
36081025100,"Census Tract 0251.00, Queens County, New York",36,81,Queens,25100,5552,819,81542,13679,0,True,0.0
36081025301,"Census Tract 0253.01, Queens County, New York",36,81,Queens,25301,3945,512,61813,9403,0,True,0.0
36081025302,"Census Tract 0253.02, Queens County, New York",36,81,Queens,25302,3202,842,63750,24408,0,True,0.0
36081025401,"Census Tract 0254.01, Queens County, New York",36,81,Queens,25401,4257,1095,90066,55979,2,True,46.98144233027954
36081025402,"Census Tract 0254.02, Queens County, New York",36,81,Queens,25402,5770,980,36915,10069,6,True,103.98613518197574
36081025500,"Census Tract 0255.00, Queens County, New York",36,81,Queens,25500,1555,289,77019,11797,0,True,0.0
36081025700,"Census Tract 0257.00, Queens County, New York",36,81,Queens,25700,1592,261,70852,20222,0,True,0.0
36081025800,"Census Tract 0258.00, Queens County, New York",36,81,Queens,25800,2179,506,70781,18864,2,True,91.78522257916475
36081025900,"Census Tract 0259.00, Queens County, New York",36,81,Queens,25900,3272,609,62171,18468,0,True,0.0
36081026000,"Census Tract 0260.00, Queens County, New York",36,81,Queens,26000,2664,486,66538,12417,1,True,37.53753753753754
36081026100,"Census Tract 0261.00, Queens County, New York",36,81,Queens,26100,6549,1019,56317,10632,0,True,0.0
36081026200,"Census Tract 0262.00, Queens County, New York",36,81,Queens,26200,1365,263,76875,18162,0,True,0.0
36081026300,"Census Tract 0263.00, Queens County, New York",36,81,Queens,26300,5566,1026,53783,23472,0,True,0.0
36081026400,"Census Tract 0264.00, Queens County, New York",36,81,Queens,26400,2418,321,58155,7945,3,True,124.06947890818859
36081026501,"Census Tract 0265.01, Queens County, New York",36,81,Queens,26501,2562,480,51429,14689,0,True,0.0
36081026502,"Census Tract 0265.02, Queens County, New York",36,81,Queens,26502,1135,331,64750,13859,0,True,0.0
36081026600,"Census Tract 0266.00, Queens County, New York",36,81,Queens,26600,1719,425,28500,10278,0,True,0.0
36081026700,"Census Tract 0267.00, Queens County, New York",36,81,Queens,26700,4836,644,46385,3639,0,True,0.0
36081026901,"Census Tract 0269.01, Queens County, New York",36,81,Queens,26901,5105,806,64117,9318,1,True,19.58863858961802
36081026902,"Census Tract 0269.02, Queens County, New York",36,81,Queens,26902,3452,491,49421,7834,1,True,28.968713789107763
36081027000,"Census Tract 0270.00, Queens County, New York",36,81,Queens,27000,2002,553,128050,44327,1,True,49.95004995004995
36081027101,"Census Tract 0271.01, Queens County, New York",36,81,Queens,27101,5290,1132,47360,10500,0,True,0.0
36081027102,"Census Tract 0271.02, Queens County, New York",36,81,Queens,27102,3340,552,66156,29265,0,True,0.0
36081027200,"Census Tract 0272.00, Queens County, New York",36,81,Queens,27200,2050,432,72938,15243,0,True,0.0
36081027301,"Census Tract 0273.01, Queens County, New York",36,81,Queens,27301,2634,894,42375,11922,0,True,0.0
36081027302,"Census Tract 0273.02, Queens County, New York",36,81,Queens,27302,4600,799,45893,11627,0,True,0.0
36081027400,"Census Tract 0274.00, Queens County, New York",36,81,Queens,27400,1688,408,54908,9358,0,True,0.0
36081027500,"Census Tract 0275.00, Queens County, New York",36,81,Queens,27500,6325,1182,44875,17917,1,True,15.810276679841898
36081027600,"Census Tract 0276.00, Queens County, New York",36,81,Queens,27600,1455,418,84779,31809,1,True,68.72852233676977
36081027701,"Census Tract 0277.01, Queens County, New York",36,81,Queens,27701,3651,871,53878,19298,0,True,0.0
36081027702,"Census Tract 0277.02, Queens County, New York",36,81,Queens,27702,4190,603,54750,13181,0,True,0.0
36081027800,"Census Tract 0278.00, Queens County, New York",36,81,Queens,27800,2338,339,44265,16652,3,True,128.3147989734816
36081027900,"Census Tract 0279.00, Queens County, New York",36,81,Queens,27900,6209,1142,65855,6612,0,True,0.0
36081028000,"Census Tract 0280.00, Queens County, New York",36,81,Queens,28000,1589,318,71071,21641,0,True,0.0
36081028100,"Census Tract 0281.00, Queens County, New York",36,81,Queens,28100,5393,807,62689,15148,0,True,0.0
36081028200,"Census Tract 0282.00, Queens County, New York",36,81,Queens,28200,1935,466,71000,33794,1,True,51.67958656330749
36081028300,"Census Tract 0283.00, Queens County, New York",36,81,Queens,28300,7284,1135,68276,9273,1,True,13.728720483250962
36081028400,"Census Tract 0284.00, Queens County, New York",36,81,Queens,28400,4054,663,76281,23412,1,True,24.6669955599408
36081028500,"Census Tract 0285.00, Queens County, New York",36,81,Queens,28500,4800,788,81250,6032,0,True,0.0
36081028700,"Census Tract 0287.00, Queens County, New York",36,81,Queens,28700,6462,1096,65006,8631,0,True,0.0
36081028801,"Census Tract 0288.01, Queens County, New York",36,81,Queens,28801,2712,490,71500,23240,1,True,36.87315634218289
36081028802,"Census Tract 0288.02, Queens County, New York",36,81,Queens,28802,1970,536,88425,7082,0,True,0.0
36081028803,"Census Tract 0288.03, Queens County, New York",36,81,Queens,28803,0,12,-666666666,-222222222,0,False,
36081028900,"Census Tract 0289.00, Queens County, New York",36,81,Queens,28900,5250,1398,69708,12447,0,True,0.0
36081029100,"Census Tract 0291.00, Queens County, New York",36,81,Queens,29100,6490,904,61281,12055,0,True,0.0
36081029300,"Census Tract 0293.00, Queens County, New York",36,81,Queens,29300,1123,284,62167,9146,0,True,0.0
36081029400,"Census Tract 0294.00, Queens County, New York",36,81,Queens,29400,6919,1234,87885,17298,0,True,0.0
36081029500,"Census Tract 0295.00, Queens County, New York",36,81,Queens,29500,3675,621,74107,5613,1,True,27.210884353741495
36081029700,"Census Tract 0297.00, Queens County, New York",36,81,Queens,29700,2006,440,73587,23655,0,True,0.0
36081029900,"Census Tract 0299.00, Queens County, New York",36,81,Queens,29900,0,12,-666666666,-222222222,0,False,
36081030600,"Census Tract 0306.00, Queens County, New York",36,81,Queens,30600,4983,777,94653,33909,0,True,0.0
36081030903,"Census Tract 0309.03, Queens County, New York",36,81,Queens,30903,5356,674,76250,17411,0,True,0.0
36081030904,"Census Tract 0309.04, Queens County, New York",36,81,Queens,30904,2801,479,69391,16897,0,True,0.0
36081030905,"Census Tract 0309.05, Queens County, New York",36,81,Queens,30905,2853,938,73721,30102,0,True,0.0
36081030906,"Census Tract 0309.06, Queens County, New York",36,81,Queens,30906,3249,664,60275,10983,0,True,0.0
36081031700,"Census Tract 0317.00, Queens County, New York",36,81,Queens,31700,5216,935,65804,13884,0,True,0.0
36081032000,"Census Tract 0320.00, Queens County, New York",36,81,Queens,32000,4626,687,80644,18086,6,True,129.70168612191958
36081032700,"Census Tract 0327.00, Queens County, New York",36,81,Queens,32700,3328,839,49323,16620,0,True,0.0
36081032800,"Census Tract 0328.00, Queens County, New York",36,81,Queens,32800,2734,484,78125,19013,0,True,0.0
36081032900,"Census Tract 0329.00, Queens County, New York",36,81,Queens,32900,3390,632,58563,17878,0,True,0.0
36081033000,"Census Tract 0330.00, Queens County, New York",36,81,Queens,33000,7254,908,85445,6773,3,True,41.35649296939619
36081033100,"Census Tract 0331.00, Queens County, New York",36,81,Queens,33100,0,12,-666666666,-222222222,0,False,
36081033401,"Census Tract 0334.01, Queens County, New York",36,81,Queens,33401,3713,427,83897,20356,0,True,0.0
36081033403,"Census Tract 0334.03, Queens County, New York",36,81,Queens,33403,4349,773,46400,4397,1,True,22.993791676247415
36081033404,"Census Tract 0334.04, Queens County, New York",36,81,Queens,33404,5220,1226,41010,20878,0,True,0.0
36081033405,"Census Tract 0334.05, Queens County, New York",36,81,Queens,33405,2603,870,59154,18779,0,True,0.0
36081033700,"Census Tract 0337.00, Queens County, New York",36,81,Queens,33700,2607,645,111347,17132,0,True,0.0
36081033900,"Census Tract 0339.00, Queens County, New York",36,81,Queens,33900,2666,470,54780,9974,1,True,37.50937734433609
36081034700,"Census Tract 0347.00, Queens County, New York",36,81,Queens,34700,2840,483,59583,4873,0,True,0.0
36081035100,"Census Tract 0351.00, Queens County, New York",36,81,Queens,35100,3480,673,55417,27604,0,True,0.0
36081035200,"Census Tract 0352.00, Queens County, New York",36,81,Queens,35200,2643,431,100893,16776,4,True,151.3431706394249
36081035300,"Census Tract 0353.00, Queens County, New York",36,81,Queens,35300,2139,516,75769,60428,1,True,46.75081813931744
36081035700,"Census Tract 0357.00, Queens County, New York",36,81,Queens,35700,3507,912,80733,31248,0,True,0.0
36081035800,"Census Tract 0358.00, Queens County, New York",36,81,Queens,35800,4430,662,95398,26986,0,True,0.0
36081036100,"Census Tract 0361.00, Queens County, New York",36,81,Queens,36100,2196,401,62000,13171,1,True,45.537340619307834
36081036300,"Census Tract 0363.00, Queens County, New York",36,81,Queens,36300,1801,456,63083,13600,0,True,0.0
36081036500,"Census Tract 0365.00, Queens County, New York",36,81,Queens,36500,2794,562,52347,11438,0,True,0.0
36081036600,"Census Tract 0366.00, Queens County, New York",36,81,Queens,36600,2795,447,69275,11182,0,True,0.0
36081036700,"Census Tract 0367.00, Queens County, New York",36,81,Queens,36700,2098,427,48900,24835,0,True,0.0
36081036800,"Census Tract 0368.00, Queens County, New York",36,81,Queens,36800,2383,647,82500,31449,0,True,0.0
36081037100,"Census Tract 0371.00, Queens County, New York",36,81,Queens,37100,1211,268,62266,9313,0,True,0.0
36081037300,"Census Tract 0373.00, Queens County, New York",36,81,Queens,37300,2345,513,53798,19109,1,True,42.643923240938165
36081037501,"Census Tract 0375.01, Queens County, New York",36,81,Queens,37501,1482,293,56941,16727,0,True,0.0
36081037502,"Census Tract 0375.02, Queens County, New York",36,81,Queens,37502,2542,609,58979,7596,0,True,0.0
36081037600,"Census Tract 0376.00, Queens County, New York",36,81,Queens,37600,6222,1087,93520,16415,1,True,16.07200257152041
36081037700,"Census Tract 0377.00, Queens County, New York",36,81,Queens,37700,3896,670,72286,15712,1,True,25.66735112936345
36081037900,"Census Tract 0379.00, Queens County, New York",36,81,Queens,37900,6321,1120,69539,6368,0,True,0.0
36081038100,"Census Tract 0381.00, Queens County, New York",36,81,Queens,38100,6713,1033,65438,10606,0,True,0.0
36081038301,"Census Tract 0383.01, Queens County, New York",36,81,Queens,38301,0,12,-666666666,-222222222,0,False,
36081038302,"Census Tract 0383.02, Queens County, New York",36,81,Queens,38302,0,12,-666666666,-222222222,2,False,
36081038400,"Census Tract 0384.00, Queens County, New York",36,81,Queens,38400,2331,448,89306,3806,2,True,85.8000858000858
36081039400,"Census Tract 0394.00, Queens County, New York",36,81,Queens,39400,2884,430,90586,11919,1,True,34.674063800277395
36081039800,"Census Tract 0398.00, Queens County, New York",36,81,Queens,39800,1695,357,102841,38632,0,True,0.0
36081039901,"Census Tract 0399.01, Queens County, New York",36,81,Queens,39901,2475,544,82703,9684,0,True,0.0
36081039902,"Census Tract 0399.02, Queens County, New York",36,81,Queens,39902,1391,406,39063,23465,0,True,0.0
36081040000,"Census Tract 0400.00, Queens County, New York",36,81,Queens,40000,1509,294,101607,26767,0,True,0.0
36081040101,"Census Tract 0401.01, Queens County, New York",36,81,Queens,40101,2761,727,51493,11189,0,True,0.0
36081040102,"Census Tract 0401.02, Queens County, New York",36,81,Queens,40102,4436,708,56681,9569,1,True,22.54283137962128
36081040200,"Census Tract 0402.00, Queens County, New York",36,81,Queens,40200,1557,279,117000,25767,1,True,64.22607578676943
36081040301,"Census Tract 0403.01, Queens County, New York",36,81,Queens,40301,3139,598,54263,20335,0,True,0.0
36081040302,"Census Tract 0403.02, Queens County, New York",36,81,Queens,40302,4156,845,56875,24382,0,True,0.0
36081040400,"Census Tract 0404.00, Queens County, New York",36,81,Queens,40400,4095,607,55100,18616,1,True,24.42002442002442
36081040501,"Census Tract 0405.01, Queens County, New York",36,81,Queens,40501,1087,476,78929,48586,0,True,0.0
36081040502,"Census Tract 0405.02, Queens County, New York",36,81,Queens,40502,2178,470,90500,26516,0,True,0.0
36081040701,"Census Tract 0407.01, Queens County, New York",36,81,Queens,40701,3781,926,53045,6767,1,True,26.44802962179318
36081040702,"Census Tract 0407.02, Queens County, New York",36,81,Queens,40702,4510,1061,83142,29475,0,True,0.0
36081040901,"Census Tract 0409.01, Queens County, New York",36,81,Queens,40901,1605,413,101806,84406,0,True,0.0
36081040902,"Census Tract 0409.02, Queens County, New York",36,81,Queens,40902,3120,857,67016,24813,0,True,0.0
36081041100,"Census Tract 0411.00, Queens County, New York",36,81,Queens,41100,3884,774,60873,6826,0,True,0.0
36081041300,"Census Tract 0413.00, Queens County, New York",36,81,Queens,41300,4668,968,55738,8095,1,True,21.422450728363327
36081041400,"Census Tract 0414.00, Queens County, New York",36,81,Queens,41400,4468,639,75488,7268,1,True,22.381378692927484
36081041500,"Census Tract 0415.00, Queens County, New York",36,81,Queens,41500,4259,792,48322,17810,1,True,23.479690068091102
36081042400,"Census Tract 0424.00, Queens County, New York",36,81,Queens,42400,2314,393,71450,17684,0,True,0.0
36081042600,"Census Tract 0426.00, Queens County, New York",36,81,Queens,42600,470,113,-666666666,-222222222,1,False,212.76595744680853
36081042700,"Census Tract 0427.00, Queens County, New York",36,81,Queens,42700,4732,796,50769,21571,0,True,0.0
36081043200,"Census Tract 0432.00, Queens County, New York",36,81,Queens,43200,1227,222,80250,27224,0,True,0.0
36081043400,"Census Tract 0434.00, Queens County, New York",36,81,Queens,43400,1841,338,92578,31522,0,True,0.0
36081043701,"Census Tract 0437.01, Queens County, New York",36,81,Queens,43701,3007,568,61250,28125,0,True,0.0
36081043702,"Census Tract 0437.02, Queens County, New York",36,81,Queens,43702,6938,1251,49346,8731,1,True,14.413375612568464
36081043900,"Census Tract 0439.00, Queens County, New York",36,81,Queens,43900,3411,714,42847,15954,0,True,0.0
36081044000,"Census Tract 0440.00, Queens County, New York",36,81,Queens,44000,4165,797,67121,19502,2,True,48.01920768307323
36081044301,"Census Tract 0443.01, Queens County, New York",36,81,Queens,44301,3780,872,29295,17855,0,True,0.0
36081044302,"Census Tract 0443.02, Queens County, New York",36,81,Queens,44302,4104,764,53939,10029,1,True,24.366471734892787
36081044400,"Census Tract 0444.00, Queens County, New York",36,81,Queens,44400,3693,760,43750,13643,1,True,27.078256160303276
36081044601,"Census Tract 0446.01, Queens County, New York",36,81,Queens,44601,3666,549,46071,10727,1,True,27.277686852154936
36081044602,"Census Tract 0446.02, Queens County, New York",36,81,Queens,44602,5016,588,41148,5041,0,True,0.0
36081044800,"Census Tract 0448.00, Queens County, New York",36,81,Queens,44800,2911,509,59432,26101,0,True,0.0
36081045000,"Census Tract 0450.00, Queens County, New York",36,81,Queens,45000,2154,326,86944,19569,0,True,0.0
36081045200,"Census Tract 0452.00, Queens County, New York",36,81,Queens,45200,1238,298,79306,59355,0,True,0.0
36081045400,"Census Tract 0454.00, Queens County, New York",36,81,Queens,45400,5017,908,68693,26412,1,True,19.932230416583618
36081045500,"Census Tract 0455.00, Queens County, New York",36,81,Queens,45500,14220,2047,58984,8919,0,True,0.0
36081045600,"Census Tract 0456.00, Queens County, New York",36,81,Queens,45600,1442,330,76672,7775,0,True,0.0
36081045700,"Census Tract 0457.00, Queens County, New York",36,81,Queens,45700,3557,662,61688,14697,0,True,0.0
36081045800,"Census Tract 0458.00, Queens County, New York",36,81,Queens,45800,2259,375,70170,13005,0,True,0.0
36081045900,"Census Tract 0459.00, Queens County, New York",36,81,Queens,45900,4196,665,85393,21855,0,True,0.0
36081046000,"Census Tract 0460.00, Queens County, New York",36,81,Queens,46000,6156,831,59792,9736,3,True,48.732943469785575
36081046100,"Census Tract 0461.00, Queens County, New York",36,81,Queens,46100,2639,451,65250,12296,0,True,0.0
36081046200,"Census Tract 0462.00, Queens County, New York",36,81,Queens,46200,6355,1132,59702,16901,0,True,0.0
36081046300,"Census Tract 0463.00, Queens County, New York",36,81,Queens,46300,3679,614,58750,10783,0,True,0.0
36081046400,"Census Tract 0464.00, Queens County, New York",36,81,Queens,46400,2000,355,76354,32726,0,True,0.0
36081046500,"Census Tract 0465.00, Queens County, New York",36,81,Queens,46500,4189,751,71875,15549,1,True,23.872045834328002
36081046600,"Census Tract 0466.00, Queens County, New York",36,81,Queens,46600,3891,717,63506,10049,0,True,0.0
36081046700,"Census Tract 0467.00, Queens County, New York",36,81,Queens,46700,5909,925,52857,18736,1,True,16.923337282112033
36081046800,"Census Tract 0468.00, Queens County, New York",36,81,Queens,46800,3426,642,77067,9091,0,True,0.0
36081046901,"Census Tract 0469.01, Queens County, New York",36,81,Queens,46901,4026,1080,43500,18445,1,True,24.838549428713364
36081046902,"Census Tract 0469.02, Queens County, New York",36,81,Queens,46902,3800,462,60591,23919,0,True,0.0
36081047000,"Census Tract 0470.00, Queens County, New York",36,81,Queens,47000,3452,656,68009,23117,0,True,0.0
36081047100,"Census Tract 0471.00, Queens County, New York",36,81,Queens,47100,4381,673,50997,6748,1,True,22.82583884957772
36081047200,"Census Tract 0472.00, Queens County, New York",36,81,Queens,47200,3769,483,81932,15575,0,True,0.0
36081047300,"Census Tract 0473.00, Queens County, New York",36,81,Queens,47300,4254,589,61551,7090,0,True,0.0
36081047500,"Census Tract 0475.00, Queens County, New York",36,81,Queens,47500,4651,743,70120,15360,0,True,0.0
36081047600,"Census Tract 0476.00, Queens County, New York",36,81,Queens,47600,1435,239,96250,28325,0,True,0.0
36081047801,"Census Tract 0478.01, Queens County, New York",36,81,Queens,47801,3630,675,49055,33165,0,True,0.0
36081047802,"Census Tract 0478.02, Queens County, New York",36,81,Queens,47802,1090,308,82200,4257,0,True,0.0
36081047900,"Census Tract 0479.00, Queens County, New York",36,81,Queens,47900,5737,737,64527,8680,0,True,0.0
36081048000,"Census Tract 0480.00, Queens County, New York",36,81,Queens,48000,2307,429,82560,26304,0,True,0.0
36081048100,"Census Tract 0481.00, Queens County, New York",36,81,Queens,48100,6985,1117,50480,9946,0,True,0.0
36081048200,"Census Tract 0482.00, Queens County, New York",36,81,Queens,48200,1289,192,75667,14452,3,True,232.73855702094647
36081048301,"Census Tract 0483.01, Queens County, New York",36,81,Queens,48301,1997,369,61078,17667,0,True,0.0
36081048302,"Census Tract 0483.02, Queens County, New York",36,81,Queens,48302,1948,493,77368,43061,0,True,0.0
36081048400,"Census Tract 0484.00, Queens County, New York",36,81,Queens,48400,4901,812,94260,21438,2,True,40.807998367680064
36081048500,"Census Tract 0485.00, Queens County, New York",36,81,Queens,48500,4427,667,75000,16996,0,True,0.0
36081048900,"Census Tract 0489.00, Queens County, New York",36,81,Queens,48900,1490,297,66710,16263,0,True,0.0
36081049201,"Census Tract 0492.01, Queens County, New York",36,81,Queens,49201,3111,380,74583,13514,1,True,32.14400514304082
36081049202,"Census Tract 0492.02, Queens County, New York",36,81,Queens,49202,2525,937,91136,12299,0,True,0.0
36081049301,"Census Tract 0493.01, Queens County, New York",36,81,Queens,49301,2129,374,63415,8357,0,True,0.0
36081049302,"Census Tract 0493.02, Queens County, New York",36,81,Queens,49302,3150,600,57969,26123,0,True,0.0
36081049500,"Census Tract 0495.00, Queens County, New York",36,81,Queens,49500,1600,236,99545,26014,1,True,62.5
36081049600,"Census Tract 0496.00, Queens County, New York",36,81,Queens,49600,3214,456,93697,9486,0,True,0.0
36081049700,"Census Tract 0497.00, Queens County, New York",36,81,Queens,49700,3112,674,71420,22065,0,True,0.0
36081049900,"Census Tract 0499.00, Queens County, New York",36,81,Queens,49900,5556,672,59375,7890,0,True,0.0
36081050000,"Census Tract 0500.00, Queens County, New York",36,81,Queens,50000,4378,724,58732,10181,0,True,0.0
36081050201,"Census Tract 0502.01, Queens County, New York",36,81,Queens,50201,1390,302,74205,18954,0,True,0.0
36081050202,"Census Tract 0502.02, Queens County, New York",36,81,Queens,50202,1327,212,71667,23087,0,True,0.0
36081050400,"Census Tract 0504.00, Queens County, New York",36,81,Queens,50400,1731,291,87344,26750,0,True,0.0
36081050500,"Census Tract 0505.00, Queens County, New York",36,81,Queens,50500,1716,486,80536,40492,0,True,0.0
36081050600,"Census Tract 0506.00, Queens County, New York",36,81,Queens,50600,1540,301,105000,25871,2,True,129.87012987012986
36081050700,"Census Tract 0507.00, Queens County, New York",36,81,Queens,50700,3722,482,62763,23946,0,True,0.0
36081050800,"Census Tract 0508.00, Queens County, New York",36,81,Queens,50800,1961,405,72500,15636,0,True,0.0
36081051000,"Census Tract 0510.00, Queens County, New York",36,81,Queens,51000,1735,342,85466,7535,1,True,57.636887608069166
36081051100,"Census Tract 0511.00, Queens County, New York",36,81,Queens,51100,2292,427,105156,13979,0,True,0.0
36081051200,"Census Tract 0512.00, Queens County, New York",36,81,Queens,51200,2518,521,85043,12202,0,True,0.0
36081051300,"Census Tract 0513.00, Queens County, New York",36,81,Queens,51300,2530,332,99375,15848,0,True,0.0
36081051500,"Census Tract 0515.00, Queens County, New York",36,81,Queens,51500,3501,528,85599,9213,0,True,0.0
36081051600,"Census Tract 0516.00, Queens County, New York",36,81,Queens,51600,2040,460,101875,37246,0,True,0.0
36081051700,"Census Tract 0517.00, Queens County, New York",36,81,Queens,51700,1910,352,85200,23589,0,True,0.0
36081051800,"Census Tract 0518.00, Queens County, New York",36,81,Queens,51800,2073,339,74063,19265,2,True,96.4785335262904
36081052000,"Census Tract 0520.00, Queens County, New York",36,81,Queens,52000,1313,260,66700,16799,0,True,0.0
36081052100,"Census Tract 0521.00, Queens County, New York",36,81,Queens,52100,2025,457,100625,22941,0,True,0.0
36081052200,"Census Tract 0522.00, Queens County, New York",36,81,Queens,52200,1728,272,80694,26342,0,True,0.0
36081052400,"Census Tract 0524.00, Queens County, New York",36,81,Queens,52400,1815,385,82813,29624,1,True,55.09641873278236
36081052500,"Census Tract 0525.00, Queens County, New York",36,81,Queens,52500,2516,309,69292,12519,0,True,0.0
36081052600,"Census Tract 0526.00, Queens County, New York",36,81,Queens,52600,2131,344,69297,21577,0,True,0.0
36081052800,"Census Tract 0528.00, Queens County, New York",36,81,Queens,52800,1480,293,77083,29747,2,True,135.13513513513513
36081053000,"Census Tract 0530.00, Queens County, New York",36,81,Queens,53000,2418,526,86548,37260,0,True,0.0
36081053100,"Census Tract 0531.00, Queens County, New York",36,81,Queens,53100,3624,576,76818,20203,0,True,0.0
36081053200,"Census Tract 0532.00, Queens County, New York",36,81,Queens,53200,2184,333,70833,27073,0,True,0.0
36081053401,"Census Tract 0534.01, Queens County, New York",36,81,Queens,53401,2066,465,99663,13360,0,True,0.0
36081053501,"Census Tract 0535.01, Queens County, New York",36,81,Queens,53501,1315,332,84306,30912,0,True,0.0
36081053502,"Census Tract 0535.02, Queens County, New York",36,81,Queens,53502,0,12,-666666666,-222222222,0,False,
36081053601,"Census Tract 0536.01, Queens County, New York",36,81,Queens,53601,2297,557,-666666666,-222222222,0,False,0.0
36081053800,"Census Tract 0538.00, Queens County, New York",36,81,Queens,53800,1728,345,99871,20167,2,True,115.74074074074073
36081053901,"Census Tract 0539.01, Queens County, New York",36,81,Queens,53901,4285,513,78859,7454,0,True,0.0
36081053902,"Census Tract 0539.02, Queens County, New York",36,81,Queens,53902,169,97,132292,61909,0,True,0.0
36081054000,"Census Tract 0540.00, Queens County, New York",36,81,Queens,54000,4106,680,68611,24240,1,True,24.354603019970774
36081054200,"Census Tract 0542.00, Queens County, New York",36,81,Queens,54200,5354,899,66923,31779,0,True,0.0
36081054500,"Census Tract 0545.00, Queens County, New York",36,81,Queens,54500,3670,546,55893,17165,0,True,0.0
36081054700,"Census Tract 0547.00, Queens County, New York",36,81,Queens,54700,4595,702,79764,19520,0,True,0.0
36081054800,"Census Tract 0548.00, Queens County, New York",36,81,Queens,54800,2458,370,70625,24544,0,True,0.0
36081054900,"Census Tract 0549.00, Queens County, New York",36,81,Queens,54900,6285,869,78452,7510,1,True,15.910898965791569
36081055100,"Census Tract 0551.00, Queens County, New York",36,81,Queens,55100,4286,546,84018,13094,0,True,0.0
36081055200,"Census Tract 0552.00, Queens County, New York",36,81,Queens,55200,2904,594,68523,21525,0,True,0.0
36081055300,"Census Tract 0553.00, Queens County, New York",36,81,Queens,55300,2791,506,62212,15653,1,True,35.829451809387315
36081055400,"Census Tract 0554.00, Queens County, New York",36,81,Queens,55400,2674,414,78269,11164,0,True,0.0
36081055500,"Census Tract 0555.00, Queens County, New York",36,81,Queens,55500,2374,435,70455,30846,1,True,42.122999157540015
36081055600,"Census Tract 0556.00, Queens County, New York",36,81,Queens,55600,2275,493,96994,24529,0,True,0.0
36081055700,"Census Tract 0557.00, Queens County, New York",36,81,Queens,55700,4109,587,79615,10413,0,True,0.0
36081055800,"Census Tract 0558.00, Queens County, New York",36,81,Queens,55800,1687,338,90625,33485,0,True,0.0
36081055900,"Census Tract 0559.00, Queens County, New York",36,81,Queens,55900,1191,292,69333,7646,0,True,0.0
36081056000,"Census Tract 0560.00, Queens County, New York",36,81,Queens,56000,1704,276,89327,19401,0,True,0.0
36081056100,"Census Tract 0561.00, Queens County, New York",36,81,Queens,56100,8,12,-666666666,-222222222,0,False,0.0
36081056200,"Census Tract 0562.00, Queens County, New York",36,81,Queens,56200,1627,351,74000,45531,0,True,0.0
36081056400,"Census Tract 0564.00, Queens County, New York",36,81,Queens,56400,1089,266,56625,31836,0,True,0.0
36081056500,"Census Tract 0565.00, Queens County, New York",36,81,Queens,56500,1575,314,102571,33992,0,True,0.0
36081056600,"Census Tract 0566.00, Queens County, New York",36,81,Queens,56600,1297,339,45365,44384,0,True,0.0
36081056700,"Census Tract 0567.00, Queens County, New York",36,81,Queens,56700,5406,832,100889,10194,0,True,0.0
36081056800,"Census Tract 0568.00, Queens County, New York",36,81,Queens,56800,5232,680,84589,22477,2,True,38.226299694189606
36081057700,"Census Tract 0577.00, Queens County, New York",36,81,Queens,57700,3939,678,62500,13913,0,True,0.0
36081057900,"Census Tract 0579.00, Queens County, New York",36,81,Queens,57900,1690,268,60400,6829,0,True,0.0
36081058000,"Census Tract 0580.00, Queens County, New York",36,81,Queens,58000,4248,809,99071,21263,3,True,70.62146892655367
36081058100,"Census Tract 0581.00, Queens County, New York",36,81,Queens,58100,3068,746,62406,21268,0,True,0.0
36081058200,"Census Tract 0582.00, Queens County, New York",36,81,Queens,58200,5034,840,103494,13298,1,True,19.864918553833927
36081058300,"Census Tract 0583.00, Queens County, New York",36,81,Queens,58300,3565,553,90066,27045,0,True,0.0
36081058500,"Census Tract 0585.00, Queens County, New York",36,81,Queens,58500,4501,502,86065,12839,0,True,0.0
36081058700,"Census Tract 0587.00, Queens County, New York",36,81,Queens,58700,3468,462,85460,12431,0,True,0.0
36081058900,"Census Tract 0589.00, Queens County, New York",36,81,Queens,58900,5147,756,67012,16805,0,True,0.0
36081059000,"Census Tract 0590.00, Queens County, New York",36,81,Queens,59000,1313,286,76797,41744,0,True,0.0
36081059100,"Census Tract 0591.00, Queens County, New York",36,81,Queens,59100,5367,849,65670,3120,0,True,0.0
36081059200,"Census Tract 0592.00, Queens County, New York",36,81,Queens,59200,1575,231,102008,18846,1,True,63.492063492063494
36081059300,"Census Tract 0593.00, Queens County, New York",36,81,Queens,59300,3975,572,77679,11793,0,True,0.0
36081059400,"Census Tract 0594.00, Queens County, New York",36,81,Queens,59400,1787,348,135625,24774,0,True,0.0
36081059501,"Census Tract 0595.01, Queens County, New York",36,81,Queens,59501,2037,365,85909,25548,1,True,49.09180166912125
36081059502,"Census Tract 0595.02, Queens County, New York",36,81,Queens,59502,3031,702,80347,21828,0,True,0.0
36081059600,"Census Tract 0596.00, Queens County, New York",36,81,Queens,59600,1312,300,72586,36762,0,True,0.0
36081059800,"Census Tract 0598.00, Queens County, New York",36,81,Queens,59800,1807,483,92283,13001,0,True,0.0
36081059900,"Census Tract 0599.00, Queens County, New York",36,81,Queens,59900,1198,245,61985,22072,0,True,0.0
36081060000,"Census Tract 0600.00, Queens County, New York",36,81,Queens,60000,1126,199,115682,47647,0,True,0.0
36081060100,"Census Tract 0601.00, Queens County, New York",36,81,Queens,60100,2336,393,86016,20276,0,True,0.0
36081060300,"Census Tract 0603.00, Queens County, New York",36,81,Queens,60300,2079,500,88900,38998,0,True,0.0
36081060600,"Census Tract 0606.00, Queens County, New York",36,81,Queens,60600,1158,218,78036,43233,0,True,0.0
36081060701,"Census Tract 0607.01, Queens County, New York",36,81,Queens,60701,14,22,-666666666,-222222222,0,False,0.0
36081060800,"Census Tract 0608.00, Queens County, New York",36,81,Queens,60800,1568,227,95288,38420,0,True,0.0
36081061000,"Census Tract 0610.00, Queens County, New York",36,81,Queens,61000,1554,223,152083,41712,0,True,0.0
36081061200,"Census Tract 0612.00, Queens County, New York",36,81,Queens,61200,2078,430,122669,11778,0,True,0.0
36081061301,"Census Tract 0613.01, Queens County, New York",36,81,Queens,61301,5446,896,73984,11255,0,True,0.0
36081061302,"Census Tract 0613.02, Queens County, New York",36,81,Queens,61302,0,12,-666666666,-222222222,0,False,
36081061400,"Census Tract 0614.00, Queens County, New York",36,81,Queens,61400,1432,310,127958,13129,0,True,0.0
36081061601,"Census Tract 0616.01, Queens County, New York",36,81,Queens,61601,2528,404,85938,22274,1,True,39.55696202531645
36081061602,"Census Tract 0616.02, Queens County, New York",36,81,Queens,61602,1047,190,103571,30062,0,True,0.0
36081061800,"Census Tract 0618.00, Queens County, New York",36,81,Queens,61800,1726,305,83105,20985,1,True,57.93742757821553
36081061900,"Census Tract 0619.00, Queens County, New York",36,81,Queens,61900,3398,760,111108,22023,0,True,0.0
36081062000,"Census Tract 0620.00, Queens County, New York",36,81,Queens,62000,1490,219,97554,16137,0,True,0.0
36081062100,"Census Tract 0621.00, Queens County, New York",36,81,Queens,62100,2697,473,69213,18098,0,True,0.0
36081062200,"Census Tract 0622.00, Queens County, New York",36,81,Queens,62200,2131,395,118676,23844,0,True,0.0
36081062300,"Census Tract 0623.00, Queens County, New York",36,81,Queens,62300,2266,421,73917,22316,0,True,0.0
36081062400,"Census Tract 0624.00, Queens County, New York",36,81,Queens,62400,0,12,-666666666,-222222222,0,False,
36081062500,"Census Tract 0625.00, Queens County, New York",36,81,Queens,62500,2484,435,89107,15951,0,True,0.0
36081062600,"Census Tract 0626.00, Queens County, New York",36,81,Queens,62600,2622,366,85917,19301,0,True,0.0
36081062700,"Census Tract 0627.00, Queens County, New York",36,81,Queens,62700,2861,538,77794,18106,0,True,0.0
36081062900,"Census Tract 0629.00, Queens County, New York",36,81,Queens,62900,3156,453,82175,9375,0,True,0.0
36081063000,"Census Tract 0630.00, Queens County, New York",36,81,Queens,63000,1476,272,113523,26430,0,True,0.0
36081063200,"Census Tract 0632.00, Queens County, New York",36,81,Queens,63200,2441,327,103688,15758,0,True,0.0
36081063301,"Census Tract 0633.01, Queens County, New York",36,81,Queens,63301,1608,254,74805,29888,0,True,0.0
36081063302,"Census Tract 0633.02, Queens County, New York",36,81,Queens,63302,1527,411,101324,28515,0,True,0.0
36081063500,"Census Tract 0635.00, Queens County, New York",36,81,Queens,63500,2521,480,72088,18656,0,True,0.0
36081063700,"Census Tract 0637.00, Queens County, New York",36,81,Queens,63700,3367,555,100276,10603,0,True,0.0
36081063800,"Census Tract 0638.00, Queens County, New York",36,81,Queens,63800,3358,585,116346,33893,1,True,29.77963073257892
36081063900,"Census Tract 0639.00, Queens County, New York",36,81,Queens,63900,2978,662,79115,15466,0,True,0.0
36081064101,"Census Tract 0641.01, Queens County, New York",36,81,Queens,64101,2288,261,74508,10435,0,True,0.0
36081064102,"Census Tract 0641.02, Queens County, New York",36,81,Queens,64102,0,12,-666666666,-222222222,0,False,
36081064500,"Census Tract 0645.00, Queens County, New York",36,81,Queens,64500,1876,429,76302,19157,0,True,0.0
36081064600,"Census Tract 0646.00, Queens County, New York",36,81,Queens,64600,3156,384,89450,10718,0,True,0.0
36081065000,"Census Tract 0650.00, Queens County, New York",36,81,Queens,65000,2801,458,105114,19397,1,True,35.70153516601214
36081065401,"Census Tract 0654.01, Queens County, New York",36,81,Queens,65401,3728,524,98056,9825,1,True,26.824034334763947
36081065402,"Census Tract 0654.02, Queens County, New York",36,81,Queens,65402,27,45,-666666666,-222222222,0,False,0.0
36081065501,"Census Tract 0655.01, Queens County, New York",36,81,Queens,65501,0,12,-666666666,-222222222,0,False,
36081065600,"Census Tract 0656.00, Queens County, New York",36,81,Queens,65600,4896,813,92705,15373,0,True,0.0
36081065702,"Census Tract 0657.02, Queens County, New York",36,81,Queens,65702,1491,196,72500,10283,0,True,0.0
36081065703,"Census Tract 0657.03, Queens County, New York",36,81,Queens,65703,3020,907,99184,24134,0,True,0.0
36081065900,"Census Tract 0659.00, Queens County, New York",36,81,Queens,65900,1941,317,100313,12845,0,True,0.0
36081066000,"Census Tract 0660.00, Queens County, New York",36,81,Queens,66000,3403,496,88798,17117,0,True,0.0
36081066100,"Census Tract 0661.00, Queens County, New York",36,81,Queens,66100,1638,208,100750,21748,0,True,0.0
36081066301,"Census Tract 0663.01, Queens County, New York",36,81,Queens,66301,2842,328,106328,21115,0,True,0.0
36081066302,"Census Tract 0663.02, Queens County, New York",36,81,Queens,66302,0,12,-666666666,-222222222,0,False,
36081066401,"Census Tract 0664.01, Queens County, New York",36,81,Queens,66401,1444,452,141250,79964,0,True,0.0
36081066402,"Census Tract 0664.02, Queens County, New York",36,81,Queens,66402,2941,655,101262,5461,0,True,0.0
36081066403,"Census Tract 0664.03, Queens County, New York",36,81,Queens,66403,5708,1495,91556,16373,0,True,0.0
36081066404,"Census Tract 0664.04, Queens County, New York",36,81,Queens,66404,0,12,-666666666,-222222222,0,False,
36081066501,"Census Tract 0665.01, Queens County, New York",36,81,Queens,66501,3948,636,86250,23605,0,True,0.0
36081066701,"Census Tract 0667.01, Queens County, New York",36,81,Queens,66701,3047,531,109390,32362,0,True,0.0
36081066900,"Census Tract 0669.00, Queens County, New York",36,81,Queens,66900,1687,283,86161,24685,0,True,0.0
36081067100,"Census Tract 0671.00, Queens County, New York",36,81,Queens,67100,2516,254,102813,15632,0,True,0.0
36081067700,"Census Tract 0677.00, Queens County, New York",36,81,Queens,67700,1820,259,106731,18261,0,True,0.0
36081067900,"Census Tract 0679.00, Queens County, New York",36,81,Queens,67900,4325,525,53969,10135,0,True,0.0
36081068000,"Census Tract 0680.00, Queens County, New York",36,81,Queens,68000,5212,705,92171,25521,1,True,19.18649270913277
36081068200,"Census Tract 0682.00, Queens County, New York",36,81,Queens,68200,974,221,88854,13209,1,True,102.6694045174538
36081068300,"Census Tract 0683.00, Queens County, New York",36,81,Queens,68300,3992,488,49602,8672,0,True,0.0
36081068700,"Census Tract 0687.00, Queens County, New York",36,81,Queens,68700,4002,606,54844,18113,0,True,0.0
36081069000,"Census Tract 0690.00, Queens County, New York",36,81,Queens,69000,3746,705,95500,19278,0,True,0.0
36081069300,"Census Tract 0693.00, Queens County, New York",36,81,Queens,69300,2791,557,76169,15963,0,True,0.0
36081069400,"Census Tract 0694.00, Queens County, New York",36,81,Queens,69400,3352,584,85227,7987,0,True,0.0
36081069500,"Census Tract 0695.00, Queens County, New York",36,81,Queens,69500,2247,377,86286,9500,0,True,0.0
36081069701,"Census Tract 0697.01, Queens County, New York",36,81,Queens,69701,4071,573,88841,14249,0,True,0.0
36081069702,"Census Tract 0697.02, Queens County, New York",36,81,Queens,69702,3637,757,82716,13713,0,True,0.0
36081070300,"Census Tract 0703.00, Queens County, New York",36,81,Queens,70300,2129,323,82500,19530,0,True,0.0
36081070700,"Census Tract 0707.00, Queens County, New York",36,81,Queens,70700,2535,403,110625,26355,0,True,0.0
36081070900,"Census Tract 0709.00, Queens County, New York",36,81,Queens,70900,2992,504,95865,14249,0,True,0.0
36081071100,"Census Tract 0711.00, Queens County, New York",36,81,Queens,71100,6162,728,86783,14498,0,True,0.0
36081071303,"Census Tract 0713.03, Queens County, New York",36,81,Queens,71303,5396,714,88275,13607,0,True,0.0
36081071304,"Census Tract 0713.04, Queens County, New York",36,81,Queens,71304,5743,657,71741,27342,0,True,0.0
36081071305,"Census Tract 0713.05, Queens County, New York",36,81,Queens,71305,5195,603,90379,10376,0,True,0.0
36081071306,"Census Tract 0713.06, Queens County, New York",36,81,Queens,71306,6678,1195,91250,14897,0,True,0.0
36081071600,"Census Tract 0716.00, Queens County, New York",36,81,Queens,71600,0,12,-666666666,-222222222,1,False,
36081071701,"Census Tract 0717.01, Queens County, New York",36,81,Queens,71701,4844,1010,58839,10946,0,True,0.0
36081071702,"Census Tract 0717.02, Queens County, New York",36,81,Queens,71702,4022,419,67639,17359,0,True,0.0
36081071900,"Census Tract 0719.00, Queens County, New York",36,81,Queens,71900,2525,444,51667,23768,0,True,0.0
36081072100,"Census Tract 0721.00, Queens County, New York",36,81,Queens,72100,4475,605,68155,18791,0,True,0.0
36081072300,"Census Tract 0723.00, Queens County, New York",36,81,Queens,72300,2043,283,131563,24150,0,True,0.0
36081072900,"Census Tract 0729.00, Queens County, New York",36,81,Queens,72900,1341,289,132305,38860,0,True,0.0
36081073100,"Census Tract 0731.00, Queens County, New York",36,81,Queens,73100,1535,275,107258,49568,0,True,0.0
36081073700,"Census Tract 0737.00, Queens County, New York",36,81,Queens,73700,2052,301,88333,26303,0,True,0.0
36081073900,"Census Tract 0739.00, Queens County, New York",36,81,Queens,73900,5530,686,101708,16313,0,True,0.0
36081074100,"Census Tract 0741.00, Queens County, New York",36,81,Queens,74100,3057,432,79732,24553,0,True,0.0
36081074300,"Census Tract 0743.00, Queens County, New York",36,81,Queens,74300,4081,722,62198,10585,0,True,0.0
36081074500,"Census Tract 0745.00, Queens County, New York",36,81,Queens,74500,4104,612,56047,15428,0,True,0.0
36081074700,"Census Tract 0747.00, Queens County, New York",36,81,Queens,74700,3363,560,102296,16611,0,True,0.0
36081074900,"Census Tract 0749.00, Queens County, New York",36,81,Queens,74900,1440,249,179167,47295,0,True,0.0
36081075701,"Census Tract 0757.01, Queens County, New York",36,81,Queens,75701,4695,677,99901,21124,0,True,0.0
36081075702,"Census Tract 0757.02, Queens County, New York",36,81,Queens,75702,5409,998,104476,27529,0,True,0.0
36081076901,"Census Tract 0769.01, Queens County, New York",36,81,Queens,76901,4081,662,77667,27876,0,True,0.0
36081076902,"Census Tract 0769.02, Queens County, New York",36,81,Queens,76902,1158,166,80250,12142,0,True,0.0
36081077300,"Census Tract 0773.00, Queens County, New York",36,81,Queens,77300,2049,252,93214,20016,0,True,0.0
36081077500,"Census Tract 0775.00, Queens County, New York",36,81,Queens,77500,2213,384,89509,31578,0,True,0.0
36081077902,"Census Tract 0779.02, Queens County, New York",36,81,Queens,77902,4640,603,91678,17308,0,True,0.0
36081077903,"Census Tract 0779.03, Queens County, New York",36,81,Queens,77903,3234,566,88421,19585,0,True,0.0
36081077904,"Census Tract 0779.04, Queens County, New York",36,81,Queens,77904,5783,1062,93395,15959,0,True,0.0
36081077905,"Census Tract 0779.05, Queens County, New York",36,81,Queens,77905,2873,752,95885,15476,0,True,0.0
36081077906,"Census Tract 0779.06, Queens County, New York",36,81,Queens,77906,3562,576,73533,13509,0,True,0.0
36081077907,"Census Tract 0779.07, Queens County, New York",36,81,Queens,77907,3761,636,45518,21792,0,True,0.0
36081077908,"Census Tract 0779.08, Queens County, New York",36,81,Queens,77908,3048,360,50875,21941,0,True,0.0
36081078800,"Census Tract 0788.00, Queens County, New York",36,81,Queens,78800,1935,442,110388,8130,0,True,0.0
36081079000,"Census Tract 0790.00, Queens County, New York",36,81,Queens,79000,2527,480,79405,15330,0,True,0.0
36081079200,"Census Tract 0792.00, Queens County, New York",36,81,Queens,79200,2488,560,66875,30859,0,True,0.0
36081079300,"Census Tract 0793.00, Queens County, New York",36,81,Queens,79300,0,12,-666666666,-222222222,0,False,
36081079701,"Census Tract 0797.01, Queens County, New York",36,81,Queens,79701,6669,1038,34462,5476,0,True,0.0
36081079702,"Census Tract 0797.02, Queens County, New York",36,81,Queens,79702,4259,688,43766,5511,0,True,0.0
36081079900,"Census Tract 0799.00, Queens County, New York",36,81,Queens,79900,3215,632,41224,6477,0,True,0.0
36081080301,"Census Tract 0803.01, Queens County, New York",36,81,Queens,80301,3804,880,60047,6507,0,True,0.0
36081080302,"Census Tract 0803.02, Queens County, New York",36,81,Queens,80302,3323,913,56633,18718,1,True,30.09328919650918
36081080900,"Census Tract 0809.00, Queens County, New York",36,81,Queens,80900,7018,1024,70100,23714,0,True,0.0
36081081400,"Census Tract 0814.00, Queens County, New York",36,81,Queens,81400,4488,793,94314,15476,0,True,0.0
36081081800,"Census Tract 0818.00, Queens County, New York",36,81,Queens,81800,4084,649,69844,20190,0,True,0.0
36081083700,"Census Tract 0837.00, Queens County, New York",36,81,Queens,83700,5398,799,54545,9702,0,True,0.0
36081083800,"Census Tract 0838.00, Queens County, New York",36,81,Queens,83800,4994,778,97250,18959,0,True,0.0
36081084000,"Census Tract 0840.00, Queens County, New York",36,81,Queens,84000,6148,826,83326,19629,0,True,0.0
36081084500,"Census Tract 0845.00, Queens County, New York",36,81,Queens,84500,5010,627,35525,9817,0,True,0.0
36081084601,"Census Tract 0846.01, Queens County, New York",36,81,Queens,84601,2941,392,91951,8434,0,True,0.0
36081084602,"Census Tract 0846.02, Queens County, New York",36,81,Queens,84602,992,442,77500,50177,1,True,100.80645161290322
36081084901,"Census Tract 0849.01, Queens County, New York",36,81,Queens,84901,2855,679,36120,10143,0,True,0.0
36081084902,"Census Tract 0849.02, Queens County, New York",36,81,Queens,84902,4394,910,-666666666,-222222222,0,False,0.0
36081085300,"Census Tract 0853.00, Queens County, New York",36,81,Queens,85300,5634,700,40357,14949,0,True,0.0
36081085500,"Census Tract 0855.00, Queens County, New York",36,81,Queens,85500,6856,1393,37074,5833,0,True,0.0
36081085700,"Census Tract 0857.00, Queens County, New York",36,81,Queens,85700,5074,650,43633,10718,0,True,0.0
36081085900,"Census Tract 0859.00, Queens County, New York",36,81,Queens,85900,5363,735,58625,12209,0,True,0.0
36081086100,"Census Tract 0861.00, Queens County, New York",36,81,Queens,86100,2121,322,50769,11336,0,True,0.0
36081086300,"Census Tract 0863.00, Queens County, New York",36,81,Queens,86300,6707,1050,44012,16119,0,True,0.0
36081086400,"Census Tract 0864.00, Queens County, New York",36,81,Queens,86400,2671,405,104286,25660,0,True,0.0
36081086500,"Census Tract 0865.00, Queens County, New York",36,81,Queens,86500,4270,713,40596,13083,0,True,0.0
36081086900,"Census Tract 0869.00, Queens County, New York",36,81,Queens,86900,1640,288,42578,36431,0,True,0.0
36081087100,"Census Tract 0871.00, Queens County, New York",36,81,Queens,87100,2842,535,36849,8254,1,True,35.186488388458834
36081088400,"Census Tract 0884.00, Queens County, New York",36,81,Queens,88400,8442,1163,92640,16384,0,True,0.0
36081088902,"Census Tract 0889.02, Queens County, New York",36,81,Queens,88902,5184,1018,49115,14350,0,True,0.0
36081088903,"Census Tract 0889.03, Queens County, New York",36,81,Queens,88903,4836,1011,67336,18135,0,True,0.0
36081089201,"Census Tract 0892.01, Queens County, New York",36,81,Queens,89201,7789,1475,122250,21530,1,True,12.838618564642445
36081089202,"Census Tract 0892.02, Queens County, New York",36,81,Queens,89202,0,12,-666666666,-222222222,0,False,
36081090700,"Census Tract 0907.00, Queens County, New York",36,81,Queens,90700,1391,277,49659,30484,1,True,71.89072609633358
36081091602,"Census Tract 0916.02, Queens County, New York",36,81,Queens,91602,0,12,-666666666,-222222222,0,False,
36081091603,"Census Tract 0916.03, Queens County, New York",36,81,Queens,91603,3527,819,116205,25889,0,True,0.0
36081091604,"Census Tract 0916.04, Queens County, New York",36,81,Queens,91604,0,12,-666666666,-222222222,0,False,
36081091800,"Census Tract 0918.00, Queens County, New York",36,81,Queens,91800,12,11,-666666666,-222222222,0,False,0.0
36081091900,"Census Tract 0919.00, Queens County, New York",36,81,Queens,91900,5444,806,53491,12243,1,True,18.36884643644379
36081092200,"Census Tract 0922.00, Queens County, New York",36,81,Queens,92200,1995,337,136799,26485,0,True,0.0
36081092500,"Census Tract 0925.00, Queens County, New York",36,81,Queens,92500,3211,737,46461,10883,0,True,0.0
36081092800,"Census Tract 0928.00, Queens County, New York",36,81,Queens,92800,3731,646,152543,36099,0,True,0.0
36081092900,"Census Tract 0929.00, Queens County, New York",36,81,Queens,92900,6996,1245,63646,6902,1,True,14.29388221841052
36081093401,"Census Tract 0934.01, Queens County, New York",36,81,Queens,93401,3851,709,88992,8923,0,True,0.0
36081093402,"Census Tract 0934.02, Queens County, New York",36,81,Queens,93402,4269,754,98668,15038,0,True,0.0
36081093800,"Census Tract 0938.00, Queens County, New York",36,81,Queens,93800,5176,759,52277,13216,0,True,0.0
36081093900,"Census Tract 0939.00, Queens County, New York",36,81,Queens,93900,5885,927,80833,16225,0,True,0.0
36081094201,"Census Tract 0942.01, Queens County, New York",36,81,Queens,94201,2988,441,68229,11613,0,True,0.0
36081094202,"Census Tract 0942.02, Queens County, New York",36,81,Queens,94202,5479,796,31662,13929,5,True,91.25752874612155
36081094203,"Census Tract 0942.03, Queens County, New York",36,81,Queens,94203,6295,814,55919,16472,0,True,0.0
36081094500,"Census Tract 0945.00, Queens County, New York",36,81,Queens,94500,3654,558,74688,20088,0,True,0.0
36081094700,"Census Tract 0947.00, Queens County, New York",36,81,Queens,94700,2095,455,66250,19094,0,True,0.0
36081095400,"Census Tract 0954.00, Queens County, New York",36,81,Queens,95400,6255,1085,73405,11533,5,True,79.93605115907275
36081096400,"Census Tract 0964.00, Queens County, New York",36,81,Queens,96400,6877,833,82104,17216,2,True,29.08244874218409
36081097202,"Census Tract 0972.02, Queens County, New York",36,81,Queens,97202,3282,630,25568,9702,1,True,30.469226081657528
36081097204,"Census Tract 0972.04, Queens County, New York",36,81,Queens,97204,3972,795,52885,10553,3,True,75.52870090634441
36081097205,"Census Tract 0972.05, Queens County, New York",36,81,Queens,97205,3523,495,25711,5176,2,True,56.76979846721544
36081097206,"Census Tract 0972.06, Queens County, New York",36,81,Queens,97206,3334,735,39639,12066,3,True,89.98200359928015
36081097207,"Census Tract 0972.07, Queens County, New York",36,81,Queens,97207,0,12,-666666666,-222222222,1,False,
36081097300,"Census Tract 0973.00, Queens County, New York",36,81,Queens,97300,1947,342,105750,34519,0,True,0.0
36081098100,"Census Tract 0981.00, Queens County, New York",36,81,Queens,98100,2217,273,93452,19066,0,True,0.0
36081098700,"Census Tract 0987.00, Queens County, New York",36,81,Queens,98700,2498,301,84750,22202,0,True,0.0
36081099100,"Census Tract 0991.00, Queens County, New York",36,81,Queens,99100,7252,1123,90982,8969,1,True,13.78929950358522
36081099200,"Census Tract 0992.00, Queens County, New York",36,81,Queens,99200,4349,619,29691,7260,3,True,68.98137502874224
36081099701,"Census Tract 0997.01, Queens County, New York",36,81,Queens,99701,2734,339,101058,16465,0,True,0.0
36081099703,"Census Tract 0997.03, Queens County, New York",36,81,Queens,99703,3481,568,89375,13147,0,True,0.0
36081099704,"Census Tract 0997.04, Queens County, New York",36,81,Queens,99704,6915,1462,76154,14701,0,True,0.0
36081099705,"Census Tract 0997.05, Queens County, New York",36,81,Queens,99705,2791,564,115547,15564,0,True,0.0
36081099801,"Census Tract 0998.01, Queens County, New York",36,81,Queens,99801,8631,1608,66532,17654,3,True,34.758428919012864
36081099802,"Census Tract 0998.02, Queens County, New York",36,81,Queens,99802,6104,1259,50523,7626,4,True,65.53079947575361
36081099900,"Census Tract 0999.00, Queens County, New York",36,81,Queens,99900,0,12,-666666666,-222222222,0,False,
36081100801,"Census Tract 1008.01, Queens County, New York",36,81,Queens,100801,2708,589,112098,15757,0,True,0.0
36081100803,"Census Tract 1008.03, Queens County, New York",36,81,Queens,100803,3640,572,49561,11576,5,True,137.36263736263737
36081100804,"Census Tract 1008.04, Queens County, New York",36,81,Queens,100804,4843,942,80256,12583,0,True,0.0
36081101002,"Census Tract 1010.02, Queens County, New York",36,81,Queens,101002,4860,1368,31483,9537,2,True,41.15226337448559
36081101003,"Census Tract 1010.03, Queens County, New York",36,81,Queens,101003,4393,961,-666666666,-222222222,1,False,22.763487366264513
36081101004,"Census Tract 1010.04, Queens County, New York",36,81,Queens,101004,7611,1062,38926,14189,1,True,13.138877939823939
36081101700,"Census Tract 1017.00, Queens County, New York",36,81,Queens,101700,6191,932,80532,16885,0,True,0.0
36081102900,"Census Tract 1029.00, Queens County, New York",36,81,Queens,102900,3636,590,88616,17266,0,True,0.0
36081103201,"Census Tract 1032.01, Queens County, New York",36,81,Queens,103201,5981,908,42390,8743,11,True,183.91573315499082
36081103202,"Census Tract 1032.02, Queens County, New York",36,81,Queens,103202,8592,1325,72736,9865,0,True,0.0
36081103300,"Census Tract 1033.00, Queens County, New York",36,81,Queens,103300,4736,806,85703,11245,0,True,0.0
36081103900,"Census Tract 1039.00, Queens County, New York",36,81,Queens,103900,6067,788,63154,10346,0,True,0.0
36081104700,"Census Tract 1047.00, Queens County, New York",36,81,Queens,104700,6738,1342,65888,7920,0,True,0.0
36081105900,"Census Tract 1059.00, Queens County, New York",36,81,Queens,105900,3845,755,99826,18371,0,True,0.0
36081107201,"Census Tract 1072.01, Queens County, New York",36,81,Queens,107201,2257,361,89306,32777,0,True,0.0
36081107202,"Census Tract 1072.02, Queens County, New York",36,81,Queens,107202,0,12,-666666666,-222222222,0,False,
36081108500,"Census Tract 1085.00, Queens County, New York",36,81,Queens,108500,2467,428,57566,10725,0,True,0.0
36081109300,"Census Tract 1093.00, Queens County, New York",36,81,Queens,109300,2789,462,117690,25609,0,True,0.0
36081109700,"Census Tract 1097.00, Queens County, New York",36,81,Queens,109700,1676,219,99392,10457,0,True,0.0
36081109900,"Census Tract 1099.00, Queens County, New York",36,81,Queens,109900,3153,600,67122,16539,0,True,0.0
36081111300,"Census Tract 1113.00, Queens County, New York",36,81,Queens,111300,2634,412,106500,43211,0,True,0.0
36081112300,"Census Tract 1123.00, Queens County, New York",36,81,Queens,112300,2085,293,108029,10760,0,True,0.0
36081112900,"Census Tract 1129.00, Queens County, New York",36,81,Queens,112900,2120,463,87375,15289,0,True,0.0
36081113300,"Census Tract 1133.00, Queens County, New York",36,81,Queens,113300,1498,202,101852,17516,0,True,0.0
36081113900,"Census Tract 1139.00, Queens County, New York",36,81,Queens,113900,3589,546,65958,16309,0,True,0.0
36081114100,"Census Tract 1141.00, Queens County, New York",36,81,Queens,114100,2373,316,114167,37280,0,True,0.0
36081114700,"Census Tract 1147.00, Queens County, New York",36,81,Queens,114700,1836,311,83864,5615,0,True,0.0
36081115100,"Census Tract 1151.00, Queens County, New York",36,81,Queens,115100,849,133,80625,19836,0,True,0.0
36081115500,"Census Tract 1155.00, Queens County, New York",36,81,Queens,115500,2366,354,56635,20148,0,True,0.0
36081115700,"Census Tract 1157.00, Queens County, New York",36,81,Queens,115700,3007,490,50077,16189,0,True,0.0
36081115900,"Census Tract 1159.00, Queens County, New York",36,81,Queens,115900,4063,539,41792,33508,0,True,0.0
36081116100,"Census Tract 1161.00, Queens County, New York",36,81,Queens,116100,4197,864,29862,10558,0,True,0.0
36081116301,"Census Tract 1163.01, Queens County, New York",36,81,Queens,116301,4630,512,27297,11357,1,True,21.598272138228943
36081116302,"Census Tract 1163.02, Queens County, New York",36,81,Queens,116302,4200,1151,47765,11349,0,True,0.0
36081116700,"Census Tract 1167.00, Queens County, New York",36,81,Queens,116700,1894,305,42438,24624,0,True,0.0
36081117100,"Census Tract 1171.00, Queens County, New York",36,81,Queens,117100,2309,279,55787,9903,0,True,0.0
36081117500,"Census Tract 1175.00, Queens County, New York",36,81,Queens,117500,4709,814,70833,14305,0,True,0.0
36081118100,"Census Tract 1181.00, Queens County, New York",36,81,Queens,118100,1632,275,66500,9896,0,True,0.0
36081118500,"Census Tract 1185.00, Queens County, New York",36,81,Queens,118500,1916,326,49559,6162,0,True,0.0
36081118700,"Census Tract 1187.00, Queens County, New York",36,81,Queens,118700,2354,366,42202,10459,0,True,0.0
36081118900,"Census Tract 1189.00, Queens County, New York",36,81,Queens,118900,1957,399,46707,8344,0,True,0.0
36081119100,"Census Tract 1191.00, Queens County, New York",36,81,Queens,119100,2827,498,37138,11720,0,True,0.0
36081119300,"Census Tract 1193.00, Queens County, New York",36,81,Queens,119300,2107,316,46563,6741,0,True,0.0
36081119500,"Census Tract 1195.00, Queens County, New York",36,81,Queens,119500,1305,299,92132,13428,0,True,0.0
36081119900,"Census Tract 1199.00, Queens County, New York",36,81,Queens,119900,1482,283,92361,27291,0,True,0.0
36081120100,"Census Tract 1201.00, Queens County, New York",36,81,Queens,120100,1506,361,70294,18265,1,True,66.40106241699867
36081120300,"Census Tract 1203.00, Queens County, New York",36,81,Queens,120300,1433,310,61250,37277,0,True,0.0
36081120500,"Census Tract 1205.00, Queens County, New York",36,81,Queens,120500,2587,393,21369,13449,0,True,0.0
36081120701,"Census Tract 1207.01, Queens County, New York",36,81,Queens,120701,3109,453,99286,17812,0,True,0.0
36081120702,"Census Tract 1207.02, Queens County, New York",36,81,Queens,120702,0,12,-666666666,-222222222,0,False,
36081121100,"Census Tract 1211.00, Queens County, New York",36,81,Queens,121100,0,12,-666666666,-222222222,0,False,
36081121500,"Census Tract 1215.00, Queens County, New York",36,81,Queens,121500,4456,596,86891,30761,0,True,0.0
36081122300,"Census Tract 1223.00, Queens County, New York",36,81,Queens,122300,3512,641,79284,17017,0,True,0.0
36081122702,"Census Tract 1227.02, Queens County, New York",36,81,Queens,122702,6509,989,27196,10140,1,True,15.363343063450609
36081122703,"Census Tract 1227.03, Queens County, New York",36,81,Queens,122703,6523,794,69327,32329,0,True,0.0
36081122704,"Census Tract 1227.04, Queens County, New York",36,81,Queens,122704,4929,1876,64539,27271,1,True,20.28809089064719
36081124100,"Census Tract 1241.00, Queens County, New York",36,81,Queens,124100,4094,668,78474,16343,0,True,0.0
36081124700,"Census Tract 1247.00, Queens County, New York",36,81,Queens,124700,3498,488,91316,31749,0,True,0.0
36081125700,"Census Tract 1257.00, Queens County, New York",36,81,Queens,125700,3290,526,65045,15153,0,True,0.0
36081126500,"Census Tract 1265.00, Queens County, New York",36,81,Queens,126500,1701,269,95000,38824,0,True,0.0
36081126700,"Census Tract 1267.00, Queens County, New York",36,81,Queens,126700,4738,574,82303,29189,0,True,0.0
36081127700,"Census Tract 1277.00, Queens County, New York",36,81,Queens,127700,3162,571,134777,42483,0,True,0.0
36081128300,"Census Tract 1283.00, Queens County, New York",36,81,Queens,128300,0,12,-666666666,-222222222,0,False,
36081129102,"Census Tract 1291.02, Queens County, New York",36,81,Queens,129102,3957,734,120669,9025,0,True,0.0
36081129103,"Census Tract 1291.03, Queens County, New York",36,81,Queens,129103,4094,748,67273,16740,0,True,0.0
36081129104,"Census Tract 1291.04, Queens County, New York",36,81,Queens,129104,4112,435,81212,16815,1,True,24.31906614785992
36081130100,"Census Tract 1301.00, Queens County, New York",36,81,Queens,130100,3963,624,79057,10991,1,True,25.233409033560434
36081133300,"Census Tract 1333.00, Queens County, New York",36,81,Queens,133300,3876,665,108409,13884,0,True,0.0
36081133900,"Census Tract 1339.00, Queens County, New York",36,81,Queens,133900,1289,214,143155,32525,0,True,0.0
36081134100,"Census Tract 1341.00, Queens County, New York",36,81,Queens,134100,3570,523,78555,31744,0,True,0.0
36081134701,"Census Tract 1347.01, Queens County, New York",36,81,Queens,134701,5302,722,72031,25798,0,True,0.0
36081134702,"Census Tract 1347.02, Queens County, New York",36,81,Queens,134702,4904,1125,77895,17404,0,True,0.0
36081136700,"Census Tract 1367.00, Queens County, New York",36,81,Queens,136700,6068,1251,93356,18983,0,True,0.0
36081137700,"Census Tract 1377.00, Queens County, New York",36,81,Queens,137700,7325,1030,78892,8725,0,True,0.0
36081138501,"Census Tract 1385.01, Queens County, New York",36,81,Queens,138501,4305,540,95643,8716,0,True,0.0
36081138502,"Census Tract 1385.02, Queens County, New York",36,81,Queens,138502,90,84,-666666666,-222222222,0,False,0.0
36081139900,"Census Tract 1399.00, Queens County, New York",36,81,Queens,139900,1587,282,129271,36113,0,True,0.0
36081140300,"Census Tract 1403.00, Queens County, New York",36,81,Queens,140300,2508,430,81138,10538,0,True,0.0
36081140901,"Census Tract 1409.01, Queens County, New York",36,81,Queens,140901,1086,423,107563,40134,0,True,0.0
36081140902,"Census Tract 1409.02, Queens County, New York",36,81,Queens,140902,2644,344,80125,15152,0,True,0.0
36081141700,"Census Tract 1417.00, Queens County, New York",36,81,Queens,141700,4852,669,60880,14347,0,True,0.0
36081142900,"Census Tract 1429.00, Queens County, New York",36,81,Queens,142900,3944,589,70489,37974,0,True,0.0
36081143500,"Census Tract 1435.00, Queens County, New York",36,81,Queens,143500,2350,392,104235,15193,0,True,0.0
36081144100,"Census Tract 1441.00, Queens County, New York",36,81,Queens,144100,2786,442,101646,11354,0,True,0.0
36081144700,"Census Tract 1447.00, Queens County, New York",36,81,Queens,144700,3311,472,72419,19062,0,True,0.0
36081145101,"Census Tract 1451.01, Queens County, New York",36,81,Queens,145101,1072,199,69107,12717,0,True,0.0
36081145102,"Census Tract 1451.02, Queens County, New York",36,81,Queens,145102,2671,508,62500,39638,0,True,0.0
36081145900,"Census Tract 1459.00, Queens County, New York",36,81,Queens,145900,2754,476,90250,13568,0,True,0.0
36081146300,"Census Tract 1463.00, Queens County, New York",36,81,Queens,146300,2847,773,71419,3041,0,True,0.0
36081146700,"Census Tract 1467.00, Queens County, New York",36,81,Queens,146700,2614,337,88243,4361,0,True,0.0
36081147100,"Census Tract 1471.00, Queens County, New York",36,81,Queens,147100,3394,456,88681,23753,0,True,0.0
36081147900,"Census Tract 1479.00, Queens County, New York",36,81,Queens,147900,4208,556,87325,21155,0,True,0.0
36081148300,"Census Tract 1483.00, Queens County, New York",36,81,Queens,148300,2976,505,143875,26795,0,True,0.0
36081150701,"Census Tract 1507.01, Queens County, New York",36,81,Queens,150701,2974,413,142667,40000,0,True,0.0
36081150702,"Census Tract 1507.02, Queens County, New York",36,81,Queens,150702,3031,413,94735,13106,0,True,0.0
36081152901,"Census Tract 1529.01, Queens County, New York",36,81,Queens,152901,6198,607,71425,12075,0,True,0.0
36081152902,"Census Tract 1529.02, Queens County, New York",36,81,Queens,152902,5919,1261,90313,28810,0,True,0.0
36081155101,"Census Tract 1551.01, Queens County, New York",36,81,Queens,155101,2249,599,75742,35621,0,True,0.0
36081155103,"Census Tract 1551.03, Queens County, New York",36,81,Queens,155103,5165,724,92361,15860,0,True,0.0
36081155104,"Census Tract 1551.04, Queens County, New York",36,81,Queens,155104,3748,821,114208,58793,1,True,26.680896478121667
36081156700,"Census Tract 1567.00, Queens County, New York",36,81,Queens,156700,1929,524,57896,14777,0,True,0.0
36081157101,"Census Tract 1571.01, Queens County, New York",36,81,Queens,157101,8444,1433,97847,19624,0,True,0.0
36081157102,"Census Tract 1571.02, Queens County, New York",36,81,Queens,157102,2080,282,104615,20609,0,True,0.0
36081157901,"Census Tract 1579.01, Queens County, New York",36,81,Queens,157901,5389,943,103238,5953,0,True,0.0
36081157902,"Census Tract 1579.02, Queens County, New York",36,81,Queens,157902,4392,708,99853,31840,0,True,0.0
36081157903,"Census Tract 1579.03, Queens County, New York",36,81,Queens,157903,4055,541,94868,15850,0,True,0.0
36081161700,"Census Tract 1617.00, Queens County, New York",36,81,Queens,161700,4610,581,126786,21194,0,True,0.0
36081162100,"Census Tract 1621.00, Queens County, New York",36,81,Queens,162100,6397,853,85063,18956,0,True,0.0
36081990100,"Census Tract 9901.00, Queens County, New York",36,81,Queens,990100,0,12,-666666666,-222222222,0,False,
36085000300,"Census Tract 0003.00, Richmond County, New York",36,85,Richmond,300,2123,265,67500,19694,0,True,0.0
36085000600,"Census Tract 0006.00, Richmond County, New York",36,85,Richmond,600,2331,372,22235,13862,0,True,0.0
36085000700,"Census Tract 0007.00, Richmond County, New York",36,85,Richmond,700,4325,833,40726,19401,0,True,0.0
36085000800,"Census Tract 0008.00, Richmond County, New York",36,85,Richmond,800,5553,752,80372,16317,0,True,0.0
36085000900,"Census Tract 0009.00, Richmond County, New York",36,85,Richmond,900,1875,392,54821,20668,0,True,0.0
36085001100,"Census Tract 0011.00, Richmond County, New York",36,85,Richmond,1100,3146,802,47159,15558,0,True,0.0
36085001700,"Census Tract 0017.00, Richmond County, New York",36,85,Richmond,1700,1293,344,54261,12814,0,True,0.0
36085001800,"Census Tract 0018.00, Richmond County, New York",36,85,Richmond,1800,659,196,74286,26238,0,True,0.0
36085002001,"Census Tract 0020.01, Richmond County, New York",36,85,Richmond,2001,2909,492,72208,32129,0,True,0.0
36085002002,"Census Tract 0020.02, Richmond County, New York",36,85,Richmond,2002,3182,427,79028,45984,2,True,62.85355122564425
36085002100,"Census Tract 0021.00, Richmond County, New York",36,85,Richmond,2100,4849,722,55938,20891,2,True,41.245617653124356
36085002700,"Census Tract 0027.00, Richmond County, New York",36,85,Richmond,2700,1805,413,31078,12954,0,True,0.0
36085002900,"Census Tract 0029.00, Richmond County, New York",36,85,Richmond,2900,4867,949,27766,4932,1,True,20.546537908362442
36085003300,"Census Tract 0033.00, Richmond County, New York",36,85,Richmond,3300,3622,528,104363,18421,0,True,0.0
36085003600,"Census Tract 0036.00, Richmond County, New York",36,85,Richmond,3600,2965,447,78958,27908,0,True,0.0
36085003900,"Census Tract 0039.00, Richmond County, New York",36,85,Richmond,3900,2373,401,77891,10163,0,True,0.0
36085004001,"Census Tract 0040.01, Richmond County, New York",36,85,Richmond,4001,2996,1164,49928,12352,1,True,33.37783711615487
36085004002,"Census Tract 0040.02, Richmond County, New York",36,85,Richmond,4002,2290,332,113944,20983,0,True,0.0
36085004003,"Census Tract 0040.03, Richmond County, New York",36,85,Richmond,4003,3253,681,12694,11593,8,True,245.92683676606208
36085004004,"Census Tract 0040.04, Richmond County, New York",36,85,Richmond,4004,3875,1371,72362,46119,1,True,25.806451612903228
36085004700,"Census Tract 0047.00, Richmond County, New York",36,85,Richmond,4700,2747,582,95224,33195,0,True,0.0
36085005000,"Census Tract 0050.00, Richmond County, New York",36,85,Richmond,5000,4061,681,75313,23706,0,True,0.0
36085005901,"Census Tract 0059.01, Richmond County, New York",36,85,Richmond,5901,3180,459,72278,21270,0,True,0.0
36085005902,"Census Tract 0059.02, Richmond County, New York",36,85,Richmond,5902,0,12,-666666666,-222222222,0,False,
36085006400,"Census Tract 0064.00, Richmond County, New York",36,85,Richmond,6400,3318,639,46111,23616,1,True,30.13863773357444
36085006700,"Census Tract 0067.00, Richmond County, New York",36,85,Richmond,6700,2529,390,131591,50774,0,True,0.0
36085007001,"Census Tract 0070.01, Richmond County, New York",36,85,Richmond,7001,3083,619,98672,45157,0,True,0.0
36085007002,"Census Tract 0070.02, Richmond County, New York",36,85,Richmond,7002,6376,1285,122685,28660,1,True,15.683814303638643
36085007400,"Census Tract 0074.00, Richmond County, New York",36,85,Richmond,7400,4494,576,65804,8225,0,True,0.0
36085007500,"Census Tract 0075.00, Richmond County, New York",36,85,Richmond,7500,4551,862,79059,9639,1,True,21.973192704900022
36085007700,"Census Tract 0077.00, Richmond County, New York",36,85,Richmond,7700,1635,387,77125,12231,0,True,0.0
36085008100,"Census Tract 0081.00, Richmond County, New York",36,85,Richmond,8100,4382,697,52545,23409,2,True,45.64125969876768
36085009601,"Census Tract 0096.01, Richmond County, New York",36,85,Richmond,9601,4656,692,97381,18530,0,True,0.0
36085009602,"Census Tract 0096.02, Richmond County, New York",36,85,Richmond,9602,3193,502,75165,21047,0,True,0.0
36085009701,"Census Tract 0097.01, Richmond County, New York",36,85,Richmond,9701,4331,436,100659,22668,1,True,23.089355806972986
36085009702,"Census Tract 0097.02, Richmond County, New York",36,85,Richmond,9702,0,12,-666666666,-222222222,0,False,
36085010500,"Census Tract 0105.00, Richmond County, New York",36,85,Richmond,10500,4431,678,79970,14685,0,True,0.0
36085011201,"Census Tract 0112.01, Richmond County, New York",36,85,Richmond,11201,5913,854,95170,22724,0,True,0.0
36085011203,"Census Tract 0112.03, Richmond County, New York",36,85,Richmond,11203,6237,1198,70541,16335,0,True,0.0
36085011204,"Census Tract 0112.04, Richmond County, New York",36,85,Richmond,11204,233,224,96974,96395,0,True,0.0
36085011401,"Census Tract 0114.01, Richmond County, New York",36,85,Richmond,11401,2960,537,50500,27728,0,True,0.0
36085011402,"Census Tract 0114.02, Richmond County, New York",36,85,Richmond,11402,3524,626,87111,12221,0,True,0.0
36085012100,"Census Tract 0121.00, Richmond County, New York",36,85,Richmond,12100,2912,532,124697,33509,0,True,0.0
36085012200,"Census Tract 0122.00, Richmond County, New York",36,85,Richmond,12200,4022,687,86359,14086,0,True,0.0
36085012500,"Census Tract 0125.00, Richmond County, New York",36,85,Richmond,12500,3103,448,90110,13738,0,True,0.0
36085012804,"Census Tract 0128.04, Richmond County, New York",36,85,Richmond,12804,4096,631,87656,19579,0,True,0.0
36085012805,"Census Tract 0128.05, Richmond County, New York",36,85,Richmond,12805,2534,562,103526,20839,0,True,0.0
36085012806,"Census Tract 0128.06, Richmond County, New York",36,85,Richmond,12806,5304,783,52218,6778,0,True,0.0
36085013201,"Census Tract 0132.01, Richmond County, New York",36,85,Richmond,13201,1347,214,110625,19191,0,True,0.0
36085013203,"Census Tract 0132.03, Richmond County, New York",36,85,Richmond,13203,5986,932,108696,26722,0,True,0.0
36085013204,"Census Tract 0132.04, Richmond County, New York",36,85,Richmond,13204,4809,492,90625,14706,0,True,0.0
36085013301,"Census Tract 0133.01, Richmond County, New York",36,85,Richmond,13301,1067,226,11343,8650,2,True,187.44142455482663
36085013302,"Census Tract 0133.02, Richmond County, New York",36,85,Richmond,13302,3320,727,68487,41270,5,True,150.60240963855424
36085013400,"Census Tract 0134.00, Richmond County, New York",36,85,Richmond,13400,4127,828,86875,20741,0,True,0.0
36085013800,"Census Tract 0138.00, Richmond County, New York",36,85,Richmond,13800,6558,922,121512,10698,0,True,0.0
36085014100,"Census Tract 0141.00, Richmond County, New York",36,85,Richmond,14100,2564,411,57287,18861,0,True,0.0
36085014604,"Census Tract 0146.04, Richmond County, New York",36,85,Richmond,14604,7041,1144,110915,20791,0,True,0.0
36085014605,"Census Tract 0146.05, Richmond County, New York",36,85,Richmond,14605,3819,575,118889,12991,0,True,0.0
36085014606,"Census Tract 0146.06, Richmond County, New York",36,85,Richmond,14606,5734,862,113102,11188,0,True,0.0
36085014607,"Census Tract 0146.07, Richmond County, New York",36,85,Richmond,14607,4725,622,104722,7597,0,True,0.0
36085014608,"Census Tract 0146.08, Richmond County, New York",36,85,Richmond,14608,3264,651,111823,25796,0,True,0.0
36085014700,"Census Tract 0147.00, Richmond County, New York",36,85,Richmond,14700,3188,574,103173,16324,0,True,0.0
36085015100,"Census Tract 0151.00, Richmond County, New York",36,85,Richmond,15100,5602,983,107375,18049,0,True,0.0
36085015400,"Census Tract 0154.00, Richmond County, New York",36,85,Richmond,15400,0,12,-666666666,-222222222,0,False,
36085015601,"Census Tract 0156.01, Richmond County, New York",36,85,Richmond,15601,6075,902,108786,23515,0,True,0.0
36085015602,"Census Tract 0156.02, Richmond County, New York",36,85,Richmond,15602,3325,533,118112,11209,0,True,0.0
36085015603,"Census Tract 0156.03, Richmond County, New York",36,85,Richmond,15603,4636,771,87414,27464,0,True,0.0
36085016901,"Census Tract 0169.01, Richmond County, New York",36,85,Richmond,16901,3679,766,126875,46075,0,True,0.0
36085017005,"Census Tract 0170.05, Richmond County, New York",36,85,Richmond,17005,4913,695,97841,16740,0,True,0.0
36085017007,"Census Tract 0170.07, Richmond County, New York",36,85,Richmond,17007,6229,1168,91591,15300,0,True,0.0
36085017009,"Census Tract 0170.09, Richmond County, New York",36,85,Richmond,17009,4710,823,92692,35634,0,True,0.0
36085017011,"Census Tract 0170.11, Richmond County, New York",36,85,Richmond,17011,4514,580,108326,17405,0,True,0.0
36085017012,"Census Tract 0170.12, Richmond County, New York",36,85,Richmond,17012,4020,612,92150,27080,0,True,0.0
36085017013,"Census Tract 0170.13, Richmond County, New York",36,85,Richmond,17013,4508,985,73804,24869,0,True,0.0
36085017014,"Census Tract 0170.14, Richmond County, New York",36,85,Richmond,17014,4473,460,93474,4736,0,True,0.0
36085017015,"Census Tract 0170.15, Richmond County, New York",36,85,Richmond,17015,2490,465,98154,18330,0,True,0.0
36085017016,"Census Tract 0170.16, Richmond County, New York",36,85,Richmond,17016,4405,692,104173,11791,0,True,0.0
36085017300,"Census Tract 0173.00, Richmond County, New York",36,85,Richmond,17300,2329,324,38167,16947,0,True,0.0
36085017600,"Census Tract 0176.00, Richmond County, New York",36,85,Richmond,17600,4897,812,140700,26332,0,True,0.0
36085017701,"Census Tract 0177.01, Richmond County, New York",36,85,Richmond,17701,3456,593,139784,31931,0,True,0.0
36085017702,"Census Tract 0177.02, Richmond County, New York",36,85,Richmond,17702,2562,836,98929,7225,0,True,0.0
36085018100,"Census Tract 0181.00, Richmond County, New York",36,85,Richmond,18100,3146,354,86396,15880,0,True,0.0
36085018701,"Census Tract 0187.01, Richmond County, New York",36,85,Richmond,18701,1791,242,110938,14120,0,True,0.0
36085018703,"Census Tract 0187.03, Richmond County, New York",36,85,Richmond,18703,4387,809,79842,10964,0,True,0.0
36085018704,"Census Tract 0187.04, Richmond County, New York",36,85,Richmond,18704,3459,584,84118,58729,1,True,28.91008962127783
36085018901,"Census Tract 0189.01, Richmond County, New York",36,85,Richmond,18901,4562,613,100078,22546,0,True,0.0
36085018902,"Census Tract 0189.02, Richmond County, New York",36,85,Richmond,18902,5742,1055,102115,20602,1,True,17.41553465691397
36085019700,"Census Tract 0197.00, Richmond County, New York",36,85,Richmond,19700,1756,249,84333,29121,0,True,0.0
36085019800,"Census Tract 0198.00, Richmond County, New York",36,85,Richmond,19800,7075,1079,93281,40568,0,True,0.0
36085020100,"Census Tract 0201.00, Richmond County, New York",36,85,Richmond,20100,3655,678,105000,31161,0,True,0.0
36085020701,"Census Tract 0207.01, Richmond County, New York",36,85,Richmond,20701,3164,788,62000,34850,1,True,31.60556257901391
36085020702,"Census Tract 0207.02, Richmond County, New York",36,85,Richmond,20702,2133,396,21042,17519,2,True,93.76465072667605
36085020803,"Census Tract 0208.03, Richmond County, New York",36,85,Richmond,20803,7595,1389,103810,24746,0,True,0.0
36085020804,"Census Tract 0208.04, Richmond County, New York",36,85,Richmond,20804,6228,718,87911,6765,0,True,0.0
36085020805,"Census Tract 0208.05, Richmond County, New York",36,85,Richmond,20805,6337,956,107284,14115,0,True,0.0
36085020806,"Census Tract 0208.06, Richmond County, New York",36,85,Richmond,20806,2097,547,80018,54889,0,True,0.0
36085021300,"Census Tract 0213.00, Richmond County, New York",36,85,Richmond,21300,4866,835,77699,22129,1,True,20.55076037813399
36085022300,"Census Tract 0223.00, Richmond County, New York",36,85,Richmond,22300,2739,406,53772,1994,0,True,0.0
36085022601,"Census Tract 0226.01, Richmond County, New York",36,85,Richmond,22601,6858,941,130040,37941,0,True,0.0
36085022602,"Census Tract 0226.02, Richmond County, New York",36,85,Richmond,22602,1425,570,-666666666,-222222222,0,False,0.0
36085022801,"Census Tract 0228.01, Richmond County, New York",36,85,Richmond,22801,24,17,-666666666,-222222222,0,False,0.0
36085022802,"Census Tract 0228.02, Richmond County, New York",36,85,Richmond,22802,0,12,-666666666,-222222222,0,False,
36085023100,"Census Tract 0231.00, Richmond County, New York",36,85,Richmond,23100,5041,1059,77684,14058,1,True,19.837333862328904
36085023900,"Census Tract 0239.00, Richmond County, New York",36,85,Richmond,23900,3809,709,83250,26347,0,True,0.0
36085024401,"Census Tract 0244.01, Richmond County, New York",36,85,Richmond,24401,5917,827,111447,38699,0,True,0.0
36085024402,"Census Tract 0244.02, Richmond County, New York",36,85,Richmond,24402,4970,966,115772,23496,0,True,0.0
36085024700,"Census Tract 0247.00, Richmond County, New York",36,85,Richmond,24700,3163,521,67305,30827,0,True,0.0
36085024800,"Census Tract 0248.00, Richmond County, New York",36,85,Richmond,24800,4907,799,106528,15652,0,True,0.0
36085025100,"Census Tract 0251.00, Richmond County, New York",36,85,Richmond,25100,5789,813,115744,37666,0,True,0.0
36085027301,"Census Tract 0273.01, Richmond County, New York",36,85,Richmond,27301,3697,526,78636,19790,0,True,0.0
36085027302,"Census Tract 0273.02, Richmond County, New York",36,85,Richmond,27302,4225,789,73194,43882,0,True,0.0
36085027702,"Census Tract 0277.02, Richmond County, New York",36,85,Richmond,27702,6474,621,74676,15660,0,True,0.0
36085027704,"Census Tract 0277.04, Richmond County, New York",36,85,Richmond,27704,4606,601,83750,17369,0,True,0.0
36085027705,"Census Tract 0277.05, Richmond County, New York",36,85,Richmond,27705,6117,700,89193,17386,0,True,0.0
36085027706,"Census Tract 0277.06, Richmond County, New York",36,85,Richmond,27706,3744,815,74815,50358,0,True,0.0
36085027900,"Census Tract 0279.00, Richmond County, New York",36,85,Richmond,27900,2192,364,117292,53424,0,True,0.0
36085029102,"Census Tract 0291.02, Richmond County, New York",36,85,Richmond,29102,3110,697,81152,16386,0,True,0.0
36085029104,"Census Tract 0291.04, Richmond County, New York",36,85,Richmond,29104,7216,1290,120962,19211,0,True,0.0
36085029105,"Census Tract 0291.05, Richmond County, New York",36,85,Richmond,29105,4435,716,87045,20603,0,True,0.0
36085029106,"Census Tract 0291.06, Richmond County, New York",36,85,Richmond,29106,3511,471,116655,19480,0,True,0.0
36085030301,"Census Tract 0303.01, Richmond County, New York",36,85,Richmond,30301,5151,713,89777,10544,0,True,0.0
36085030302,"Census Tract 0303.02, Richmond County, New York",36,85,Richmond,30302,6569,838,90979,15046,0,True,0.0
36085031901,"Census Tract 0319.01, Richmond County, New York",36,85,Richmond,31901,3293,681,40313,21411,3,True,91.10233829334953
36085031902,"Census Tract 0319.02, Richmond County, New York",36,85,Richmond,31902,4953,739,71000,25868,2,True,40.379567938623055
36085032300,"Census Tract 0323.00, Richmond County, New York",36,85,Richmond,32300,1200,380,95469,33460,1,True,83.33333333333334
36085990100,"Census Tract 9901.00, Richmond County, New York",36,85,Richmond,990100,0,12,-666666666,-222222222,0,False,
