origin,date,step,model,actual,prediction,lower_80,upper_80
2022-03-31,2022-04-01,1,rolling_mean_28,3.0,3.857142857142857,,
2022-03-31,2022-04-02,2,rolling_mean_28,1.0,3.857142857142857,,
2022-03-31,2022-04-03,3,rolling_mean_28,2.0,3.857142857142857,,
2022-03-31,2022-04-04,4,rolling_mean_28,4.0,3.857142857142857,,
2022-03-31,2022-04-05,5,rolling_mean_28,5.0,3.857142857142857,,
2022-03-31,2022-04-06,6,rolling_mean_28,3.0,3.857142857142857,,
2022-03-31,2022-04-07,7,rolling_mean_28,0.0,3.857142857142857,,
2022-03-31,2022-04-08,8,rolling_mean_28,2.0,3.857142857142857,,
2022-03-31,2022-04-09,9,rolling_mean_28,8.0,3.857142857142857,,
2022-03-31,2022-04-10,10,rolling_mean_28,4.0,3.857142857142857,,
2022-03-31,2022-04-11,11,rolling_mean_28,3.0,3.857142857142857,,
2022-03-31,2022-04-12,12,rolling_mean_28,9.0,3.857142857142857,,
2022-03-31,2022-04-13,13,rolling_mean_28,5.0,3.857142857142857,,
2022-03-31,2022-04-14,14,rolling_mean_28,3.0,3.857142857142857,,
2022-03-31,2022-04-15,15,rolling_mean_28,6.0,3.857142857142857,,
2022-03-31,2022-04-16,16,rolling_mean_28,4.0,3.857142857142857,,
2022-03-31,2022-04-17,17,rolling_mean_28,3.0,3.857142857142857,,
2022-03-31,2022-04-18,18,rolling_mean_28,3.0,3.857142857142857,,
2022-03-31,2022-04-19,19,rolling_mean_28,3.0,3.857142857142857,,
2022-03-31,2022-04-20,20,rolling_mean_28,0.0,3.857142857142857,,
2022-03-31,2022-04-21,21,rolling_mean_28,3.0,3.857142857142857,,
2022-03-31,2022-04-22,22,rolling_mean_28,4.0,3.857142857142857,,
2022-03-31,2022-04-23,23,rolling_mean_28,5.0,3.857142857142857,,
2022-03-31,2022-04-24,24,rolling_mean_28,3.0,3.857142857142857,,
2022-03-31,2022-04-25,25,rolling_mean_28,2.0,3.857142857142857,,
2022-03-31,2022-04-26,26,rolling_mean_28,7.0,3.857142857142857,,
2022-03-31,2022-04-27,27,rolling_mean_28,5.0,3.857142857142857,,
2022-03-31,2022-04-28,28,rolling_mean_28,1.0,3.857142857142857,,
2022-03-31,2022-04-01,1,seasonal_naive_7,3.0,6.0,,
2022-03-31,2022-04-02,2,seasonal_naive_7,1.0,2.0,,
2022-03-31,2022-04-03,3,seasonal_naive_7,2.0,2.0,,
2022-03-31,2022-04-04,4,seasonal_naive_7,4.0,1.0,,
2022-03-31,2022-04-05,5,seasonal_naive_7,5.0,3.0,,
2022-03-31,2022-04-06,6,seasonal_naive_7,3.0,2.0,,
2022-03-31,2022-04-07,7,seasonal_naive_7,0.0,5.0,,
2022-03-31,2022-04-08,8,seasonal_naive_7,2.0,6.0,,
2022-03-31,2022-04-09,9,seasonal_naive_7,8.0,2.0,,
2022-03-31,2022-04-10,10,seasonal_naive_7,4.0,2.0,,
2022-03-31,2022-04-11,11,seasonal_naive_7,3.0,1.0,,
2022-03-31,2022-04-12,12,seasonal_naive_7,9.0,3.0,,
2022-03-31,2022-04-13,13,seasonal_naive_7,5.0,2.0,,
2022-03-31,2022-04-14,14,seasonal_naive_7,3.0,5.0,,
2022-03-31,2022-04-15,15,seasonal_naive_7,6.0,6.0,,
2022-03-31,2022-04-16,16,seasonal_naive_7,4.0,2.0,,
2022-03-31,2022-04-17,17,seasonal_naive_7,3.0,2.0,,
2022-03-31,2022-04-18,18,seasonal_naive_7,3.0,1.0,,
2022-03-31,2022-04-19,19,seasonal_naive_7,3.0,3.0,,
2022-03-31,2022-04-20,20,seasonal_naive_7,0.0,2.0,,
2022-03-31,2022-04-21,21,seasonal_naive_7,3.0,5.0,,
2022-03-31,2022-04-22,22,seasonal_naive_7,4.0,6.0,,
2022-03-31,2022-04-23,23,seasonal_naive_7,5.0,2.0,,
2022-03-31,2022-04-24,24,seasonal_naive_7,3.0,2.0,,
2022-03-31,2022-04-25,25,seasonal_naive_7,2.0,1.0,,
2022-03-31,2022-04-26,26,seasonal_naive_7,7.0,3.0,,
2022-03-31,2022-04-27,27,seasonal_naive_7,5.0,2.0,,
2022-03-31,2022-04-28,28,seasonal_naive_7,1.0,5.0,,
2022-03-31,2022-04-01,1,day_of_week_mean_365,3.0,4.634615384615385,,
2022-03-31,2022-04-02,2,day_of_week_mean_365,1.0,4.884615384615385,,
2022-03-31,2022-04-03,3,day_of_week_mean_365,2.0,5.096153846153846,,
2022-03-31,2022-04-04,4,day_of_week_mean_365,4.0,4.538461538461538,,
2022-03-31,2022-04-05,5,day_of_week_mean_365,5.0,3.673076923076923,,
2022-03-31,2022-04-06,6,day_of_week_mean_365,3.0,3.423076923076923,,
2022-03-31,2022-04-07,7,day_of_week_mean_365,0.0,4.415094339622642,,
2022-03-31,2022-04-08,8,day_of_week_mean_365,2.0,4.634615384615385,,
2022-03-31,2022-04-09,9,day_of_week_mean_365,8.0,4.884615384615385,,
2022-03-31,2022-04-10,10,day_of_week_mean_365,4.0,5.096153846153846,,
2022-03-31,2022-04-11,11,day_of_week_mean_365,3.0,4.538461538461538,,
2022-03-31,2022-04-12,12,day_of_week_mean_365,9.0,3.673076923076923,,
2022-03-31,2022-04-13,13,day_of_week_mean_365,5.0,3.423076923076923,,
2022-03-31,2022-04-14,14,day_of_week_mean_365,3.0,4.415094339622642,,
2022-03-31,2022-04-15,15,day_of_week_mean_365,6.0,4.634615384615385,,
2022-03-31,2022-04-16,16,day_of_week_mean_365,4.0,4.884615384615385,,
2022-03-31,2022-04-17,17,day_of_week_mean_365,3.0,5.096153846153846,,
2022-03-31,2022-04-18,18,day_of_week_mean_365,3.0,4.538461538461538,,
2022-03-31,2022-04-19,19,day_of_week_mean_365,3.0,3.673076923076923,,
2022-03-31,2022-04-20,20,day_of_week_mean_365,0.0,3.423076923076923,,
2022-03-31,2022-04-21,21,day_of_week_mean_365,3.0,4.415094339622642,,
2022-03-31,2022-04-22,22,day_of_week_mean_365,4.0,4.634615384615385,,
2022-03-31,2022-04-23,23,day_of_week_mean_365,5.0,4.884615384615385,,
2022-03-31,2022-04-24,24,day_of_week_mean_365,3.0,5.096153846153846,,
2022-03-31,2022-04-25,25,day_of_week_mean_365,2.0,4.538461538461538,,
2022-03-31,2022-04-26,26,day_of_week_mean_365,7.0,3.673076923076923,,
2022-03-31,2022-04-27,27,day_of_week_mean_365,5.0,3.423076923076923,,
2022-03-31,2022-04-28,28,day_of_week_mean_365,1.0,4.415094339622642,,
2022-03-31,2022-04-01,1,poisson_calendar,3.0,2.856521373300197,,
2022-03-31,2022-04-02,2,poisson_calendar,1.0,3.6552047090775144,,
2022-03-31,2022-04-03,3,poisson_calendar,2.0,3.8353205499250915,,
2022-03-31,2022-04-04,4,poisson_calendar,4.0,2.9401182272265483,,
2022-03-31,2022-04-05,5,poisson_calendar,5.0,2.5532300593245845,,
2022-03-31,2022-04-06,6,poisson_calendar,3.0,2.4776541435117805,,
2022-03-31,2022-04-07,7,poisson_calendar,0.0,2.459948273786235,,
2022-03-31,2022-04-08,8,poisson_calendar,2.0,3.031108019278945,,
2022-03-31,2022-04-09,9,poisson_calendar,8.0,3.879560859723978,,
2022-03-31,2022-04-10,10,poisson_calendar,4.0,4.07152075395399,,
2022-03-31,2022-04-11,11,poisson_calendar,3.0,3.1216309792647774,,
2022-03-31,2022-04-12,12,poisson_calendar,9.0,2.71110706726654,,
2022-03-31,2022-04-13,13,poisson_calendar,5.0,2.630971081371931,,
2022-03-31,2022-04-14,14,poisson_calendar,3.0,2.612157385416042,,
2022-03-31,2022-04-15,15,poisson_calendar,6.0,3.2184937658906976,,
2022-03-31,2022-04-16,16,poisson_calendar,4.0,4.119004740838388,,
2022-03-31,2022-04-17,17,poisson_calendar,3.0,4.3222122459916825,,
2022-03-31,2022-04-18,18,poisson_calendar,3.0,3.3132382748120257,,
2022-03-31,2022-04-19,19,poisson_calendar,3.0,2.8768825854621216,,
2022-03-31,2022-04-20,20,poisson_calendar,0.0,2.7911253922302333,,
2022-03-31,2022-04-21,21,poisson_calendar,3.0,2.7703499857407405,,
2022-03-31,2022-04-22,22,poisson_calendar,4.0,3.412282727687451,,
2022-03-31,2022-04-23,23,poisson_calendar,5.0,4.3654345989725885,,
2022-03-31,2022-04-24,24,poisson_calendar,3.0,4.579001491541772,,
2022-03-31,2022-04-25,25,poisson_calendar,2.0,3.5086038860910844,,
2022-03-31,2022-04-26,26,poisson_calendar,7.0,3.0451528394033165,,
2022-03-31,2022-04-27,27,poisson_calendar,5.0,2.9529816618309876,,
2022-03-31,2022-04-28,28,poisson_calendar,1.0,2.929547123190322,,
2022-03-31,2022-04-01,1,autoregressive_log_ridge,3.0,2.7891640887597933,,
2022-03-31,2022-04-02,2,autoregressive_log_ridge,1.0,3.4130095138185803,,
2022-03-31,2022-04-03,3,autoregressive_log_ridge,2.0,3.402785912878813,,
2022-03-31,2022-04-04,4,autoregressive_log_ridge,4.0,2.8300420842901923,,
2022-03-31,2022-04-05,5,autoregressive_log_ridge,5.0,2.433102502991867,,
2022-03-31,2022-04-06,6,autoregressive_log_ridge,3.0,2.1784498510724197,,
2022-03-31,2022-04-07,7,autoregressive_log_ridge,0.0,2.320420841206287,,
2022-03-31,2022-04-08,8,autoregressive_log_ridge,2.0,2.637859247701814,,
2022-03-31,2022-04-09,9,autoregressive_log_ridge,8.0,3.14832256613313,,
2022-03-31,2022-04-10,10,autoregressive_log_ridge,4.0,3.223130423074047,,
2022-03-31,2022-04-11,11,autoregressive_log_ridge,3.0,2.5557844960929317,,
2022-03-31,2022-04-12,12,autoregressive_log_ridge,9.0,2.3756126892016907,,
2022-03-31,2022-04-13,13,autoregressive_log_ridge,5.0,2.1321147554880153,,
2022-03-31,2022-04-14,14,autoregressive_log_ridge,3.0,2.2720051885211925,,
2022-03-31,2022-04-15,15,autoregressive_log_ridge,6.0,2.563515904617571,,
2022-03-31,2022-04-16,16,autoregressive_log_ridge,4.0,3.1996293598590277,,
2022-03-31,2022-04-17,17,autoregressive_log_ridge,3.0,3.24106203054603,,
2022-03-31,2022-04-18,18,autoregressive_log_ridge,3.0,2.601948529819564,,
2022-03-31,2022-04-19,19,autoregressive_log_ridge,3.0,2.3304949034557394,,
2022-03-31,2022-04-20,20,autoregressive_log_ridge,0.0,2.110104449330919,,
2022-03-31,2022-04-21,21,autoregressive_log_ridge,3.0,2.184263461801778,,
2022-03-31,2022-04-22,22,autoregressive_log_ridge,4.0,2.539193976338801,,
2022-03-31,2022-04-23,23,autoregressive_log_ridge,5.0,3.178204444847127,,
2022-03-31,2022-04-24,24,autoregressive_log_ridge,3.0,3.264312254721622,,
2022-03-31,2022-04-25,25,autoregressive_log_ridge,2.0,2.6212945501563625,,
2022-03-31,2022-04-26,26,autoregressive_log_ridge,7.0,2.3909047896081685,,
2022-03-31,2022-04-27,27,autoregressive_log_ridge,5.0,2.1534564175356463,,
2022-03-31,2022-04-28,28,autoregressive_log_ridge,1.0,2.2254067100054398,,
2022-03-31,2022-04-01,1,dynamic_count_ensemble,3.0,3.6853207150997784,1.0,7.0
2022-03-31,2022-04-02,2,dynamic_count_ensemble,1.0,3.935032071364475,1.0,8.0
2022-03-31,2022-04-03,3,dynamic_count_ensemble,2.0,4.011803094206456,1.0,8.0
2022-03-31,2022-04-04,4,dynamic_count_ensemble,4.0,3.6594825216746854,1.0,7.0
2022-03-31,2022-04-05,5,dynamic_count_ensemble,5.0,3.2357283955808738,0.0,7.0
2022-03-31,2022-04-06,6,dynamic_count_ensemble,3.0,3.078315232601012,0.0,6.0
2022-03-31,2022-04-07,7,dynamic_count_ensemble,0.0,3.4858145113391235,1.0,7.0
2022-03-31,2022-04-08,8,dynamic_count_ensemble,2.0,3.6474945048352834,1.0,7.0
2022-03-31,2022-04-09,9,dynamic_count_ensemble,8.0,3.8688603344431125,1.0,8.0
2022-03-31,2022-04-10,10,dynamic_count_ensemble,4.0,3.966889221755265,1.0,8.0
2022-03-31,2022-04-11,11,dynamic_count_ensemble,3.0,3.5909181246253703,1.0,7.0
2022-03-31,2022-04-12,12,dynamic_count_ensemble,9.0,3.2213559421333295,1.0,7.0
2022-03-31,2022-04-13,13,dynamic_count_ensemble,5.0,3.066731458704911,0.0,6.0
2022-03-31,2022-04-14,14,dynamic_count_ensemble,3.0,3.47371059816785,1.0,7.0
2022-03-31,2022-04-15,15,dynamic_count_ensemble,6.0,3.6289086690642227,1.0,7.0
2022-03-31,2022-04-16,16,dynamic_count_ensemble,4.0,3.881687032874587,1.0,8.0
2022-03-31,2022-04-17,17,dynamic_count_ensemble,3.0,3.9713721236232606,1.0,8.0
2022-03-31,2022-04-18,18,dynamic_count_ensemble,3.0,3.6024591330570286,1.0,7.0
2022-03-31,2022-04-19,19,dynamic_count_ensemble,3.0,3.2100764956968417,1.0,7.0
2022-03-31,2022-04-20,20,dynamic_count_ensemble,0.0,3.061228882165637,0.0,6.0
2022-03-31,2022-04-21,21,dynamic_count_ensemble,3.0,3.4517751664879963,1.0,7.0
2022-03-31,2022-04-22,22,dynamic_count_ensemble,4.0,3.6228281869945302,1.0,7.0
2022-03-31,2022-04-23,23,dynamic_count_ensemble,5.0,3.876330804121612,1.0,8.0
2022-03-31,2022-04-24,24,dynamic_count_ensemble,3.0,3.977184679667159,1.0,8.0
2022-03-31,2022-04-25,25,dynamic_count_ensemble,2.0,3.607295638141228,1.0,7.0
2022-03-31,2022-04-26,26,dynamic_count_ensemble,7.0,3.225178967234949,0.0,6.0
2022-03-31,2022-04-27,27,dynamic_count_ensemble,5.0,3.0720668742168185,0.0,6.0
2022-03-31,2022-04-28,28,dynamic_count_ensemble,1.0,3.4620609785389114,1.0,7.0
2022-03-31,2022-04-01,1,prophet,3.0,3.9639290558733014,1.2600687106944473,6.568051282347505
2022-03-31,2022-04-02,2,prophet,1.0,5.296998412758022,2.6896733738675382,8.017979624191733
2022-03-31,2022-04-03,3,prophet,2.0,5.556562731288986,3.008521614893422,7.6458264887977485
2022-03-31,2022-04-04,4,prophet,4.0,4.010443983702358,1.1238562734152373,6.634188814572575
2022-03-31,2022-04-05,5,prophet,5.0,3.7250922899931385,0.984179943678415,6.221567585796912
2022-03-31,2022-04-06,6,prophet,3.0,3.6057839316393805,0.6282625765974326,6.531817229851308
2022-03-31,2022-04-07,7,prophet,0.0,3.6390871344796007,1.3001075854907178,6.163203854210319
2022-03-31,2022-04-08,8,prophet,2.0,4.265449719064872,1.722309623654104,7.093336112262773
2022-03-31,2022-04-09,9,prophet,8.0,5.613881956095798,2.903955854508789,8.362853275863083
2022-03-31,2022-04-10,10,prophet,4.0,5.883743518356303,3.191473107583677,8.390449506540891
2022-03-31,2022-04-11,11,prophet,3.0,4.342532273150658,1.6202230545017617,6.561833845757752
2022-03-31,2022-04-12,12,prophet,9.0,4.056530838476406,1.168487161528584,6.552866333813877
2022-03-31,2022-04-13,13,prophet,5.0,3.9310099612758505,1.4772261502217197,6.388173722797954
2022-03-31,2022-04-14,14,prophet,3.0,3.95269500292504,1.4196701564614191,6.627046944129202
2022-03-31,2022-04-15,15,prophet,6.0,4.562349598787154,1.8238253930708679,7.269259529724027
2022-03-31,2022-04-16,16,prophet,4.0,5.889449932514851,3.4738953704002133,8.56133634444744
2022-03-31,2022-04-17,17,prophet,3.0,6.133958751476679,3.706337273100295,8.933702202369949
2022-03-31,2022-04-18,18,prophet,3.0,4.564097227646241,1.624368371327976,6.90130615655497
2022-03-31,2022-04-19,19,prophet,3.0,4.246971062882383,1.407539988471811,6.782469794055328
2022-03-31,2022-04-20,20,prophet,0.0,4.08875047471532,1.5546289643103266,6.308374873327881
2022-03-31,2022-04-21,21,prophet,3.0,4.077111011220117,1.8304765077880991,6.580928998676994
2022-03-31,2022-04-22,22,prophet,4.0,4.653789992149526,2.0692682284128043,7.1830140480064415
2022-03-31,2022-04-23,23,prophet,5.0,5.949232793600424,3.4730302815923193,8.820323802415166
2022-03-31,2022-04-24,24,prophet,3.0,6.16433890311549,3.1481899421104407,8.824781535961034
2022-03-31,2022-04-25,25,prophet,2.0,4.568206651568506,2.5132441738241686,7.782660111038241
2022-03-31,2022-04-26,26,prophet,7.0,4.228733800817054,1.6429785584369638,6.912046502297308
2022-03-31,2022-04-27,27,prophet,5.0,4.052774359535026,1.3454566878376892,6.925027908890841
2022-03-31,2022-04-28,28,prophet,1.0,4.0285592468678795,1.1952851576595867,6.530976723445977
2022-06-30,2022-07-01,1,rolling_mean_28,5.0,4.25,,
2022-06-30,2022-07-02,2,rolling_mean_28,11.0,4.25,,
2022-06-30,2022-07-03,3,rolling_mean_28,6.0,4.25,,
2022-06-30,2022-07-04,4,rolling_mean_28,14.0,4.25,,
2022-06-30,2022-07-05,5,rolling_mean_28,9.0,4.25,,
2022-06-30,2022-07-06,6,rolling_mean_28,6.0,4.25,,
2022-06-30,2022-07-07,7,rolling_mean_28,5.0,4.25,,
2022-06-30,2022-07-08,8,rolling_mean_28,5.0,4.25,,
2022-06-30,2022-07-09,9,rolling_mean_28,2.0,4.25,,
2022-06-30,2022-07-10,10,rolling_mean_28,7.0,4.25,,
2022-06-30,2022-07-11,11,rolling_mean_28,5.0,4.25,,
2022-06-30,2022-07-12,12,rolling_mean_28,7.0,4.25,,
2022-06-30,2022-07-13,13,rolling_mean_28,5.0,4.25,,
2022-06-30,2022-07-14,14,rolling_mean_28,3.0,4.25,,
2022-06-30,2022-07-15,15,rolling_mean_28,6.0,4.25,,
2022-06-30,2022-07-16,16,rolling_mean_28,4.0,4.25,,
2022-06-30,2022-07-17,17,rolling_mean_28,7.0,4.25,,
2022-06-30,2022-07-18,18,rolling_mean_28,6.0,4.25,,
2022-06-30,2022-07-19,19,rolling_mean_28,3.0,4.25,,
2022-06-30,2022-07-20,20,rolling_mean_28,5.0,4.25,,
2022-06-30,2022-07-21,21,rolling_mean_28,3.0,4.25,,
2022-06-30,2022-07-22,22,rolling_mean_28,6.0,4.25,,
2022-06-30,2022-07-23,23,rolling_mean_28,8.0,4.25,,
2022-06-30,2022-07-24,24,rolling_mean_28,3.0,4.25,,
2022-06-30,2022-07-25,25,rolling_mean_28,9.0,4.25,,
2022-06-30,2022-07-26,26,rolling_mean_28,5.0,4.25,,
2022-06-30,2022-07-27,27,rolling_mean_28,3.0,4.25,,
2022-06-30,2022-07-28,28,rolling_mean_28,3.0,4.25,,
2022-06-30,2022-07-01,1,seasonal_naive_7,5.0,6.0,,
2022-06-30,2022-07-02,2,seasonal_naive_7,11.0,4.0,,
2022-06-30,2022-07-03,3,seasonal_naive_7,6.0,6.0,,
2022-06-30,2022-07-04,4,seasonal_naive_7,14.0,2.0,,
2022-06-30,2022-07-05,5,seasonal_naive_7,9.0,6.0,,
2022-06-30,2022-07-06,6,seasonal_naive_7,6.0,2.0,,
2022-06-30,2022-07-07,7,seasonal_naive_7,5.0,4.0,,
2022-06-30,2022-07-08,8,seasonal_naive_7,5.0,6.0,,
2022-06-30,2022-07-09,9,seasonal_naive_7,2.0,4.0,,
2022-06-30,2022-07-10,10,seasonal_naive_7,7.0,6.0,,
2022-06-30,2022-07-11,11,seasonal_naive_7,5.0,2.0,,
2022-06-30,2022-07-12,12,seasonal_naive_7,7.0,6.0,,
2022-06-30,2022-07-13,13,seasonal_naive_7,5.0,2.0,,
2022-06-30,2022-07-14,14,seasonal_naive_7,3.0,4.0,,
2022-06-30,2022-07-15,15,seasonal_naive_7,6.0,6.0,,
2022-06-30,2022-07-16,16,seasonal_naive_7,4.0,4.0,,
2022-06-30,2022-07-17,17,seasonal_naive_7,7.0,6.0,,
2022-06-30,2022-07-18,18,seasonal_naive_7,6.0,2.0,,
2022-06-30,2022-07-19,19,seasonal_naive_7,3.0,6.0,,
2022-06-30,2022-07-20,20,seasonal_naive_7,5.0,2.0,,
2022-06-30,2022-07-21,21,seasonal_naive_7,3.0,4.0,,
2022-06-30,2022-07-22,22,seasonal_naive_7,6.0,6.0,,
2022-06-30,2022-07-23,23,seasonal_naive_7,8.0,4.0,,
2022-06-30,2022-07-24,24,seasonal_naive_7,3.0,6.0,,
2022-06-30,2022-07-25,25,seasonal_naive_7,9.0,2.0,,
2022-06-30,2022-07-26,26,seasonal_naive_7,5.0,6.0,,
2022-06-30,2022-07-27,27,seasonal_naive_7,3.0,2.0,,
2022-06-30,2022-07-28,28,seasonal_naive_7,3.0,4.0,,
2022-06-30,2022-07-01,1,day_of_week_mean_365,5.0,4.134615384615385,,
2022-06-30,2022-07-02,2,day_of_week_mean_365,11.0,4.461538461538462,,
2022-06-30,2022-07-03,3,day_of_week_mean_365,6.0,4.653846153846154,,
2022-06-30,2022-07-04,4,day_of_week_mean_365,14.0,4.288461538461538,,
2022-06-30,2022-07-05,5,day_of_week_mean_365,9.0,3.4038461538461537,,
2022-06-30,2022-07-06,6,day_of_week_mean_365,6.0,3.0,,
2022-06-30,2022-07-07,7,day_of_week_mean_365,5.0,4.0754716981132075,,
2022-06-30,2022-07-08,8,day_of_week_mean_365,5.0,4.134615384615385,,
2022-06-30,2022-07-09,9,day_of_week_mean_365,2.0,4.461538461538462,,
2022-06-30,2022-07-10,10,day_of_week_mean_365,7.0,4.653846153846154,,
2022-06-30,2022-07-11,11,day_of_week_mean_365,5.0,4.288461538461538,,
2022-06-30,2022-07-12,12,day_of_week_mean_365,7.0,3.4038461538461537,,
2022-06-30,2022-07-13,13,day_of_week_mean_365,5.0,3.0,,
2022-06-30,2022-07-14,14,day_of_week_mean_365,3.0,4.0754716981132075,,
2022-06-30,2022-07-15,15,day_of_week_mean_365,6.0,4.134615384615385,,
2022-06-30,2022-07-16,16,day_of_week_mean_365,4.0,4.461538461538462,,
2022-06-30,2022-07-17,17,day_of_week_mean_365,7.0,4.653846153846154,,
2022-06-30,2022-07-18,18,day_of_week_mean_365,6.0,4.288461538461538,,
2022-06-30,2022-07-19,19,day_of_week_mean_365,3.0,3.4038461538461537,,
2022-06-30,2022-07-20,20,day_of_week_mean_365,5.0,3.0,,
2022-06-30,2022-07-21,21,day_of_week_mean_365,3.0,4.0754716981132075,,
2022-06-30,2022-07-22,22,day_of_week_mean_365,6.0,4.134615384615385,,
2022-06-30,2022-07-23,23,day_of_week_mean_365,8.0,4.461538461538462,,
2022-06-30,2022-07-24,24,day_of_week_mean_365,3.0,4.653846153846154,,
2022-06-30,2022-07-25,25,day_of_week_mean_365,9.0,4.288461538461538,,
2022-06-30,2022-07-26,26,day_of_week_mean_365,5.0,3.4038461538461537,,
2022-06-30,2022-07-27,27,day_of_week_mean_365,3.0,3.0,,
2022-06-30,2022-07-28,28,day_of_week_mean_365,3.0,4.0754716981132075,,
2022-06-30,2022-07-01,1,poisson_calendar,5.0,5.100826917410605,,
2022-06-30,2022-07-02,2,poisson_calendar,11.0,6.419028197736276,,
2022-06-30,2022-07-03,3,poisson_calendar,6.0,6.722212053728375,,
2022-06-30,2022-07-04,4,poisson_calendar,14.0,5.2115388667428535,,
2022-06-30,2022-07-05,5,poisson_calendar,9.0,4.485208638786431,,
2022-06-30,2022-07-06,6,poisson_calendar,6.0,4.325477749765917,,
2022-06-30,2022-07-07,7,poisson_calendar,5.0,4.30438772205002,,
2022-06-30,2022-07-08,8,poisson_calendar,5.0,5.254992853242456,,
2022-06-30,2022-07-09,9,poisson_calendar,2.0,6.608004843742341,,
2022-06-30,2022-07-10,10,poisson_calendar,7.0,6.914583874007231,,
2022-06-30,2022-07-11,11,poisson_calendar,5.0,5.356186582879535,,
2022-06-30,2022-07-12,12,poisson_calendar,7.0,4.605653374639414,,
2022-06-30,2022-07-13,13,poisson_calendar,5.0,4.4375629026431955,,
2022-06-30,2022-07-14,14,poisson_calendar,3.0,4.411706549540871,,
2022-06-30,2022-07-15,15,poisson_calendar,6.0,5.380655064720272,,
2022-06-30,2022-07-16,16,poisson_calendar,4.0,6.7590280684372095,,
2022-06-30,2022-07-17,17,poisson_calendar,7.0,7.0650305863835525,,
2022-06-30,2022-07-18,18,poisson_calendar,6.0,5.466649210396908,,
2022-06-30,2022-07-19,19,poisson_calendar,3.0,4.695241314169371,,
2022-06-30,2022-07-20,20,poisson_calendar,5.0,4.5185207521080635,,
2022-06-30,2022-07-21,21,poisson_calendar,3.0,4.486707215827911,,
2022-06-30,2022-07-22,22,poisson_calendar,6.0,5.465252899060012,,
2022-06-30,2022-07-23,23,poisson_calendar,8.0,6.856436089704882,,
2022-06-30,2022-07-24,24,poisson_calendar,3.0,7.157359758919883,,
2022-06-30,2022-07-25,25,poisson_calendar,9.0,5.530580215442576,,
2022-06-30,2022-07-26,26,poisson_calendar,5.0,4.743563653601544,,
2022-06-30,2022-07-27,27,poisson_calendar,3.0,4.55855995556574,,
2022-06-30,2022-07-28,28,poisson_calendar,3.0,4.519928874248069,,
2022-06-30,2022-07-01,1,autoregressive_log_ridge,5.0,3.4043112367888817,,
2022-06-30,2022-07-02,2,autoregressive_log_ridge,11.0,4.286257489122444,,
2022-06-30,2022-07-03,3,autoregressive_log_ridge,6.0,4.317320894588547,,
2022-06-30,2022-07-04,4,autoregressive_log_ridge,14.0,3.7698048508117,,
2022-06-30,2022-07-05,5,autoregressive_log_ridge,9.0,3.156403750452763,,
2022-06-30,2022-07-06,6,autoregressive_log_ridge,6.0,2.8352590594730707,,
2022-06-30,2022-07-07,7,autoregressive_log_ridge,5.0,2.9011044901624534,,
2022-06-30,2022-07-08,8,autoregressive_log_ridge,5.0,3.2627909451033155,,
2022-06-30,2022-07-09,9,autoregressive_log_ridge,2.0,4.066656913297874,,
2022-06-30,2022-07-10,10,autoregressive_log_ridge,7.0,4.146763443837679,,
2022-06-30,2022-07-11,11,autoregressive_log_ridge,5.0,3.3929817668303324,,
2022-06-30,2022-07-12,12,autoregressive_log_ridge,7.0,3.091736739198444,,
2022-06-30,2022-07-13,13,autoregressive_log_ridge,5.0,2.6822935706758586,,
2022-06-30,2022-07-14,14,autoregressive_log_ridge,3.0,2.7631149444903143,,
2022-06-30,2022-07-15,15,autoregressive_log_ridge,6.0,3.056626455118887,,
2022-06-30,2022-07-16,16,autoregressive_log_ridge,4.0,3.879483137674635,,
2022-06-30,2022-07-17,17,autoregressive_log_ridge,7.0,3.868823366387523,,
2022-06-30,2022-07-18,18,autoregressive_log_ridge,6.0,3.190726510640161,,
2022-06-30,2022-07-19,19,autoregressive_log_ridge,3.0,2.8383419673965835,,
2022-06-30,2022-07-20,20,autoregressive_log_ridge,5.0,2.5209127256836776,,
2022-06-30,2022-07-21,21,autoregressive_log_ridge,3.0,2.561439201318106,,
2022-06-30,2022-07-22,22,autoregressive_log_ridge,6.0,2.8643271165569804,,
2022-06-30,2022-07-23,23,autoregressive_log_ridge,8.0,3.613443339408872,,
2022-06-30,2022-07-24,24,autoregressive_log_ridge,3.0,3.606008699789977,,
2022-06-30,2022-07-25,25,autoregressive_log_ridge,9.0,2.9552750550578604,,
2022-06-30,2022-07-26,26,autoregressive_log_ridge,5.0,2.6345824781077067,,
2022-06-30,2022-07-27,27,autoregressive_log_ridge,3.0,2.2849936845861425,,
2022-06-30,2022-07-28,28,autoregressive_log_ridge,3.0,2.3361266206142934,,
2022-06-30,2022-07-01,1,dynamic_count_ensemble,5.0,4.0880311811677155,1.0,8.0
2022-06-30,2022-07-02,2,dynamic_count_ensemble,11.0,4.4311138980972595,1.0,8.0
2022-06-30,2022-07-03,3,dynamic_count_ensemble,6.0,4.51099513407917,1.0,9.0
2022-06-30,2022-07-04,4,dynamic_count_ensemble,14.0,4.237096892365727,1.0,8.0
2022-06-30,2022-07-05,5,dynamic_count_ensemble,9.0,3.7520158480452244,1.0,7.0
2022-06-30,2022-07-06,6,dynamic_count_ensemble,6.0,3.5202873676079935,1.0,7.0
2022-06-30,2022-07-07,7,dynamic_count_ensemble,5.0,3.940050612072792,1.0,8.0
2022-06-30,2022-07-08,8,dynamic_count_ensemble,5.0,4.052651108246324,1.0,8.0
2022-06-30,2022-07-09,9,dynamic_count_ensemble,2.0,4.3762137541411175,1.0,9.0
2022-06-30,2022-07-10,10,dynamic_count_ensemble,7.0,4.468355771391454,1.0,9.0
2022-06-30,2022-07-11,11,dynamic_count_ensemble,5.0,4.142891121370385,1.0,8.0
2022-06-30,2022-07-12,12,dynamic_count_ensemble,7.0,3.7358490952316448,1.0,7.0
2022-06-30,2022-07-13,13,dynamic_count_ensemble,5.0,3.4820459954086904,1.0,7.0
2022-06-30,2022-07-14,14,dynamic_count_ensemble,3.0,3.9055532256547574,1.0,8.0
2022-06-30,2022-07-15,15,dynamic_count_ensemble,6.0,4.001109985750217,1.0,8.0
2022-06-30,2022-07-16,16,dynamic_count_ensemble,4.0,4.3294203102353075,1.0,8.0
2022-06-30,2022-07-17,17,dynamic_count_ensemble,7.0,4.398870752028914,1.0,8.0
2022-06-30,2022-07-18,18,dynamic_count_ensemble,6.0,4.092327307322843,1.0,8.0
2022-06-30,2022-07-19,19,dynamic_count_ensemble,3.0,3.67250040228118,1.0,7.0
2022-06-30,2022-07-20,20,dynamic_count_ensemble,5.0,3.4417007841606453,1.0,7.0
2022-06-30,2022-07-21,21,dynamic_count_ensemble,3.0,3.855134289861705,1.0,8.0
2022-06-30,2022-07-22,22,dynamic_count_ensemble,6.0,3.95303515110974,1.0,8.0
2022-06-30,2022-07-23,23,dynamic_count_ensemble,8.0,4.262910360668867,1.0,8.0
2022-06-30,2022-07-24,24,dynamic_count_ensemble,3.0,4.333167085379528,1.0,8.0
2022-06-30,2022-07-25,25,dynamic_count_ensemble,9.0,4.033464443427268,1.0,8.0
2022-06-30,2022-07-26,26,dynamic_count_ensemble,5.0,3.6215605299589604,1.0,7.0
2022-06-30,2022-07-27,27,dynamic_count_ensemble,3.0,3.3827210238862615,1.0,7.0
2022-06-30,2022-07-28,28,dynamic_count_ensemble,3.0,3.798806144685752,1.0,7.0
2022-06-30,2022-07-01,1,prophet,5.0,6.218547443060407,3.5040749356263015,8.832890377733955
2022-06-30,2022-07-02,2,prophet,11.0,7.538729466358209,4.921171148809594,10.270390036347072
2022-06-30,2022-07-03,3,prophet,6.0,7.769705972616398,5.211664256223702,9.867175108245071
2022-06-30,2022-07-04,4,prophet,14.0,8.39147689693229,5.493559852569094,11.025519451170956
2022-06-30,2022-07-05,5,prophet,9.0,5.87534844861522,3.123678517649952,8.381621957907548
2022-06-30,2022-07-06,6,prophet,6.0,5.690117955485446,2.7009103682775057,8.627635404563472
2022-06-30,2022-07-07,7,prophet,5.0,5.65510691343014,3.3069472932405226,8.189130334233175
2022-06-30,2022-07-08,8,prophet,5.0,6.191770139635112,3.6386486798471287,9.030755474868812
2022-06-30,2022-07-09,9,prophet,2.0,7.454137941018189,4.7335758701803785,10.213898475447547
2022-06-30,2022-07-10,10,prophet,7.0,7.630666853230627,4.927829768596656,10.147211208518849
2022-06-30,2022-07-11,11,prophet,5.0,6.0243526771283555,3.291358887736455,8.25236460654949
2022-06-30,2022-07-12,12,prophet,7.0,5.641807318487841,2.742428593058439,8.147940478622349
2022-06-30,2022-07-13,13,prophet,5.0,5.418371009474802,2.95495654127943,7.88517869383171
2022-06-30,2022-07-14,14,prophet,3.0,5.352176308906206,2.809209798585876,8.037024597223233
2022-06-30,2022-07-15,15,prophet,6.0,5.865217221940057,3.115944804592644,8.582751284204079
2022-06-30,2022-07-16,16,prophet,4.0,7.111885680555366,4.686850504179241,9.794258762844873
2022-06-30,2022-07-17,17,prophet,7.0,7.280816150889491,4.843684085493097,10.091548087865977
2022-06-30,2022-07-18,18,prophet,6.0,5.674997181315478,2.723730421545461,8.02137923206174
2022-06-30,2022-07-19,19,prophet,3.0,5.300851360284177,2.450276033054492,7.846301464863359
2022-06-30,2022-07-20,20,prophet,5.0,5.093355104259886,2.549287625790791,7.321691126720102
2022-06-30,2022-07-21,21,prophet,3.0,5.050114399797727,2.7948619215416652,7.563759419478323
2022-06-30,2022-07-22,22,prophet,6.0,5.592449461503698,2.9977839178347367,8.131565010169947
2022-06-30,2022-07-23,23,prophet,8.0,6.873950074750743,4.388028916259604,9.756309595894335
2022-06-30,2022-07-24,24,prophet,3.0,7.082341837199434,4.054345558592958,9.753226225641153
2022-06-30,2022-07-25,25,prophet,9.0,5.519621498446982,3.456593665078357,8.746334725591096
2022-06-30,2022-07-26,26,prophet,5.0,5.191162206870959,2.595258343378306,7.885006424825597
2022-06-30,2022-07-27,27,prophet,3.0,5.030859398195332,2.312915994862192,7.9143860226411125
2022-06-30,2022-07-28,28,prophet,3.0,5.0352327569912,2.1908385800158414,7.5474524336886315
2022-09-30,2022-10-01,1,rolling_mean_28,0.0,3.857142857142857,,
2022-09-30,2022-10-02,2,rolling_mean_28,3.0,3.857142857142857,,
2022-09-30,2022-10-03,3,rolling_mean_28,1.0,3.857142857142857,,
2022-09-30,2022-10-04,4,rolling_mean_28,3.0,3.857142857142857,,
2022-09-30,2022-10-05,5,rolling_mean_28,1.0,3.857142857142857,,
2022-09-30,2022-10-06,6,rolling_mean_28,0.0,3.857142857142857,,
2022-09-30,2022-10-07,7,rolling_mean_28,2.0,3.857142857142857,,
2022-09-30,2022-10-08,8,rolling_mean_28,3.0,3.857142857142857,,
2022-09-30,2022-10-09,9,rolling_mean_28,6.0,3.857142857142857,,
2022-09-30,2022-10-10,10,rolling_mean_28,2.0,3.857142857142857,,
2022-09-30,2022-10-11,11,rolling_mean_28,6.0,3.857142857142857,,
2022-09-30,2022-10-12,12,rolling_mean_28,4.0,3.857142857142857,,
2022-09-30,2022-10-13,13,rolling_mean_28,5.0,3.857142857142857,,
2022-09-30,2022-10-14,14,rolling_mean_28,5.0,3.857142857142857,,
2022-09-30,2022-10-15,15,rolling_mean_28,6.0,3.857142857142857,,
2022-09-30,2022-10-16,16,rolling_mean_28,3.0,3.857142857142857,,
2022-09-30,2022-10-17,17,rolling_mean_28,2.0,3.857142857142857,,
2022-09-30,2022-10-18,18,rolling_mean_28,2.0,3.857142857142857,,
2022-09-30,2022-10-19,19,rolling_mean_28,2.0,3.857142857142857,,
2022-09-30,2022-10-20,20,rolling_mean_28,1.0,3.857142857142857,,
2022-09-30,2022-10-21,21,rolling_mean_28,1.0,3.857142857142857,,
2022-09-30,2022-10-22,22,rolling_mean_28,2.0,3.857142857142857,,
2022-09-30,2022-10-23,23,rolling_mean_28,1.0,3.857142857142857,,
2022-09-30,2022-10-24,24,rolling_mean_28,3.0,3.857142857142857,,
2022-09-30,2022-10-25,25,rolling_mean_28,3.0,3.857142857142857,,
2022-09-30,2022-10-26,26,rolling_mean_28,1.0,3.857142857142857,,
2022-09-30,2022-10-27,27,rolling_mean_28,4.0,3.857142857142857,,
2022-09-30,2022-10-28,28,rolling_mean_28,3.0,3.857142857142857,,
2022-09-30,2022-10-01,1,seasonal_naive_7,0.0,7.0,,
2022-09-30,2022-10-02,2,seasonal_naive_7,3.0,9.0,,
2022-09-30,2022-10-03,3,seasonal_naive_7,1.0,2.0,,
2022-09-30,2022-10-04,4,seasonal_naive_7,3.0,7.0,,
2022-09-30,2022-10-05,5,seasonal_naive_7,1.0,5.0,,
2022-09-30,2022-10-06,6,seasonal_naive_7,0.0,3.0,,
2022-09-30,2022-10-07,7,seasonal_naive_7,2.0,3.0,,
2022-09-30,2022-10-08,8,seasonal_naive_7,3.0,7.0,,
2022-09-30,2022-10-09,9,seasonal_naive_7,6.0,9.0,,
2022-09-30,2022-10-10,10,seasonal_naive_7,2.0,2.0,,
2022-09-30,2022-10-11,11,seasonal_naive_7,6.0,7.0,,
2022-09-30,2022-10-12,12,seasonal_naive_7,4.0,5.0,,
2022-09-30,2022-10-13,13,seasonal_naive_7,5.0,3.0,,
2022-09-30,2022-10-14,14,seasonal_naive_7,5.0,3.0,,
2022-09-30,2022-10-15,15,seasonal_naive_7,6.0,7.0,,
2022-09-30,2022-10-16,16,seasonal_naive_7,3.0,9.0,,
2022-09-30,2022-10-17,17,seasonal_naive_7,2.0,2.0,,
2022-09-30,2022-10-18,18,seasonal_naive_7,2.0,7.0,,
2022-09-30,2022-10-19,19,seasonal_naive_7,2.0,5.0,,
2022-09-30,2022-10-20,20,seasonal_naive_7,1.0,3.0,,
2022-09-30,2022-10-21,21,seasonal_naive_7,1.0,3.0,,
2022-09-30,2022-10-22,22,seasonal_naive_7,2.0,7.0,,
2022-09-30,2022-10-23,23,seasonal_naive_7,1.0,9.0,,
2022-09-30,2022-10-24,24,seasonal_naive_7,3.0,2.0,,
2022-09-30,2022-10-25,25,seasonal_naive_7,3.0,7.0,,
2022-09-30,2022-10-26,26,seasonal_naive_7,1.0,5.0,,
2022-09-30,2022-10-27,27,seasonal_naive_7,4.0,3.0,,
2022-09-30,2022-10-28,28,seasonal_naive_7,3.0,3.0,,
2022-09-30,2022-10-01,1,day_of_week_mean_365,0.0,4.519230769230769,,
2022-09-30,2022-10-02,2,day_of_week_mean_365,3.0,4.634615384615385,,
2022-09-30,2022-10-03,3,day_of_week_mean_365,1.0,4.288461538461538,,
2022-09-30,2022-10-04,4,day_of_week_mean_365,3.0,3.2115384615384617,,
2022-09-30,2022-10-05,5,day_of_week_mean_365,1.0,2.9038461538461537,,
2022-09-30,2022-10-06,6,day_of_week_mean_365,0.0,3.6923076923076925,,
2022-09-30,2022-10-07,7,day_of_week_mean_365,2.0,3.792452830188679,,
2022-09-30,2022-10-08,8,day_of_week_mean_365,3.0,4.519230769230769,,
2022-09-30,2022-10-09,9,day_of_week_mean_365,6.0,4.634615384615385,,
2022-09-30,2022-10-10,10,day_of_week_mean_365,2.0,4.288461538461538,,
2022-09-30,2022-10-11,11,day_of_week_mean_365,6.0,3.2115384615384617,,
2022-09-30,2022-10-12,12,day_of_week_mean_365,4.0,2.9038461538461537,,
2022-09-30,2022-10-13,13,day_of_week_mean_365,5.0,3.6923076923076925,,
2022-09-30,2022-10-14,14,day_of_week_mean_365,5.0,3.792452830188679,,
2022-09-30,2022-10-15,15,day_of_week_mean_365,6.0,4.519230769230769,,
2022-09-30,2022-10-16,16,day_of_week_mean_365,3.0,4.634615384615385,,
2022-09-30,2022-10-17,17,day_of_week_mean_365,2.0,4.288461538461538,,
2022-09-30,2022-10-18,18,day_of_week_mean_365,2.0,3.2115384615384617,,
2022-09-30,2022-10-19,19,day_of_week_mean_365,2.0,2.9038461538461537,,
2022-09-30,2022-10-20,20,day_of_week_mean_365,1.0,3.6923076923076925,,
2022-09-30,2022-10-21,21,day_of_week_mean_365,1.0,3.792452830188679,,
2022-09-30,2022-10-22,22,day_of_week_mean_365,2.0,4.519230769230769,,
2022-09-30,2022-10-23,23,day_of_week_mean_365,1.0,4.634615384615385,,
2022-09-30,2022-10-24,24,day_of_week_mean_365,3.0,4.288461538461538,,
2022-09-30,2022-10-25,25,day_of_week_mean_365,3.0,3.2115384615384617,,
2022-09-30,2022-10-26,26,day_of_week_mean_365,1.0,2.9038461538461537,,
2022-09-30,2022-10-27,27,day_of_week_mean_365,4.0,3.6923076923076925,,
2022-09-30,2022-10-28,28,day_of_week_mean_365,3.0,3.792452830188679,,
2022-09-30,2022-10-01,1,poisson_calendar,0.0,4.911517552918576,,
2022-09-30,2022-10-02,2,poisson_calendar,3.0,5.035207269344719,,
2022-09-30,2022-10-03,3,poisson_calendar,1.0,3.995129716887619,,
2022-09-30,2022-10-04,4,poisson_calendar,3.0,3.363172418654046,,
2022-09-30,2022-10-05,5,poisson_calendar,1.0,3.1889609125461087,,
2022-09-30,2022-10-06,6,poisson_calendar,0.0,3.1879617433289402,,
2022-09-30,2022-10-07,7,poisson_calendar,2.0,3.8235617432368865,,
2022-09-30,2022-10-08,8,poisson_calendar,3.0,4.772769068635123,,
2022-09-30,2022-10-09,9,poisson_calendar,6.0,4.897250161671314,,
2022-09-30,2022-10-10,10,poisson_calendar,2.0,3.8891211685175118,,
2022-09-30,2022-10-11,11,poisson_calendar,6.0,3.2768750810803247,,
2022-09-30,2022-10-12,12,poisson_calendar,4.0,3.1099520160524614,,
2022-09-30,2022-10-13,13,poisson_calendar,5.0,3.1118163863631847,,
2022-09-30,2022-10-14,14,poisson_calendar,5.0,3.7356572348230057,,
2022-09-30,2022-10-15,15,poisson_calendar,6.0,4.667325735078452,,
2022-09-30,2022-10-16,16,poisson_calendar,3.0,4.793453586297125,,
2022-09-30,2022-10-17,17,poisson_calendar,2.0,3.810176316153309,,
2022-09-30,2022-10-18,18,poisson_calendar,2.0,3.2132810140525327,,
2022-09-30,2022-10-19,19,poisson_calendar,2.0,3.0523522215146666,,
2022-09-30,2022-10-20,20,poisson_calendar,1.0,3.056912661667316,,
2022-09-30,2022-10-21,21,poisson_calendar,1.0,3.6729856982797013,,
2022-09-30,2022-10-22,22,poisson_calendar,2.0,4.593012185682668,,
2022-09-30,2022-10-23,23,poisson_calendar,1.0,4.72115757357846,,
2022-09-30,2022-10-24,24,poisson_calendar,3.0,3.7558466182115033,,
2022-09-30,2022-10-25,25,poisson_calendar,3.0,3.1700472747883426,,
2022-09-30,2022-10-26,26,poisson_calendar,1.0,3.013675801127273,,
2022-09-30,2022-10-27,27,poisson_calendar,4.0,3.0205048276224584,,
2022-09-30,2022-10-28,28,poisson_calendar,3.0,3.6319454745285227,,
2022-09-30,2022-10-01,1,autoregressive_log_ridge,0.0,3.71516404572474,,
2022-09-30,2022-10-02,2,autoregressive_log_ridge,3.0,3.606247506879403,,
2022-09-30,2022-10-03,3,autoregressive_log_ridge,1.0,3.0714443336742168,,
2022-09-30,2022-10-04,4,autoregressive_log_ridge,3.0,2.4512038780000394,,
2022-09-30,2022-10-05,5,autoregressive_log_ridge,1.0,2.2102630000709738,,
2022-09-30,2022-10-06,6,autoregressive_log_ridge,0.0,2.20419071609472,,
2022-09-30,2022-10-07,7,autoregressive_log_ridge,2.0,2.4459715358353913,,
2022-09-30,2022-10-08,8,autoregressive_log_ridge,3.0,3.2541069201829966,,
2022-09-30,2022-10-09,9,autoregressive_log_ridge,6.0,3.2502353579597667,,
2022-09-30,2022-10-10,10,autoregressive_log_ridge,2.0,2.6201039497361207,,
2022-09-30,2022-10-11,11,autoregressive_log_ridge,6.0,2.3242747191199156,,
2022-09-30,2022-10-12,12,autoregressive_log_ridge,4.0,2.1070060646377673,,
2022-09-30,2022-10-13,13,autoregressive_log_ridge,5.0,2.097792380401114,,
2022-09-30,2022-10-14,14,autoregressive_log_ridge,5.0,2.3757118808456616,,
2022-09-30,2022-10-15,15,autoregressive_log_ridge,6.0,3.093980023388636,,
2022-09-30,2022-10-16,16,autoregressive_log_ridge,3.0,3.057479878267861,,
2022-09-30,2022-10-17,17,autoregressive_log_ridge,2.0,2.5530699011898235,,
2022-09-30,2022-10-18,18,autoregressive_log_ridge,2.0,2.1489823728077844,,
2022-09-30,2022-10-19,19,autoregressive_log_ridge,2.0,1.9421103780772713,,
2022-09-30,2022-10-20,20,autoregressive_log_ridge,1.0,1.9591333462119556,,
2022-09-30,2022-10-21,21,autoregressive_log_ridge,1.0,2.2157684313544954,,
2022-09-30,2022-10-22,22,autoregressive_log_ridge,2.0,2.899310078566752,,
2022-09-30,2022-10-23,23,autoregressive_log_ridge,1.0,2.837222593569819,,
2022-09-30,2022-10-24,24,autoregressive_log_ridge,3.0,2.357519305595982,,
2022-09-30,2022-10-25,25,autoregressive_log_ridge,3.0,1.9989723976359386,,
2022-09-30,2022-10-26,26,autoregressive_log_ridge,1.0,1.7978269732607144,,
2022-09-30,2022-10-27,27,autoregressive_log_ridge,4.0,1.8126472188961449,,
2022-09-30,2022-10-28,28,autoregressive_log_ridge,3.0,2.045277445531756,,
2022-09-30,2022-10-01,1,dynamic_count_ensemble,0.0,4.067729555763565,1.0,8.0
2022-09-30,2022-10-02,2,dynamic_count_ensemble,3.0,4.083769651821462,1.0,8.0
2022-09-30,2022-10-03,3,dynamic_count_ensemble,1.0,3.820261166212473,1.0,7.0
2022-09-30,2022-10-04,4,dynamic_count_ensemble,3.0,3.2613548984477747,1.0,6.0
2022-09-30,2022-10-05,5,dynamic_count_ensemble,1.0,3.0857350635808927,1.0,6.0
2022-09-30,2022-10-06,6,dynamic_count_ensemble,0.0,3.3798900695099063,1.0,7.0
2022-09-30,2022-10-07,7,dynamic_count_ensemble,2.0,3.4778897011504437,1.0,7.0
2022-09-30,2022-10-08,8,dynamic_count_ensemble,3.0,3.952465274378129,1.0,8.0
2022-09-30,2022-10-09,9,dynamic_count_ensemble,6.0,3.994766614591553,1.0,8.0
2022-09-30,2022-10-10,10,dynamic_count_ensemble,2.0,3.707426070227949,1.0,7.0
2022-09-30,2022-10-11,11,dynamic_count_ensemble,6.0,3.2296226087277438,1.0,6.0
2022-09-30,2022-10-12,12,dynamic_count_ensemble,4.0,3.059920829722591,1.0,6.0
2022-09-30,2022-10-13,13,dynamic_count_ensemble,5.0,3.3532904855865047,1.0,7.0
2022-09-30,2022-10-14,14,dynamic_count_ensemble,5.0,3.4603247874030116,1.0,7.0
2022-09-30,2022-10-15,15,dynamic_count_ensemble,6.0,3.9124335501795384,1.0,8.0
2022-09-30,2022-10-16,16,dynamic_count_ensemble,3.0,3.9465777446685766,1.0,8.0
2022-09-30,2022-10-17,17,dynamic_count_ensemble,2.0,3.690667558091375,1.0,7.0
2022-09-30,2022-10-18,18,dynamic_count_ensemble,2.0,3.185799522149711,1.0,6.0
2022-09-30,2022-10-19,19,dynamic_count_ensemble,2.0,3.0186969080824673,1.0,6.0
2022-09-30,2022-10-20,20,dynamic_count_ensemble,1.0,3.3186257270392154,1.0,7.0
2022-09-30,2022-10-21,21,dynamic_count_ensemble,1.0,3.42033892503022,1.0,7.0
2022-09-30,2022-10-22,22,dynamic_count_ensemble,2.0,3.863766063974068,1.0,7.0
2022-09-30,2022-10-23,23,dynamic_count_ensemble,1.0,3.8915134234940663,1.0,8.0
2022-09-30,2022-10-24,24,dynamic_count_ensemble,3.0,3.6417799091929144,1.0,7.0
2022-09-30,2022-10-25,25,dynamic_count_ensemble,3.0,3.1482970283567493,1.0,6.0
2022-09-30,2022-10-26,26,dynamic_count_ensemble,1.0,2.9826260568783276,0.0,6.0
2022-09-30,2022-10-27,27,dynamic_count_ensemble,4.0,3.2820041952102628,1.0,7.0
2022-09-30,2022-10-28,28,dynamic_count_ensemble,3.0,3.377716178574535,1.0,7.0
2022-09-30,2022-10-01,1,prophet,0.0,5.928535841520871,3.205260938253854,8.551356475375732
2022-09-30,2022-10-02,2,prophet,3.0,6.142232068184096,3.516185624723838,8.882750770849693
2022-09-30,2022-10-03,3,prophet,1.0,4.607151184098388,2.040814340131873,6.711425842998703
2022-09-30,2022-10-04,4,prophet,3.0,4.258974292435083,1.3516599847562467,6.901558427087491
2022-09-30,2022-10-05,5,prophet,1.0,4.099381544032136,1.3387885947391658,6.613782308779772
2022-09-30,2022-10-06,6,prophet,0.0,4.0759645362066435,1.0770636519263304,7.02300766339784
2022-09-30,2022-10-07,7,prophet,2.0,4.646582011682777,2.2908078621880508,7.188822674376707
2022-09-30,2022-10-08,8,prophet,3.0,5.954231084783982,3.3928304526569866,8.80242258166276
2022-09-30,2022-10-09,9,prophet,6.0,6.1626128803696645,3.4332286666772354,8.931322669050655
2022-09-30,2022-10-10,10,prophet,2.0,4.629059552522698,1.9174578029950267,7.1537644692038445
2022-09-30,2022-10-11,11,prophet,6.0,4.261999079391549,1.5201428340059953,6.497235927418233
2022-09-30,2022-10-12,12,prophet,4.0,4.090652663142523,1.181871934509605,6.604912623613035
2022-09-30,2022-10-13,13,prophet,5.0,4.053719117386011,1.5823163755241385,6.528526078811267
2022-09-30,2022-10-14,14,prophet,5.0,4.609339857832981,2.0581271052860766,7.302894477608645
2022-09-30,2022-10-15,15,prophet,6.0,5.900841969571697,3.142654308469293,8.627188355570794
2022-09-30,2022-10-16,16,prophet,3.0,6.092296623766776,3.6593976287397947,8.783368011004
2022-09-30,2022-10-17,17,prophet,2.0,4.53231476615026,2.0872922995093868,7.3521612456471495
2022-09-30,2022-10-18,18,prophet,2.0,4.157114973081978,1.1962779494183817,6.5111057888937705
2022-09-30,2022-10-19,19,prophet,2.0,3.9689837700471706,1.1091646975546068,6.522688170564907
2022-09-30,2022-10-20,20,prophet,1.0,3.9161744603634743,1.3638571694870727,6.151736452386732
2022-09-30,2022-10-21,21,prophet,1.0,4.457247074351712,2.194826539662452,6.979043253561851
2022-09-30,2022-10-22,22,prophet,2.0,5.73592208587558,3.132842652175742,8.283245751683078
2022-09-30,2022-10-23,23,prophet,1.0,5.916627269987853,3.4226448539276935,8.808333605058783
2022-09-30,2022-10-24,24,prophet,3.0,4.3482826007260895,1.3104603490237547,7.027828038983793
2022-09-30,2022-10-25,25,prophet,3.0,3.967358435362769,1.897640688003897,7.204275965988534
2022-09-30,2022-10-26,26,prophet,1.0,3.7763276030082396,1.1720058339048034,6.478907324105273
2022-09-30,2022-10-27,27,prophet,4.0,3.7235577300240417,0.996800675559027,6.616434953038642
2022-09-30,2022-10-28,28,prophet,3.0,4.267646649165322,1.414028770943406,6.787907187116847
2023-03-31,2023-04-01,1,rolling_mean_28,6.0,2.8214285714285716,,
2023-03-31,2023-04-02,2,rolling_mean_28,1.0,2.8214285714285716,,
2023-03-31,2023-04-03,3,rolling_mean_28,1.0,2.8214285714285716,,
2023-03-31,2023-04-04,4,rolling_mean_28,2.0,2.8214285714285716,,
2023-03-31,2023-04-05,5,rolling_mean_28,2.0,2.8214285714285716,,
2023-03-31,2023-04-06,6,rolling_mean_28,1.0,2.8214285714285716,,
2023-03-31,2023-04-07,7,rolling_mean_28,1.0,2.8214285714285716,,
2023-03-31,2023-04-08,8,rolling_mean_28,4.0,2.8214285714285716,,
2023-03-31,2023-04-09,9,rolling_mean_28,4.0,2.8214285714285716,,
2023-03-31,2023-04-10,10,rolling_mean_28,3.0,2.8214285714285716,,
2023-03-31,2023-04-11,11,rolling_mean_28,3.0,2.8214285714285716,,
2023-03-31,2023-04-12,12,rolling_mean_28,2.0,2.8214285714285716,,
2023-03-31,2023-04-13,13,rolling_mean_28,6.0,2.8214285714285716,,
2023-03-31,2023-04-14,14,rolling_mean_28,4.0,2.8214285714285716,,
2023-03-31,2023-04-15,15,rolling_mean_28,6.0,2.8214285714285716,,
2023-03-31,2023-04-16,16,rolling_mean_28,1.0,2.8214285714285716,,
2023-03-31,2023-04-17,17,rolling_mean_28,6.0,2.8214285714285716,,
2023-03-31,2023-04-18,18,rolling_mean_28,2.0,2.8214285714285716,,
2023-03-31,2023-04-19,19,rolling_mean_28,0.0,2.8214285714285716,,
2023-03-31,2023-04-20,20,rolling_mean_28,0.0,2.8214285714285716,,
2023-03-31,2023-04-21,21,rolling_mean_28,2.0,2.8214285714285716,,
2023-03-31,2023-04-22,22,rolling_mean_28,1.0,2.8214285714285716,,
2023-03-31,2023-04-23,23,rolling_mean_28,1.0,2.8214285714285716,,
2023-03-31,2023-04-24,24,rolling_mean_28,3.0,2.8214285714285716,,
2023-03-31,2023-04-25,25,rolling_mean_28,3.0,2.8214285714285716,,
2023-03-31,2023-04-26,26,rolling_mean_28,2.0,2.8214285714285716,,
2023-03-31,2023-04-27,27,rolling_mean_28,1.0,2.8214285714285716,,
2023-03-31,2023-04-28,28,rolling_mean_28,0.0,2.8214285714285716,,
2023-03-31,2023-04-01,1,seasonal_naive_7,6.0,5.0,,
2023-03-31,2023-04-02,2,seasonal_naive_7,1.0,1.0,,
2023-03-31,2023-04-03,3,seasonal_naive_7,1.0,5.0,,
2023-03-31,2023-04-04,4,seasonal_naive_7,2.0,1.0,,
2023-03-31,2023-04-05,5,seasonal_naive_7,2.0,0.0,,
2023-03-31,2023-04-06,6,seasonal_naive_7,1.0,0.0,,
2023-03-31,2023-04-07,7,seasonal_naive_7,1.0,5.0,,
2023-03-31,2023-04-08,8,seasonal_naive_7,4.0,5.0,,
2023-03-31,2023-04-09,9,seasonal_naive_7,4.0,1.0,,
2023-03-31,2023-04-10,10,seasonal_naive_7,3.0,5.0,,
2023-03-31,2023-04-11,11,seasonal_naive_7,3.0,1.0,,
2023-03-31,2023-04-12,12,seasonal_naive_7,2.0,0.0,,
2023-03-31,2023-04-13,13,seasonal_naive_7,6.0,0.0,,
2023-03-31,2023-04-14,14,seasonal_naive_7,4.0,5.0,,
2023-03-31,2023-04-15,15,seasonal_naive_7,6.0,5.0,,
2023-03-31,2023-04-16,16,seasonal_naive_7,1.0,1.0,,
2023-03-31,2023-04-17,17,seasonal_naive_7,6.0,5.0,,
2023-03-31,2023-04-18,18,seasonal_naive_7,2.0,1.0,,
2023-03-31,2023-04-19,19,seasonal_naive_7,0.0,0.0,,
2023-03-31,2023-04-20,20,seasonal_naive_7,0.0,0.0,,
2023-03-31,2023-04-21,21,seasonal_naive_7,2.0,5.0,,
2023-03-31,2023-04-22,22,seasonal_naive_7,1.0,5.0,,
2023-03-31,2023-04-23,23,seasonal_naive_7,1.0,1.0,,
2023-03-31,2023-04-24,24,seasonal_naive_7,3.0,5.0,,
2023-03-31,2023-04-25,25,seasonal_naive_7,3.0,1.0,,
2023-03-31,2023-04-26,26,seasonal_naive_7,2.0,0.0,,
2023-03-31,2023-04-27,27,seasonal_naive_7,1.0,0.0,,
2023-03-31,2023-04-28,28,seasonal_naive_7,0.0,5.0,,
2023-03-31,2023-04-01,1,day_of_week_mean_365,6.0,4.0576923076923075,,
2023-03-31,2023-04-02,2,day_of_week_mean_365,1.0,4.019230769230769,,
2023-03-31,2023-04-03,3,day_of_week_mean_365,1.0,3.8846153846153846,,
2023-03-31,2023-04-04,4,day_of_week_mean_365,2.0,3.076923076923077,,
2023-03-31,2023-04-05,5,day_of_week_mean_365,2.0,2.7884615384615383,,
2023-03-31,2023-04-06,6,day_of_week_mean_365,1.0,2.6923076923076925,,
2023-03-31,2023-04-07,7,day_of_week_mean_365,1.0,3.018867924528302,,
2023-03-31,2023-04-08,8,day_of_week_mean_365,4.0,4.0576923076923075,,
2023-03-31,2023-04-09,9,day_of_week_mean_365,4.0,4.019230769230769,,
2023-03-31,2023-04-10,10,day_of_week_mean_365,3.0,3.8846153846153846,,
2023-03-31,2023-04-11,11,day_of_week_mean_365,3.0,3.076923076923077,,
2023-03-31,2023-04-12,12,day_of_week_mean_365,2.0,2.7884615384615383,,
2023-03-31,2023-04-13,13,day_of_week_mean_365,6.0,2.6923076923076925,,
2023-03-31,2023-04-14,14,day_of_week_mean_365,4.0,3.018867924528302,,
2023-03-31,2023-04-15,15,day_of_week_mean_365,6.0,4.0576923076923075,,
2023-03-31,2023-04-16,16,day_of_week_mean_365,1.0,4.019230769230769,,
2023-03-31,2023-04-17,17,day_of_week_mean_365,6.0,3.8846153846153846,,
2023-03-31,2023-04-18,18,day_of_week_mean_365,2.0,3.076923076923077,,
2023-03-31,2023-04-19,19,day_of_week_mean_365,0.0,2.7884615384615383,,
2023-03-31,2023-04-20,20,day_of_week_mean_365,0.0,2.6923076923076925,,
2023-03-31,2023-04-21,21,day_of_week_mean_365,2.0,3.018867924528302,,
2023-03-31,2023-04-22,22,day_of_week_mean_365,1.0,4.0576923076923075,,
2023-03-31,2023-04-23,23,day_of_week_mean_365,1.0,4.019230769230769,,
2023-03-31,2023-04-24,24,day_of_week_mean_365,3.0,3.8846153846153846,,
2023-03-31,2023-04-25,25,day_of_week_mean_365,3.0,3.076923076923077,,
2023-03-31,2023-04-26,26,day_of_week_mean_365,2.0,2.7884615384615383,,
2023-03-31,2023-04-27,27,day_of_week_mean_365,1.0,2.6923076923076925,,
2023-03-31,2023-04-28,28,day_of_week_mean_365,0.0,3.018867924528302,,
2023-03-31,2023-04-01,1,poisson_calendar,6.0,3.9169745830694827,,
2023-03-31,2023-04-02,2,poisson_calendar,1.0,4.0548859698264135,,
2023-03-31,2023-04-03,3,poisson_calendar,1.0,3.2967505739606313,,
2023-03-31,2023-04-04,4,poisson_calendar,2.0,2.8400847464726486,,
2023-03-31,2023-04-05,5,poisson_calendar,2.0,2.6506512700188924,,
2023-03-31,2023-04-06,6,poisson_calendar,1.0,2.734025248810199,,
2023-03-31,2023-04-07,7,poisson_calendar,1.0,3.253937768296012,,
2023-03-31,2023-04-08,8,poisson_calendar,4.0,4.150946537782627,,
2023-03-31,2023-04-09,9,poisson_calendar,4.0,4.297749667419441,,
2023-03-31,2023-04-10,10,poisson_calendar,3.0,3.4945899246260654,,
2023-03-31,2023-04-11,11,poisson_calendar,3.0,3.010725484904704,,
2023-03-31,2023-04-12,12,poisson_calendar,2.0,2.809989985907239,,
2023-03-31,2023-04-13,13,poisson_calendar,6.0,2.898345489814958,,
2023-03-31,2023-04-14,14,poisson_calendar,4.0,3.449340234858049,,
2023-03-31,2023-04-15,15,poisson_calendar,6.0,4.39984510863235,,
2023-03-31,2023-04-16,16,poisson_calendar,1.0,4.554909254533216,,
2023-03-31,2023-04-17,17,poisson_calendar,6.0,3.7031281293345977,,
2023-03-31,2023-04-18,18,poisson_calendar,2.0,3.189802301019014,,
2023-03-31,2023-04-19,19,poisson_calendar,0.0,2.9764892224926314,,
2023-03-31,2023-04-20,20,poisson_calendar,0.0,3.0693339601091316,,
2023-03-31,2023-04-21,21,poisson_calendar,2.0,3.6518478148573195,,
2023-03-31,2023-04-22,22,poisson_calendar,1.0,4.65677819598725,,
2023-03-31,2023-04-23,23,poisson_calendar,1.0,4.819355894822448,,
2023-03-31,2023-04-24,24,poisson_calendar,3.0,3.9167818672018813,,
2023-03-31,2023-04-25,25,poisson_calendar,3.0,3.3726149360421664,,
2023-03-31,2023-04-26,26,poisson_calendar,2.0,3.145873939320085,,
2023-03-31,2023-04-27,27,poisson_calendar,1.0,3.2427055199476262,,
2023-03-31,2023-04-28,28,poisson_calendar,0.0,3.8565187190183225,,
2023-03-31,2023-04-01,1,autoregressive_log_ridge,6.0,2.8929973959338118,,
2023-03-31,2023-04-02,2,autoregressive_log_ridge,1.0,2.8836666100998425,,
2023-03-31,2023-04-03,3,autoregressive_log_ridge,1.0,2.3144497591914797,,
2023-03-31,2023-04-04,4,autoregressive_log_ridge,2.0,1.9569111619304342,,
2023-03-31,2023-04-05,5,autoregressive_log_ridge,2.0,1.769637883650529,,
2023-03-31,2023-04-06,6,autoregressive_log_ridge,1.0,1.8892716899373423,,
2023-03-31,2023-04-07,7,autoregressive_log_ridge,1.0,2.07722671696575,,
2023-03-31,2023-04-08,8,autoregressive_log_ridge,4.0,2.805150054538281,,
2023-03-31,2023-04-09,9,autoregressive_log_ridge,4.0,2.760569916262961,,
2023-03-31,2023-04-10,10,autoregressive_log_ridge,3.0,2.356819230827966,,
2023-03-31,2023-04-11,11,autoregressive_log_ridge,3.0,1.9483560380262417,,
2023-03-31,2023-04-12,12,autoregressive_log_ridge,2.0,1.7188989499668903,,
2023-03-31,2023-04-13,13,autoregressive_log_ridge,6.0,1.7695490954367683,,
2023-03-31,2023-04-14,14,autoregressive_log_ridge,4.0,2.1038979205760535,,
2023-03-31,2023-04-15,15,autoregressive_log_ridge,6.0,2.771063869958154,,
2023-03-31,2023-04-16,16,autoregressive_log_ridge,1.0,2.8029449172368923,,
2023-03-31,2023-04-17,17,autoregressive_log_ridge,6.0,2.3203942938486053,,
2023-03-31,2023-04-18,18,autoregressive_log_ridge,2.0,1.9663643712863887,,
2023-03-31,2023-04-19,19,autoregressive_log_ridge,0.0,1.7683951374429947,,
2023-03-31,2023-04-20,20,autoregressive_log_ridge,0.0,1.8415795516207196,,
2023-03-31,2023-04-21,21,autoregressive_log_ridge,2.0,2.1092411243563984,,
2023-03-31,2023-04-22,22,autoregressive_log_ridge,1.0,2.8285231407445335,,
2023-03-31,2023-04-23,23,autoregressive_log_ridge,1.0,2.8681577868297756,,
2023-03-31,2023-04-24,24,autoregressive_log_ridge,3.0,2.3824212654095507,,
2023-03-31,2023-04-25,25,autoregressive_log_ridge,3.0,2.0215712733745757,,
2023-03-31,2023-04-26,26,autoregressive_log_ridge,2.0,1.8185792719604859,,
2023-03-31,2023-04-27,27,autoregressive_log_ridge,1.0,1.9003634163589096,,
2023-03-31,2023-04-28,28,autoregressive_log_ridge,0.0,2.1992101324225906,,
2023-03-31,2023-04-01,1,dynamic_count_ensemble,6.0,3.1003389545833326,1.0,6.0
2023-03-31,2023-04-02,2,dynamic_count_ensemble,1.0,3.0835831812017633,1.0,6.0
2023-03-31,2023-04-03,3,dynamic_count_ensemble,1.0,2.8907981992439034,1.0,6.0
2023-03-31,2023-04-04,4,dynamic_count_ensemble,2.0,2.4985289345440265,0.0,5.0
2023-03-31,2023-04-05,5,dynamic_count_ensemble,2.0,2.3435375380509735,0.0,5.0
2023-03-31,2023-04-06,6,dynamic_count_ensemble,1.0,2.3373882973149844,0.0,5.0
2023-03-31,2023-04-07,7,dynamic_count_ensemble,1.0,2.5068371411548154,0.0,5.0
2023-03-31,2023-04-08,8,dynamic_count_ensemble,4.0,3.07837711923445,1.0,6.0
2023-03-31,2023-04-09,9,dynamic_count_ensemble,4.0,3.052809007742543,1.0,6.0
2023-03-31,2023-04-10,10,dynamic_count_ensemble,3.0,2.901390567153025,1.0,6.0
2023-03-31,2023-04-11,11,dynamic_count_ensemble,3.0,2.4963901535679787,0.0,5.0
2023-03-31,2023-04-12,12,dynamic_count_ensemble,2.0,2.330852804630064,0.0,5.0
2023-03-31,2023-04-13,13,dynamic_count_ensemble,6.0,2.307457648689841,0.0,5.0
2023-03-31,2023-04-14,14,dynamic_count_ensemble,4.0,2.5135049420573914,0.0,5.0
2023-03-31,2023-04-15,15,dynamic_count_ensemble,6.0,3.069855573089418,1.0,6.0
2023-03-31,2023-04-16,16,dynamic_count_ensemble,1.0,3.063402757986026,1.0,6.0
2023-03-31,2023-04-17,17,dynamic_count_ensemble,6.0,2.8922843329081847,1.0,6.0
2023-03-31,2023-04-18,18,dynamic_count_ensemble,2.0,2.5008922368830153,0.0,5.0
2023-03-31,2023-04-19,19,dynamic_count_ensemble,0.0,2.34322685149909,0.0,5.0
2023-03-31,2023-04-20,20,dynamic_count_ensemble,0.0,2.325465262735829,0.0,5.0
2023-03-31,2023-04-21,21,dynamic_count_ensemble,2.0,2.5148407430024773,0.0,5.0
2023-03-31,2023-04-22,22,dynamic_count_ensemble,1.0,3.084220390786013,1.0,6.0
2023-03-31,2023-04-23,23,dynamic_count_ensemble,1.0,3.079705975384247,1.0,6.0
2023-03-31,2023-04-24,24,dynamic_count_ensemble,3.0,2.9077910757984213,1.0,6.0
2023-03-31,2023-04-25,25,dynamic_count_ensemble,3.0,2.514693962405062,0.0,5.0
2023-03-31,2023-04-26,26,dynamic_count_ensemble,2.0,2.355772885128463,0.0,5.0
2023-03-31,2023-04-27,27,dynamic_count_ensemble,1.0,2.340161228920376,0.0,5.0
2023-03-31,2023-04-28,28,dynamic_count_ensemble,0.0,2.5373329950190255,0.0,5.0
2023-03-31,2023-04-01,1,prophet,6.0,4.599332063599413,1.8773162956943221,7.220940008201304
2023-03-31,2023-04-02,2,prophet,1.0,4.827338787534288,2.2025065248146722,7.566590381982349
2023-03-31,2023-04-03,3,prophet,1.0,3.3646127424445496,0.7994624718448928,5.467912383520581
2023-03-31,2023-04-04,4,prophet,2.0,3.0470331217024857,0.14106304197824915,5.688395429235343
2023-03-31,2023-04-05,5,prophet,2.0,2.9144802871686517,0.1551637276364686,5.427718491752733
2023-03-31,2023-04-06,6,prophet,1.0,2.936865832237418,0.0,5.882546362428174
2023-03-31,2023-04-07,7,prophet,1.0,3.544594288082633,1.189909356034438,6.085659518537578
2023-03-31,2023-04-08,8,prophet,4.0,4.880201219776685,2.319984878706058,7.7270758247666
2023-03-31,2023-04-09,9,prophet,4.0,5.125584182690155,2.3974619290648564,7.893013828702606
2023-03-31,2023-04-10,10,prophet,3.0,3.675305855899165,0.9649578445255795,6.198843448181587
2023-03-31,2023-04-11,11,prophet,3.0,3.3648483327294816,0.624259813988689,5.599051695023875
2023-03-31,2023-04-12,12,prophet,2.0,3.2338494716295036,0.32641364896664243,5.74694693703883
2023-03-31,2023-04-13,13,prophet,6.0,3.252140567722905,0.7818805054275001,5.725803275604264
2023-03-31,2023-04-14,14,prophet,4.0,3.8502110134766374,1.3001778415106997,6.542520239382235
2023-03-31,2023-04-15,15,prophet,6.0,5.170844597763198,2.4139322143107855,7.895930428267383
2023-03-31,2023-04-16,16,prophet,1.0,5.3963439520924394,2.964569834011578,8.086171093608797
2023-03-31,2023-04-17,17,prophet,6.0,3.9218226339141786,1.4779239349608917,6.740365327145026
2023-03-31,2023-04-18,18,prophet,2.0,3.583444130644998,0.6239760817378329,5.936346553553716
2023-03-31,2023-04-19,19,prophet,0.0,3.421639113088877,0.5631423086194807,5.974162780985481
2023-03-31,2023-04-20,20,prophet,0.0,3.407120734149423,0.8559835345491327,5.641649090106577
2023-03-31,2023-04-21,21,prophet,2.0,3.9713242718898063,1.7098726886019746,6.4919544715871895
2023-03-31,2023-04-22,22,prophet,1.0,5.258016474210361,2.656140602207853,7.8041759716279095
2023-03-31,2023-04-23,23,prophet,1.0,5.450491879177671,2.9576625826385388,8.340861202807552
2023-03-31,2023-04-24,24,prophet,3.0,3.9448364018161,0.9084223803873523,6.623142923499076
2023-03-31,2023-04-25,25,prophet,3.0,3.5781382849062697,1.5093774937481022,6.813696816657469
2023-03-31,2023-04-26,26,prophet,2.0,3.39167854587046,0.7885609128714534,6.093008700245025
2023-03-31,2023-04-27,27,prophet,1.0,3.3569214861580274,0.631425177064895,6.248461156358977
2023-03-31,2023-04-28,28,prophet,0.0,3.905932277261857,1.0536337998744219,6.425027545720834
2023-06-30,2023-07-01,1,rolling_mean_28,4.0,3.392857142857143,,
2023-06-30,2023-07-02,2,rolling_mean_28,1.0,3.392857142857143,,
2023-06-30,2023-07-03,3,rolling_mean_28,5.0,3.392857142857143,,
2023-06-30,2023-07-04,4,rolling_mean_28,3.0,3.392857142857143,,
2023-06-30,2023-07-05,5,rolling_mean_28,14.0,3.392857142857143,,
2023-06-30,2023-07-06,6,rolling_mean_28,4.0,3.392857142857143,,
2023-06-30,2023-07-07,7,rolling_mean_28,1.0,3.392857142857143,,
2023-06-30,2023-07-08,8,rolling_mean_28,5.0,3.392857142857143,,
2023-06-30,2023-07-09,9,rolling_mean_28,3.0,3.392857142857143,,
2023-06-30,2023-07-10,10,rolling_mean_28,3.0,3.392857142857143,,
2023-06-30,2023-07-11,11,rolling_mean_28,5.0,3.392857142857143,,
2023-06-30,2023-07-12,12,rolling_mean_28,2.0,3.392857142857143,,
2023-06-30,2023-07-13,13,rolling_mean_28,3.0,3.392857142857143,,
2023-06-30,2023-07-14,14,rolling_mean_28,3.0,3.392857142857143,,
2023-06-30,2023-07-15,15,rolling_mean_28,1.0,3.392857142857143,,
2023-06-30,2023-07-16,16,rolling_mean_28,3.0,3.392857142857143,,
2023-06-30,2023-07-17,17,rolling_mean_28,3.0,3.392857142857143,,
2023-06-30,2023-07-18,18,rolling_mean_28,1.0,3.392857142857143,,
2023-06-30,2023-07-19,19,rolling_mean_28,3.0,3.392857142857143,,
2023-06-30,2023-07-20,20,rolling_mean_28,2.0,3.392857142857143,,
2023-06-30,2023-07-21,21,rolling_mean_28,2.0,3.392857142857143,,
2023-06-30,2023-07-22,22,rolling_mean_28,6.0,3.392857142857143,,
2023-06-30,2023-07-23,23,rolling_mean_28,4.0,3.392857142857143,,
2023-06-30,2023-07-24,24,rolling_mean_28,4.0,3.392857142857143,,
2023-06-30,2023-07-25,25,rolling_mean_28,3.0,3.392857142857143,,
2023-06-30,2023-07-26,26,rolling_mean_28,2.0,3.392857142857143,,
2023-06-30,2023-07-27,27,rolling_mean_28,3.0,3.392857142857143,,
2023-06-30,2023-07-28,28,rolling_mean_28,4.0,3.392857142857143,,
2023-06-30,2023-07-01,1,seasonal_naive_7,4.0,1.0,,
2023-06-30,2023-07-02,2,seasonal_naive_7,1.0,7.0,,
2023-06-30,2023-07-03,3,seasonal_naive_7,5.0,3.0,,
2023-06-30,2023-07-04,4,seasonal_naive_7,3.0,4.0,,
2023-06-30,2023-07-05,5,seasonal_naive_7,14.0,2.0,,
2023-06-30,2023-07-06,6,seasonal_naive_7,4.0,4.0,,
2023-06-30,2023-07-07,7,seasonal_naive_7,1.0,5.0,,
2023-06-30,2023-07-08,8,seasonal_naive_7,5.0,1.0,,
2023-06-30,2023-07-09,9,seasonal_naive_7,3.0,7.0,,
2023-06-30,2023-07-10,10,seasonal_naive_7,3.0,3.0,,
2023-06-30,2023-07-11,11,seasonal_naive_7,5.0,4.0,,
2023-06-30,2023-07-12,12,seasonal_naive_7,2.0,2.0,,
2023-06-30,2023-07-13,13,seasonal_naive_7,3.0,4.0,,
2023-06-30,2023-07-14,14,seasonal_naive_7,3.0,5.0,,
2023-06-30,2023-07-15,15,seasonal_naive_7,1.0,1.0,,
2023-06-30,2023-07-16,16,seasonal_naive_7,3.0,7.0,,
2023-06-30,2023-07-17,17,seasonal_naive_7,3.0,3.0,,
2023-06-30,2023-07-18,18,seasonal_naive_7,1.0,4.0,,
2023-06-30,2023-07-19,19,seasonal_naive_7,3.0,2.0,,
2023-06-30,2023-07-20,20,seasonal_naive_7,2.0,4.0,,
2023-06-30,2023-07-21,21,seasonal_naive_7,2.0,5.0,,
2023-06-30,2023-07-22,22,seasonal_naive_7,6.0,1.0,,
2023-06-30,2023-07-23,23,seasonal_naive_7,4.0,7.0,,
2023-06-30,2023-07-24,24,seasonal_naive_7,4.0,3.0,,
2023-06-30,2023-07-25,25,seasonal_naive_7,3.0,4.0,,
2023-06-30,2023-07-26,26,seasonal_naive_7,2.0,2.0,,
2023-06-30,2023-07-27,27,seasonal_naive_7,3.0,4.0,,
2023-06-30,2023-07-28,28,seasonal_naive_7,4.0,5.0,,
2023-06-30,2023-07-01,1,day_of_week_mean_365,4.0,4.115384615384615,,
2023-06-30,2023-07-02,2,day_of_week_mean_365,1.0,3.7115384615384617,,
2023-06-30,2023-07-03,3,day_of_week_mean_365,5.0,3.519230769230769,,
2023-06-30,2023-07-04,4,day_of_week_mean_365,3.0,2.5576923076923075,,
2023-06-30,2023-07-05,5,day_of_week_mean_365,14.0,2.480769230769231,,
2023-06-30,2023-07-06,6,day_of_week_mean_365,4.0,2.4615384615384617,,
2023-06-30,2023-07-07,7,day_of_week_mean_365,1.0,3.018867924528302,,
2023-06-30,2023-07-08,8,day_of_week_mean_365,5.0,4.115384615384615,,
2023-06-30,2023-07-09,9,day_of_week_mean_365,3.0,3.7115384615384617,,
2023-06-30,2023-07-10,10,day_of_week_mean_365,3.0,3.519230769230769,,
2023-06-30,2023-07-11,11,day_of_week_mean_365,5.0,2.5576923076923075,,
2023-06-30,2023-07-12,12,day_of_week_mean_365,2.0,2.480769230769231,,
2023-06-30,2023-07-13,13,day_of_week_mean_365,3.0,2.4615384615384617,,
2023-06-30,2023-07-14,14,day_of_week_mean_365,3.0,3.018867924528302,,
2023-06-30,2023-07-15,15,day_of_week_mean_365,1.0,4.115384615384615,,
2023-06-30,2023-07-16,16,day_of_week_mean_365,3.0,3.7115384615384617,,
2023-06-30,2023-07-17,17,day_of_week_mean_365,3.0,3.519230769230769,,
2023-06-30,2023-07-18,18,day_of_week_mean_365,1.0,2.5576923076923075,,
2023-06-30,2023-07-19,19,day_of_week_mean_365,3.0,2.480769230769231,,
2023-06-30,2023-07-20,20,day_of_week_mean_365,2.0,2.4615384615384617,,
2023-06-30,2023-07-21,21,day_of_week_mean_365,2.0,3.018867924528302,,
2023-06-30,2023-07-22,22,day_of_week_mean_365,6.0,4.115384615384615,,
2023-06-30,2023-07-23,23,day_of_week_mean_365,4.0,3.7115384615384617,,
2023-06-30,2023-07-24,24,day_of_week_mean_365,4.0,3.519230769230769,,
2023-06-30,2023-07-25,25,day_of_week_mean_365,3.0,2.5576923076923075,,
2023-06-30,2023-07-26,26,day_of_week_mean_365,2.0,2.480769230769231,,
2023-06-30,2023-07-27,27,day_of_week_mean_365,3.0,2.4615384615384617,,
2023-06-30,2023-07-28,28,day_of_week_mean_365,4.0,3.018867924528302,,
2023-06-30,2023-07-01,1,poisson_calendar,4.0,6.778594442958765,,
2023-06-30,2023-07-02,2,poisson_calendar,1.0,6.94395917605122,,
2023-06-30,2023-07-03,3,poisson_calendar,5.0,5.663182487034758,,
2023-06-30,2023-07-04,4,poisson_calendar,3.0,4.780041463110225,,
2023-06-30,2023-07-05,5,poisson_calendar,14.0,4.4748427159386726,,
2023-06-30,2023-07-06,6,poisson_calendar,4.0,4.705432649117123,,
2023-06-30,2023-07-07,7,poisson_calendar,1.0,5.562830565399358,,
2023-06-30,2023-07-08,8,poisson_calendar,5.0,7.039481085665269,,
2023-06-30,2023-07-09,9,poisson_calendar,3.0,7.202349513029155,,
2023-06-30,2023-07-10,10,poisson_calendar,3.0,5.8664180960703165,,
2023-06-30,2023-07-11,11,poisson_calendar,5.0,4.9450347316188275,,
2023-06-30,2023-07-12,12,poisson_calendar,2.0,4.622968798080195,,
2023-06-30,2023-07-13,13,poisson_calendar,3.0,4.854327260327289,,
2023-06-30,2023-07-14,14,poisson_calendar,3.0,5.730506258960153,,
2023-06-30,2023-07-15,15,poisson_calendar,1.0,7.240815069377145,,
2023-06-30,2023-07-16,16,poisson_calendar,3.0,7.396960422180621,,
2023-06-30,2023-07-17,17,poisson_calendar,3.0,6.015444924469388,,
2023-06-30,2023-07-18,18,poisson_calendar,1.0,5.062485919644446,,
2023-06-30,2023-07-19,19,poisson_calendar,3.0,4.724981068895967,,
2023-06-30,2023-07-20,20,poisson_calendar,2.0,4.953116155679732,,
2023-06-30,2023-07-21,21,poisson_calendar,2.0,5.8371304271089866,,
2023-06-30,2023-07-22,22,poisson_calendar,6.0,7.3627204397630015,,
2023-06-30,2023-07-23,23,poisson_calendar,4.0,7.508221012154269,,
2023-06-30,2023-07-24,24,poisson_calendar,4.0,6.095001748750729,,
2023-06-30,2023-07-25,25,poisson_calendar,3.0,5.120149886196253,,
2023-06-30,2023-07-26,26,poisson_calendar,2.0,4.770052587833432,,
2023-06-30,2023-07-27,27,poisson_calendar,3.0,4.991124522563196,,
2023-06-30,2023-07-28,28,poisson_calendar,4.0,5.870968265793564,,
2023-06-30,2023-07-01,1,autoregressive_log_ridge,4.0,4.051113797896185,,
2023-06-30,2023-07-02,2,autoregressive_log_ridge,1.0,3.7897669009748904,,
2023-06-30,2023-07-03,3,autoregressive_log_ridge,5.0,3.3057758467789755,,
2023-06-30,2023-07-04,4,autoregressive_log_ridge,3.0,2.6795452970394997,,
2023-06-30,2023-07-05,5,autoregressive_log_ridge,14.0,2.5176248071268663,,
2023-06-30,2023-07-06,6,autoregressive_log_ridge,4.0,2.5592942673561128,,
2023-06-30,2023-07-07,7,autoregressive_log_ridge,1.0,2.8500202520950437,,
2023-06-30,2023-07-08,8,autoregressive_log_ridge,5.0,3.562256860591498,,
2023-06-30,2023-07-09,9,autoregressive_log_ridge,3.0,3.553117972154289,,
2023-06-30,2023-07-10,10,autoregressive_log_ridge,3.0,3.041608254439642,,
2023-06-30,2023-07-11,11,autoregressive_log_ridge,5.0,2.5453604523271083,,
2023-06-30,2023-07-12,12,autoregressive_log_ridge,2.0,2.3542490252610193,,
2023-06-30,2023-07-13,13,autoregressive_log_ridge,3.0,2.3972643950376002,,
2023-06-30,2023-07-14,14,autoregressive_log_ridge,3.0,2.7771276669127016,,
2023-06-30,2023-07-15,15,autoregressive_log_ridge,1.0,3.5052071329357792,,
2023-06-30,2023-07-16,16,autoregressive_log_ridge,3.0,3.431953462261877,,
2023-06-30,2023-07-17,17,autoregressive_log_ridge,3.0,2.947408636200727,,
2023-06-30,2023-07-18,18,autoregressive_log_ridge,1.0,2.4072569408874442,,
2023-06-30,2023-07-19,19,autoregressive_log_ridge,3.0,2.2239655558199414,,
2023-06-30,2023-07-20,20,autoregressive_log_ridge,2.0,2.253921752345957,,
2023-06-30,2023-07-21,21,autoregressive_log_ridge,2.0,2.5930218969726146,,
2023-06-30,2023-07-22,22,autoregressive_log_ridge,6.0,3.3350457961797435,,
2023-06-30,2023-07-23,23,autoregressive_log_ridge,4.0,3.2837048692059794,,
2023-06-30,2023-07-24,24,autoregressive_log_ridge,4.0,2.780568997714865,,
2023-06-30,2023-07-25,25,autoregressive_log_ridge,3.0,2.3027722868761633,,
2023-06-30,2023-07-26,26,autoregressive_log_ridge,2.0,2.1321712041128587,,
2023-06-30,2023-07-27,27,autoregressive_log_ridge,3.0,2.156310432249974,,
2023-06-30,2023-07-28,28,autoregressive_log_ridge,4.0,2.4804064914881767,,
2023-06-30,2023-07-01,1,dynamic_count_ensemble,4.0,3.9294576606738048,1.0,7.0
2023-06-30,2023-07-02,2,dynamic_count_ensemble,1.0,3.712678628751174,1.0,7.0
2023-06-30,2023-07-03,3,dynamic_count_ensemble,5.0,3.5195654805868104,1.0,7.0
2023-06-30,2023-07-04,4,dynamic_count_ensemble,3.0,3.0024309200750183,1.0,6.0
2023-06-30,2023-07-05,5,dynamic_count_ensemble,14.0,2.9331046437507067,1.0,6.0
2023-06-30,2023-07-06,6,dynamic_count_ensemble,4.0,2.9363104703464797,1.0,6.0
2023-06-30,2023-07-07,7,dynamic_count_ensemble,1.0,3.2179905151524024,1.0,6.0
2023-06-30,2023-07-08,8,dynamic_count_ensemble,5.0,3.8072434263476334,1.0,7.0
2023-06-30,2023-07-09,9,dynamic_count_ensemble,3.0,3.6535163965460233,1.0,7.0
2023-06-30,2023-07-10,10,dynamic_count_ensemble,3.0,3.453523582501977,1.0,7.0
2023-06-30,2023-07-11,11,dynamic_count_ensemble,5.0,2.9688847088969204,1.0,6.0
2023-06-30,2023-07-12,12,dynamic_count_ensemble,2.0,2.892260698284245,1.0,6.0
2023-06-30,2023-07-13,13,dynamic_count_ensemble,3.0,2.8958030022668515,1.0,6.0
2023-06-30,2023-07-14,14,dynamic_count_ensemble,3.0,3.1997673688568167,1.0,6.0
2023-06-30,2023-07-15,15,dynamic_count_ensemble,1.0,3.7929809944337034,1.0,7.0
2023-06-30,2023-07-16,16,dynamic_count_ensemble,3.0,3.6232252690729205,1.0,7.0
2023-06-30,2023-07-17,17,dynamic_count_ensemble,3.0,3.4299736779422485,1.0,7.0
2023-06-30,2023-07-18,18,dynamic_count_ensemble,1.0,2.9343588310370046,1.0,6.0
2023-06-30,2023-07-19,19,dynamic_count_ensemble,3.0,2.8596898309239753,1.0,6.0
2023-06-30,2023-07-20,20,dynamic_count_ensemble,2.0,2.859967341593941,1.0,6.0
2023-06-30,2023-07-21,21,dynamic_count_ensemble,2.0,3.1537409263717953,1.0,6.0
2023-06-30,2023-07-22,22,dynamic_count_ensemble,6.0,3.7504406602446947,1.0,7.0
2023-06-30,2023-07-23,23,dynamic_count_ensemble,4.0,3.586163120808946,1.0,7.0
2023-06-30,2023-07-24,24,dynamic_count_ensemble,4.0,3.3882637683207832,1.0,7.0
2023-06-30,2023-07-25,25,dynamic_count_ensemble,3.0,2.908237667534184,1.0,6.0
2023-06-30,2023-07-26,26,dynamic_count_ensemble,2.0,2.8367412429972045,0.0,6.0
2023-06-30,2023-07-27,27,dynamic_count_ensemble,3.0,2.835564511569945,1.0,6.0
2023-06-30,2023-07-28,28,dynamic_count_ensemble,4.0,3.1255870750006856,1.0,6.0
2023-06-30,2023-07-01,1,prophet,4.0,6.502178255435448,3.7839861004184057,9.120103629920521
2023-06-30,2023-07-02,2,prophet,1.0,6.7060170790142895,4.084871915607999,9.441420849425606
2023-06-30,2023-07-03,3,prophet,5.0,5.244002571699291,2.682455565176975,7.344321361857155
2023-06-30,2023-07-04,4,prophet,3.0,7.441746702250986,4.539858635856771,10.079398690732729
2023-06-30,2023-07-05,5,prophet,14.0,4.718644731828224,1.9632041815696226,7.228352593163346
2023-06-30,2023-07-06,6,prophet,4.0,4.69214575338304,1.6988420485145959,7.633688489012825
2023-06-30,2023-07-07,7,prophet,1.0,5.236799350962405,2.885422042536246,7.774295149572355
2023-06-30,2023-07-08,8,prophet,5.0,6.496212805676494,3.9395927979972223,9.339088408691973
2023-06-30,2023-07-09,9,prophet,3.0,6.639513978700403,3.915223915737675,9.403056218994625
2023-06-30,2023-07-10,10,prophet,3.0,5.1198095222149504,2.4132687340432213,7.639802303708581
2023-06-30,2023-07-11,11,prophet,5.0,4.709526364857781,1.9727875481299793,6.940591343873386
2023-06-30,2023-07-12,12,prophet,2.0,4.492114585238185,1.5887628348330192,7.001681905094732
2023-06-30,2023-07-13,13,prophet,3.0,4.422944028048692,1.9561539376477899,6.893131984342619
2023-06-30,2023-07-14,14,prophet,3.0,4.931680392119115,2.3852292492568465,7.620207733887167
2023-06-30,2023-07-15,15,prophet,1.0,6.162550698464382,3.409510947141762,8.883808603566585
2023-06-30,2023-07-16,16,prophet,3.0,6.285128643083251,3.85677043572868,8.97117738704358
2023-06-30,2023-07-17,17,prophet,3.0,4.752784744219262,2.312234088369233,7.567368233284423
2023-06-30,2023-07-18,18,prophet,1.0,4.338024368548174,1.3827134815160411,6.6876216717237025
2023-06-30,2023-07-19,19,prophet,3.0,4.124191764872104,1.2697102880693911,6.673129905267841
2023-06-30,2023-07-20,20,prophet,2.0,4.066372353355638,1.5188187336855556,6.297761869515724
2023-06-30,2023-07-21,21,prophet,2.0,4.593778776372373,2.3345289770745494,7.110868249292488
2023-06-30,2023-07-22,22,prophet,6.0,5.850030286805976,3.251809267297195,8.392785329526948
2023-06-30,2023-07-23,23,prophet,4.0,6.003955548168692,3.514627926505342,8.890264772835385
2023-06-30,2023-07-24,24,prophet,4.0,4.5080632408192916,1.4759607507248123,7.182607547949655
2023-06-30,2023-07-25,25,prophet,3.0,4.1339029738884285,2.0680481689911163,7.366656618349612
2023-06-30,2023-07-26,26,prophet,2.0,3.963793993953474,1.3643329577486527,6.661329592501093
2023-06-30,2023-07-27,27,prophet,3.0,3.9517532667870574,1.2300854596947786,6.839231194040135
2023-06-30,2023-07-28,28,prophet,4.0,4.525907751124888,1.6776158946201438,7.041464448923006
2023-09-30,2023-10-01,1,rolling_mean_28,6.0,2.5357142857142856,,
2023-09-30,2023-10-02,2,rolling_mean_28,5.0,2.5357142857142856,,
2023-09-30,2023-10-03,3,rolling_mean_28,1.0,2.5357142857142856,,
2023-09-30,2023-10-04,4,rolling_mean_28,2.0,2.5357142857142856,,
2023-09-30,2023-10-05,5,rolling_mean_28,4.0,2.5357142857142856,,
2023-09-30,2023-10-06,6,rolling_mean_28,3.0,2.5357142857142856,,
2023-09-30,2023-10-07,7,rolling_mean_28,1.0,2.5357142857142856,,
2023-09-30,2023-10-08,8,rolling_mean_28,2.0,2.5357142857142856,,
2023-09-30,2023-10-09,9,rolling_mean_28,3.0,2.5357142857142856,,
2023-09-30,2023-10-10,10,rolling_mean_28,1.0,2.5357142857142856,,
2023-09-30,2023-10-11,11,rolling_mean_28,2.0,2.5357142857142856,,
2023-09-30,2023-10-12,12,rolling_mean_28,2.0,2.5357142857142856,,
2023-09-30,2023-10-13,13,rolling_mean_28,0.0,2.5357142857142856,,
2023-09-30,2023-10-14,14,rolling_mean_28,1.0,2.5357142857142856,,
2023-09-30,2023-10-15,15,rolling_mean_28,2.0,2.5357142857142856,,
2023-09-30,2023-10-16,16,rolling_mean_28,2.0,2.5357142857142856,,
2023-09-30,2023-10-17,17,rolling_mean_28,0.0,2.5357142857142856,,
2023-09-30,2023-10-18,18,rolling_mean_28,6.0,2.5357142857142856,,
2023-09-30,2023-10-19,19,rolling_mean_28,1.0,2.5357142857142856,,
2023-09-30,2023-10-20,20,rolling_mean_28,2.0,2.5357142857142856,,
2023-09-30,2023-10-21,21,rolling_mean_28,4.0,2.5357142857142856,,
2023-09-30,2023-10-22,22,rolling_mean_28,2.0,2.5357142857142856,,
2023-09-30,2023-10-23,23,rolling_mean_28,2.0,2.5357142857142856,,
2023-09-30,2023-10-24,24,rolling_mean_28,1.0,2.5357142857142856,,
2023-09-30,2023-10-25,25,rolling_mean_28,2.0,2.5357142857142856,,
2023-09-30,2023-10-26,26,rolling_mean_28,2.0,2.5357142857142856,,
2023-09-30,2023-10-27,27,rolling_mean_28,4.0,2.5357142857142856,,
2023-09-30,2023-10-28,28,rolling_mean_28,4.0,2.5357142857142856,,
2023-09-30,2023-10-01,1,seasonal_naive_7,6.0,4.0,,
2023-09-30,2023-10-02,2,seasonal_naive_7,5.0,4.0,,
2023-09-30,2023-10-03,3,seasonal_naive_7,1.0,1.0,,
2023-09-30,2023-10-04,4,seasonal_naive_7,2.0,3.0,,
2023-09-30,2023-10-05,5,seasonal_naive_7,4.0,1.0,,
2023-09-30,2023-10-06,6,seasonal_naive_7,3.0,6.0,,
2023-09-30,2023-10-07,7,seasonal_naive_7,1.0,2.0,,
2023-09-30,2023-10-08,8,seasonal_naive_7,2.0,4.0,,
2023-09-30,2023-10-09,9,seasonal_naive_7,3.0,4.0,,
2023-09-30,2023-10-10,10,seasonal_naive_7,1.0,1.0,,
2023-09-30,2023-10-11,11,seasonal_naive_7,2.0,3.0,,
2023-09-30,2023-10-12,12,seasonal_naive_7,2.0,1.0,,
2023-09-30,2023-10-13,13,seasonal_naive_7,0.0,6.0,,
2023-09-30,2023-10-14,14,seasonal_naive_7,1.0,2.0,,
2023-09-30,2023-10-15,15,seasonal_naive_7,2.0,4.0,,
2023-09-30,2023-10-16,16,seasonal_naive_7,2.0,4.0,,
2023-09-30,2023-10-17,17,seasonal_naive_7,0.0,1.0,,
2023-09-30,2023-10-18,18,seasonal_naive_7,6.0,3.0,,
2023-09-30,2023-10-19,19,seasonal_naive_7,1.0,1.0,,
2023-09-30,2023-10-20,20,seasonal_naive_7,2.0,6.0,,
2023-09-30,2023-10-21,21,seasonal_naive_7,4.0,2.0,,
2023-09-30,2023-10-22,22,seasonal_naive_7,2.0,4.0,,
2023-09-30,2023-10-23,23,seasonal_naive_7,2.0,4.0,,
2023-09-30,2023-10-24,24,seasonal_naive_7,1.0,1.0,,
2023-09-30,2023-10-25,25,seasonal_naive_7,2.0,3.0,,
2023-09-30,2023-10-26,26,seasonal_naive_7,2.0,1.0,,
2023-09-30,2023-10-27,27,seasonal_naive_7,4.0,6.0,,
2023-09-30,2023-10-28,28,seasonal_naive_7,4.0,2.0,,
2023-09-30,2023-10-01,1,day_of_week_mean_365,6.0,3.3076923076923075,,
2023-09-30,2023-10-02,2,day_of_week_mean_365,5.0,3.019230769230769,,
2023-09-30,2023-10-03,3,day_of_week_mean_365,1.0,2.3461538461538463,,
2023-09-30,2023-10-04,4,day_of_week_mean_365,2.0,2.230769230769231,,
2023-09-30,2023-10-05,5,day_of_week_mean_365,4.0,2.269230769230769,,
2023-09-30,2023-10-06,6,day_of_week_mean_365,3.0,2.6153846153846154,,
2023-09-30,2023-10-07,7,day_of_week_mean_365,1.0,3.5660377358490565,,
2023-09-30,2023-10-08,8,day_of_week_mean_365,2.0,3.3076923076923075,,
2023-09-30,2023-10-09,9,day_of_week_mean_365,3.0,3.019230769230769,,
2023-09-30,2023-10-10,10,day_of_week_mean_365,1.0,2.3461538461538463,,
2023-09-30,2023-10-11,11,day_of_week_mean_365,2.0,2.230769230769231,,
2023-09-30,2023-10-12,12,day_of_week_mean_365,2.0,2.269230769230769,,
2023-09-30,2023-10-13,13,day_of_week_mean_365,0.0,2.6153846153846154,,
2023-09-30,2023-10-14,14,day_of_week_mean_365,1.0,3.5660377358490565,,
2023-09-30,2023-10-15,15,day_of_week_mean_365,2.0,3.3076923076923075,,
2023-09-30,2023-10-16,16,day_of_week_mean_365,2.0,3.019230769230769,,
2023-09-30,2023-10-17,17,day_of_week_mean_365,0.0,2.3461538461538463,,
2023-09-30,2023-10-18,18,day_of_week_mean_365,6.0,2.230769230769231,,
2023-09-30,2023-10-19,19,day_of_week_mean_365,1.0,2.269230769230769,,
2023-09-30,2023-10-20,20,day_of_week_mean_365,2.0,2.6153846153846154,,
2023-09-30,2023-10-21,21,day_of_week_mean_365,4.0,3.5660377358490565,,
2023-09-30,2023-10-22,22,day_of_week_mean_365,2.0,3.3076923076923075,,
2023-09-30,2023-10-23,23,day_of_week_mean_365,2.0,3.019230769230769,,
2023-09-30,2023-10-24,24,day_of_week_mean_365,1.0,2.3461538461538463,,
2023-09-30,2023-10-25,25,day_of_week_mean_365,2.0,2.230769230769231,,
2023-09-30,2023-10-26,26,day_of_week_mean_365,2.0,2.269230769230769,,
2023-09-30,2023-10-27,27,day_of_week_mean_365,4.0,2.6153846153846154,,
2023-09-30,2023-10-28,28,day_of_week_mean_365,4.0,3.5660377358490565,,
2023-09-30,2023-10-01,1,poisson_calendar,6.0,4.853309611841099,,
2023-09-30,2023-10-02,2,poisson_calendar,5.0,3.951983649235777,,
2023-09-30,2023-10-03,3,poisson_calendar,1.0,3.3154338463782,,
2023-09-30,2023-10-04,4,poisson_calendar,2.0,3.072252999622088,,
2023-09-30,2023-10-05,5,poisson_calendar,4.0,3.203460665668298,,
2023-09-30,2023-10-06,6,poisson_calendar,3.0,3.713839339792237,,
2023-09-30,2023-10-07,7,poisson_calendar,1.0,4.652239538835715,,
2023-09-30,2023-10-08,8,poisson_calendar,2.0,4.7575000271380565,,
2023-09-30,2023-10-09,9,poisson_calendar,3.0,3.8775128976027866,,
2023-09-30,2023-10-10,10,poisson_calendar,1.0,3.2558962532494613,,
2023-09-30,2023-10-11,11,poisson_calendar,2.0,3.019764537054111,,
2023-09-30,2023-10-12,12,poisson_calendar,2.0,3.1514783578413947,,
2023-09-30,2023-10-13,13,poisson_calendar,0.0,3.656696344960661,,
2023-09-30,2023-10-14,14,poisson_calendar,1.0,4.584477623875149,,
2023-09-30,2023-10-15,15,poisson_calendar,2.0,4.692009681618231,,
2023-09-30,2023-10-16,16,poisson_calendar,2.0,3.827147067422376,,
2023-09-30,2023-10-17,17,poisson_calendar,0.0,3.21605124164264,,
2023-09-30,2023-10-18,18,poisson_calendar,6.0,2.9849972028677345,,
2023-09-30,2023-10-19,19,poisson_calendar,1.0,3.1173878868833746,,
2023-09-30,2023-10-20,20,poisson_calendar,2.0,3.61957524982297,,
2023-09-30,2023-10-21,21,poisson_calendar,4.0,4.540844657357104,,
2023-09-30,2023-10-22,22,poisson_calendar,2.0,4.650172077022272,,
2023-09-30,2023-10-23,23,poisson_calendar,2.0,3.7951880243087017,,
2023-09-30,2023-10-24,24,poisson_calendar,1.0,3.190900584209465,,
2023-09-30,2023-10-25,25,poisson_calendar,2.0,2.963125605047615,,
2023-09-30,2023-10-26,26,poisson_calendar,2.0,3.0959646458286896,,
2023-09-30,2023-10-27,27,poisson_calendar,4.0,3.596206003994762,,
2023-09-30,2023-10-28,28,poisson_calendar,4.0,4.51323367080446,,
2023-09-30,2023-10-01,1,autoregressive_log_ridge,6.0,2.580626945627626,,
2023-09-30,2023-10-02,2,autoregressive_log_ridge,5.0,2.118359615812341,,
2023-09-30,2023-10-03,3,autoregressive_log_ridge,1.0,1.7486409706722101,,
2023-09-30,2023-10-04,4,autoregressive_log_ridge,2.0,1.5491570619946478,,
2023-09-30,2023-10-05,5,autoregressive_log_ridge,4.0,1.600340559359429,,
2023-09-30,2023-10-06,6,autoregressive_log_ridge,3.0,1.7907663534569327,,
2023-09-30,2023-10-07,7,autoregressive_log_ridge,1.0,2.4468662609887866,,
2023-09-30,2023-10-08,8,autoregressive_log_ridge,2.0,2.42371520218181,,
2023-09-30,2023-10-09,9,autoregressive_log_ridge,3.0,2.011315414048189,,
2023-09-30,2023-10-10,10,autoregressive_log_ridge,1.0,1.6527273233650477,,
2023-09-30,2023-10-11,11,autoregressive_log_ridge,2.0,1.4892263476098044,,
2023-09-30,2023-10-12,12,autoregressive_log_ridge,2.0,1.5197508024610058,,
2023-09-30,2023-10-13,13,autoregressive_log_ridge,0.0,1.7914339002009032,,
2023-09-30,2023-10-14,14,autoregressive_log_ridge,1.0,2.4261589375910066,,
2023-09-30,2023-10-15,15,autoregressive_log_ridge,2.0,2.389134144197526,,
2023-09-30,2023-10-16,16,autoregressive_log_ridge,2.0,1.965511246286002,,
2023-09-30,2023-10-17,17,autoregressive_log_ridge,0.0,1.6084533195898714,,
2023-09-30,2023-10-18,18,autoregressive_log_ridge,6.0,1.4249361230601485,,
2023-09-30,2023-10-19,19,autoregressive_log_ridge,1.0,1.464369249905452,,
2023-09-30,2023-10-20,20,autoregressive_log_ridge,2.0,1.7172304659759936,,
2023-09-30,2023-10-21,21,autoregressive_log_ridge,4.0,2.3524544869381234,,
2023-09-30,2023-10-22,22,autoregressive_log_ridge,2.0,2.3059305664997174,,
2023-09-30,2023-10-23,23,autoregressive_log_ridge,2.0,1.9002507618742697,,
2023-09-30,2023-10-24,24,autoregressive_log_ridge,1.0,1.5589376988285384,,
2023-09-30,2023-10-25,25,autoregressive_log_ridge,2.0,1.4040900510533811,,
2023-09-30,2023-10-26,26,autoregressive_log_ridge,2.0,1.4399638332438314,,
2023-09-30,2023-10-27,27,autoregressive_log_ridge,4.0,1.6826288653018464,,
2023-09-30,2023-10-28,28,autoregressive_log_ridge,4.0,2.297681233177926,,
2023-09-30,2023-10-01,1,dynamic_count_ensemble,6.0,2.749655833200524,1.0,5.0
2023-09-30,2023-10-02,2,dynamic_count_ensemble,5.0,2.5259159238236255,0.0,5.0
2023-09-30,2023-10-03,3,dynamic_count_ensemble,1.0,2.181082416384747,0.0,4.0
2023-09-30,2023-10-04,4,dynamic_count_ensemble,2.0,2.087942208446125,0.0,4.0
2023-09-30,2023-10-05,5,dynamic_count_ensemble,4.0,2.1151611597103974,0.0,4.0
2023-09-30,2023-10-06,6,dynamic_count_ensemble,3.0,2.292575300542466,0.0,5.0
2023-09-30,2023-10-07,7,dynamic_count_ensemble,1.0,2.8130951975995946,1.0,5.0
2023-09-30,2023-10-08,8,dynamic_count_ensemble,2.0,2.71042789733907,1.0,5.0
2023-09-30,2023-10-09,9,dynamic_count_ensemble,3.0,2.4991548733825875,0.0,5.0
2023-09-30,2023-10-10,10,dynamic_count_ensemble,1.0,2.157104004557956,0.0,4.0
2023-09-30,2023-10-11,11,dynamic_count_ensemble,2.0,2.072959529849914,0.0,4.0
2023-09-30,2023-10-12,12,dynamic_count_ensemble,2.0,2.0950137204857917,0.0,4.0
2023-09-30,2023-10-13,13,dynamic_count_ensemble,0.0,2.2927421872284586,0.0,5.0
2023-09-30,2023-10-14,14,dynamic_count_ensemble,1.0,2.8079183667501497,1.0,5.0
2023-09-30,2023-10-15,15,dynamic_count_ensemble,2.0,2.7017826328429986,1.0,5.0
2023-09-30,2023-10-16,16,dynamic_count_ensemble,2.0,2.4877038314420408,0.0,5.0
2023-09-30,2023-10-17,17,dynamic_count_ensemble,0.0,2.1460355036141623,0.0,4.0
2023-09-30,2023-10-18,18,dynamic_count_ensemble,6.0,2.0568869737125004,0.0,4.0
2023-09-30,2023-10-19,19,dynamic_count_ensemble,1.0,2.0811683323469032,0.0,4.0
2023-09-30,2023-10-20,20,dynamic_count_ensemble,2.0,2.274191328672231,0.0,4.0
2023-09-30,2023-10-21,21,dynamic_count_ensemble,4.0,2.789492254086929,1.0,5.0
2023-09-30,2023-10-22,22,dynamic_count_ensemble,2.0,2.680981738418547,1.0,5.0
2023-09-30,2023-10-23,23,dynamic_count_ensemble,2.0,2.4713887103391077,0.0,5.0
2023-09-30,2023-10-24,24,dynamic_count_ensemble,1.0,2.133656598423829,0.0,4.0
2023-09-30,2023-10-25,25,dynamic_count_ensemble,2.0,2.0516754557108086,0.0,4.0
2023-09-30,2023-10-26,26,dynamic_count_ensemble,2.0,2.075066978181498,0.0,4.0
2023-09-30,2023-10-27,27,dynamic_count_ensemble,4.0,2.265540928503694,0.0,4.0
2023-09-30,2023-10-28,28,dynamic_count_ensemble,4.0,2.7757989406468795,1.0,5.0
2023-09-30,2023-10-01,1,prophet,6.0,4.632127720744369,1.9232808914869406,7.241052493342721
2023-09-30,2023-10-02,2,prophet,5.0,3.1625438838275852,0.5504103921568834,5.888543153798643
2023-09-30,2023-10-03,3,prophet,1.0,2.798624913515006,0.2458846762935033,4.891695323549529
2023-09-30,2023-10-04,4,prophet,2.0,2.640978826005317,0.0,5.269562391186906
2023-09-30,2023-10-05,5,prophet,4.0,2.6163171940257053,0.0,5.117396512495545
2023-09-30,2023-10-06,6,prophet,3.0,3.174677323140475,0.1916647958724888,6.10610683883121
2023-09-30,2023-10-07,7,prophet,1.0,4.4566514832192965,2.113358366666933,6.985423202183922
2023-09-30,2023-10-08,8,prophet,2.0,4.633583720346215,2.085753542617416,7.4666853275994
2023-09-30,2023-10-09,9,prophet,3.0,3.0965654836025758,0.3816417114133212,5.850606481522033
2023-09-30,2023-10-10,10,prophet,1.0,2.7900495143231123,0.09281399373537659,5.301378392710605
2023-09-30,2023-10-11,11,prophet,2.0,2.6242435694686423,0.0,4.84763799841615
2023-09-30,2023-10-12,12,prophet,2.0,2.589493315204573,0.0,5.090432575386806
2023-09-30,2023-10-13,13,prophet,0.0,3.136031319180267,0.6777222174882886,5.597726604675909
2023-09-30,2023-10-14,14,prophet,1.0,4.404697672223975,1.867001398077321,7.08398167783712
2023-09-30,2023-10-15,15,prophet,2.0,4.567132003634175,1.8235573864293873,7.279034042723682
2023-09-30,2023-10-16,16,prophet,2.0,3.0782570245313523,0.6582476745108267,5.755070953921202
2023-09-30,2023-10-17,17,prophet,0.0,2.6924124051258422,0.2601644160841406,5.497319168601757
2023-09-30,2023-10-18,18,prophet,6.0,2.5106831705097274,0.0,4.8522024015881255
2023-09-30,2023-10-19,19,prophet,1.0,2.460328212073378,0.0,5.000502933290255
2023-09-30,2023-10-20,20,prophet,2.0,2.99199014460705,0.4531951840413121,5.215707994918709
2023-09-30,2023-10-21,21,prophet,4.0,4.246909972703236,1.994415890658827,6.755345524285555
2023-09-30,2023-10-22,22,prophet,2.0,4.397107484551469,1.8078193220439749,6.9312676311723145
2023-09-30,2023-10-23,23,prophet,2.0,2.897853471319068,0.417084323898942,5.774239372537968
2023-09-30,2023-10-24,24,prophet,1.0,2.5037929400467522,0.0,5.169141985627074
2023-09-30,2023-10-25,25,prophet,2.0,2.3162638532265643,0.2575115948097111,5.539708965643681
2023-09-30,2023-10-26,26,prophet,2.0,2.262717315944949,0.0,4.950978607350577
2023-09-30,2023-10-27,27,prophet,4.0,2.7939207286918535,0.08161019688262779,5.671471314419768
2023-09-30,2023-10-28,28,prophet,4.0,4.051167612158807,1.2126683728567722,6.558075658402136
2024-03-31,2024-04-01,1,rolling_mean_28,0.0,2.107142857142857,,
2024-03-31,2024-04-02,2,rolling_mean_28,1.0,2.107142857142857,,
2024-03-31,2024-04-03,3,rolling_mean_28,1.0,2.107142857142857,,
2024-03-31,2024-04-04,4,rolling_mean_28,0.0,2.107142857142857,,
2024-03-31,2024-04-05,5,rolling_mean_28,2.0,2.107142857142857,,
2024-03-31,2024-04-06,6,rolling_mean_28,1.0,2.107142857142857,,
2024-03-31,2024-04-07,7,rolling_mean_28,3.0,2.107142857142857,,
2024-03-31,2024-04-08,8,rolling_mean_28,3.0,2.107142857142857,,
2024-03-31,2024-04-09,9,rolling_mean_28,1.0,2.107142857142857,,
2024-03-31,2024-04-10,10,rolling_mean_28,4.0,2.107142857142857,,
2024-03-31,2024-04-11,11,rolling_mean_28,1.0,2.107142857142857,,
2024-03-31,2024-04-12,12,rolling_mean_28,1.0,2.107142857142857,,
2024-03-31,2024-04-13,13,rolling_mean_28,5.0,2.107142857142857,,
2024-03-31,2024-04-14,14,rolling_mean_28,3.0,2.107142857142857,,
2024-03-31,2024-04-15,15,rolling_mean_28,2.0,2.107142857142857,,
2024-03-31,2024-04-16,16,rolling_mean_28,2.0,2.107142857142857,,
2024-03-31,2024-04-17,17,rolling_mean_28,1.0,2.107142857142857,,
2024-03-31,2024-04-18,18,rolling_mean_28,0.0,2.107142857142857,,
2024-03-31,2024-04-19,19,rolling_mean_28,2.0,2.107142857142857,,
2024-03-31,2024-04-20,20,rolling_mean_28,2.0,2.107142857142857,,
2024-03-31,2024-04-21,21,rolling_mean_28,3.0,2.107142857142857,,
2024-03-31,2024-04-22,22,rolling_mean_28,2.0,2.107142857142857,,
2024-03-31,2024-04-23,23,rolling_mean_28,3.0,2.107142857142857,,
2024-03-31,2024-04-24,24,rolling_mean_28,2.0,2.107142857142857,,
2024-03-31,2024-04-25,25,rolling_mean_28,1.0,2.107142857142857,,
2024-03-31,2024-04-26,26,rolling_mean_28,1.0,2.107142857142857,,
2024-03-31,2024-04-27,27,rolling_mean_28,3.0,2.107142857142857,,
2024-03-31,2024-04-28,28,rolling_mean_28,2.0,2.107142857142857,,
2024-03-31,2024-04-01,1,seasonal_naive_7,0.0,4.0,,
2024-03-31,2024-04-02,2,seasonal_naive_7,1.0,0.0,,
2024-03-31,2024-04-03,3,seasonal_naive_7,1.0,2.0,,
2024-03-31,2024-04-04,4,seasonal_naive_7,0.0,2.0,,
2024-03-31,2024-04-05,5,seasonal_naive_7,2.0,2.0,,
2024-03-31,2024-04-06,6,seasonal_naive_7,1.0,2.0,,
2024-03-31,2024-04-07,7,seasonal_naive_7,3.0,2.0,,
2024-03-31,2024-04-08,8,seasonal_naive_7,3.0,4.0,,
2024-03-31,2024-04-09,9,seasonal_naive_7,1.0,0.0,,
2024-03-31,2024-04-10,10,seasonal_naive_7,4.0,2.0,,
2024-03-31,2024-04-11,11,seasonal_naive_7,1.0,2.0,,
2024-03-31,2024-04-12,12,seasonal_naive_7,1.0,2.0,,
2024-03-31,2024-04-13,13,seasonal_naive_7,5.0,2.0,,
2024-03-31,2024-04-14,14,seasonal_naive_7,3.0,2.0,,
2024-03-31,2024-04-15,15,seasonal_naive_7,2.0,4.0,,
2024-03-31,2024-04-16,16,seasonal_naive_7,2.0,0.0,,
2024-03-31,2024-04-17,17,seasonal_naive_7,1.0,2.0,,
2024-03-31,2024-04-18,18,seasonal_naive_7,0.0,2.0,,
2024-03-31,2024-04-19,19,seasonal_naive_7,2.0,2.0,,
2024-03-31,2024-04-20,20,seasonal_naive_7,2.0,2.0,,
2024-03-31,2024-04-21,21,seasonal_naive_7,3.0,2.0,,
2024-03-31,2024-04-22,22,seasonal_naive_7,2.0,4.0,,
2024-03-31,2024-04-23,23,seasonal_naive_7,3.0,0.0,,
2024-03-31,2024-04-24,24,seasonal_naive_7,2.0,2.0,,
2024-03-31,2024-04-25,25,seasonal_naive_7,1.0,2.0,,
2024-03-31,2024-04-26,26,seasonal_naive_7,1.0,2.0,,
2024-03-31,2024-04-27,27,seasonal_naive_7,3.0,2.0,,
2024-03-31,2024-04-28,28,seasonal_naive_7,2.0,2.0,,
2024-03-31,2024-04-01,1,day_of_week_mean_365,0.0,2.6538461538461537,,
2024-03-31,2024-04-02,2,day_of_week_mean_365,1.0,2.019230769230769,,
2024-03-31,2024-04-03,3,day_of_week_mean_365,1.0,2.0961538461538463,,
2024-03-31,2024-04-04,4,day_of_week_mean_365,0.0,2.2115384615384617,,
2024-03-31,2024-04-05,5,day_of_week_mean_365,2.0,2.423076923076923,,
2024-03-31,2024-04-06,6,day_of_week_mean_365,1.0,3.2884615384615383,,
2024-03-31,2024-04-07,7,day_of_week_mean_365,3.0,3.0943396226415096,,
2024-03-31,2024-04-08,8,day_of_week_mean_365,3.0,2.6538461538461537,,
2024-03-31,2024-04-09,9,day_of_week_mean_365,1.0,2.019230769230769,,
2024-03-31,2024-04-10,10,day_of_week_mean_365,4.0,2.0961538461538463,,
2024-03-31,2024-04-11,11,day_of_week_mean_365,1.0,2.2115384615384617,,
2024-03-31,2024-04-12,12,day_of_week_mean_365,1.0,2.423076923076923,,
2024-03-31,2024-04-13,13,day_of_week_mean_365,5.0,3.2884615384615383,,
2024-03-31,2024-04-14,14,day_of_week_mean_365,3.0,3.0943396226415096,,
2024-03-31,2024-04-15,15,day_of_week_mean_365,2.0,2.6538461538461537,,
2024-03-31,2024-04-16,16,day_of_week_mean_365,2.0,2.019230769230769,,
2024-03-31,2024-04-17,17,day_of_week_mean_365,1.0,2.0961538461538463,,
2024-03-31,2024-04-18,18,day_of_week_mean_365,0.0,2.2115384615384617,,
2024-03-31,2024-04-19,19,day_of_week_mean_365,2.0,2.423076923076923,,
2024-03-31,2024-04-20,20,day_of_week_mean_365,2.0,3.2884615384615383,,
2024-03-31,2024-04-21,21,day_of_week_mean_365,3.0,3.0943396226415096,,
2024-03-31,2024-04-22,22,day_of_week_mean_365,2.0,2.6538461538461537,,
2024-03-31,2024-04-23,23,day_of_week_mean_365,3.0,2.019230769230769,,
2024-03-31,2024-04-24,24,day_of_week_mean_365,2.0,2.0961538461538463,,
2024-03-31,2024-04-25,25,day_of_week_mean_365,1.0,2.2115384615384617,,
2024-03-31,2024-04-26,26,day_of_week_mean_365,1.0,2.423076923076923,,
2024-03-31,2024-04-27,27,day_of_week_mean_365,3.0,3.2884615384615383,,
2024-03-31,2024-04-28,28,day_of_week_mean_365,2.0,3.0943396226415096,,
2024-03-31,2024-04-01,1,poisson_calendar,0.0,3.0536445484984305,,
2024-03-31,2024-04-02,2,poisson_calendar,1.0,2.6092409989170187,,
2024-03-31,2024-04-03,3,poisson_calendar,1.0,2.4377060184536865,,
2024-03-31,2024-04-04,4,poisson_calendar,0.0,2.5226788637998494,,
2024-03-31,2024-04-05,5,poisson_calendar,2.0,2.962839431151371,,
2024-03-31,2024-04-06,6,poisson_calendar,1.0,3.735489284074689,,
2024-03-31,2024-04-07,7,poisson_calendar,3.0,3.9132441848853143,,
2024-03-31,2024-04-08,8,poisson_calendar,3.0,3.206203151593584,,
2024-03-31,2024-04-09,9,poisson_calendar,1.0,2.7404959353690574,,
2024-03-31,2024-04-10,10,poisson_calendar,4.0,2.561110568915297,,
2024-03-31,2024-04-11,11,poisson_calendar,1.0,2.651129307512954,,
2024-03-31,2024-04-12,12,poisson_calendar,1.0,3.1145063461831355,,
2024-03-31,2024-04-13,13,poisson_calendar,5.0,3.927636547709486,,
2024-03-31,2024-04-14,14,poisson_calendar,3.0,4.115421194416669,,
2024-03-31,2024-04-15,15,poisson_calendar,2.0,3.3725088279509854,,
2024-03-31,2024-04-16,16,poisson_calendar,2.0,2.8831513300500666,,
2024-03-31,2024-04-17,17,poisson_calendar,1.0,2.6948503326892346,,
2024-03-31,2024-04-18,18,poisson_calendar,0.0,2.7899565287201313,,
2024-03-31,2024-04-19,19,poisson_calendar,2.0,3.2779961236948183,,
2024-03-31,2024-04-20,20,poisson_calendar,2.0,4.134243099950534,,
2024-03-31,2024-04-21,21,poisson_calendar,3.0,4.332291241410461,,
2024-03-31,2024-04-22,22,poisson_calendar,2.0,3.5504920168349052,,
2024-03-31,2024-04-23,23,poisson_calendar,3.0,3.0354895322473254,,
2024-03-31,2024-04-24,24,poisson_calendar,2.0,2.8373693868221506,,
2024-03-31,2024-04-25,25,poisson_calendar,1.0,2.9376020312956417,,
2024-03-31,2024-04-26,26,poisson_calendar,1.0,3.4515399900001924,,
2024-03-31,2024-04-27,27,poisson_calendar,3.0,4.353157368139617,,
2024-03-31,2024-04-28,28,poisson_calendar,2.0,4.56168280477828,,
2024-03-31,2024-04-01,1,autoregressive_log_ridge,0.0,1.9829133587792542,,
2024-03-31,2024-04-02,2,autoregressive_log_ridge,1.0,1.7073713723465707,,
2024-03-31,2024-04-03,3,autoregressive_log_ridge,1.0,1.5492920164811168,,
2024-03-31,2024-04-04,4,autoregressive_log_ridge,0.0,1.615055078298834,,
2024-03-31,2024-04-05,5,autoregressive_log_ridge,2.0,1.9169484806371533,,
2024-03-31,2024-04-06,6,autoregressive_log_ridge,1.0,2.5459866775406947,,
2024-03-31,2024-04-07,7,autoregressive_log_ridge,3.0,2.5681327082992236,,
2024-03-31,2024-04-08,8,autoregressive_log_ridge,3.0,2.1115460399445856,,
2024-03-31,2024-04-09,9,autoregressive_log_ridge,1.0,1.753153838527366,,
2024-03-31,2024-04-10,10,autoregressive_log_ridge,4.0,1.6240033741780349,,
2024-03-31,2024-04-11,11,autoregressive_log_ridge,1.0,1.6845705432644467,,
2024-03-31,2024-04-12,12,autoregressive_log_ridge,1.0,2.0052534082795113,,
2024-03-31,2024-04-13,13,autoregressive_log_ridge,5.0,2.6234718804213455,,
2024-03-31,2024-04-14,14,autoregressive_log_ridge,3.0,2.6342831940767533,,
2024-03-31,2024-04-15,15,autoregressive_log_ridge,2.0,2.1767750027137303,,
2024-03-31,2024-04-16,16,autoregressive_log_ridge,2.0,1.826364545688857,,
2024-03-31,2024-04-17,17,autoregressive_log_ridge,1.0,1.6837620843325243,,
2024-03-31,2024-04-18,18,autoregressive_log_ridge,0.0,1.7657333248679108,,
2024-03-31,2024-04-19,19,autoregressive_log_ridge,2.0,2.1033905008913876,,
2024-03-31,2024-04-20,20,autoregressive_log_ridge,2.0,2.739495417714068,,
2024-03-31,2024-04-21,21,autoregressive_log_ridge,3.0,2.76089731101918,,
2024-03-31,2024-04-22,22,autoregressive_log_ridge,2.0,2.2884327975690635,,
2024-03-31,2024-04-23,23,autoregressive_log_ridge,3.0,1.9107953668851798,,
2024-03-31,2024-04-24,24,autoregressive_log_ridge,2.0,1.7792027362417109,,
2024-03-31,2024-04-25,25,autoregressive_log_ridge,1.0,1.8450888923113187,,
2024-03-31,2024-04-26,26,autoregressive_log_ridge,1.0,2.1646827447250616,,
2024-03-31,2024-04-27,27,autoregressive_log_ridge,3.0,2.824821641682598,,
2024-03-31,2024-04-28,28,autoregressive_log_ridge,2.0,2.8605313644332533,,
2024-03-31,2024-04-01,1,dynamic_count_ensemble,0.0,2.1178531327100174,0.0,4.0
2024-03-31,2024-04-02,2,dynamic_count_ensemble,1.0,1.8109868668710773,0.0,4.0
2024-03-31,2024-04-03,3,dynamic_count_ensemble,1.0,1.8003131817508677,0.0,4.0
2024-03-31,2024-04-04,4,dynamic_count_ensemble,0.0,1.860023177974528,0.0,4.0
2024-03-31,2024-04-05,5,dynamic_count_ensemble,2.0,2.0148234516360306,0.0,4.0
2024-03-31,2024-04-06,6,dynamic_count_ensemble,1.0,2.496602231631147,0.0,5.0
2024-03-31,2024-04-07,7,dynamic_count_ensemble,3.0,2.4293430208882683,0.0,5.0
2024-03-31,2024-04-08,8,dynamic_count_ensemble,3.0,2.1500113030013503,0.0,4.0
2024-03-31,2024-04-09,9,dynamic_count_ensemble,1.0,1.8224324834162762,0.0,4.0
2024-03-31,2024-04-10,10,dynamic_count_ensemble,4.0,1.8189910211750973,0.0,4.0
2024-03-31,2024-04-11,11,dynamic_count_ensemble,1.0,1.8774020442159312,0.0,4.0
2024-03-31,2024-04-12,12,dynamic_count_ensemble,1.0,2.03689968354662,0.0,4.0
2024-03-31,2024-04-13,13,dynamic_count_ensemble,5.0,2.5159735323513095,0.0,5.0
2024-03-31,2024-04-14,14,dynamic_count_ensemble,3.0,2.4458806423326505,0.0,5.0
2024-03-31,2024-04-15,15,dynamic_count_ensemble,2.0,2.1663185436936367,0.0,4.0
2024-03-31,2024-04-16,16,dynamic_count_ensemble,2.0,1.8407351602066488,0.0,4.0
2024-03-31,2024-04-17,17,dynamic_count_ensemble,1.0,1.8339306987137198,0.0,4.0
2024-03-31,2024-04-18,18,dynamic_count_ensemble,0.0,1.8976927396167973,0.0,4.0
2024-03-31,2024-04-19,19,dynamic_count_ensemble,2.0,2.061433956699589,0.0,4.0
2024-03-31,2024-04-20,20,dynamic_count_ensemble,2.0,2.54497941667449,0.0,5.0
2024-03-31,2024-04-21,21,dynamic_count_ensemble,3.0,2.4775341715682573,0.0,5.0
2024-03-31,2024-04-22,22,dynamic_count_ensemble,2.0,2.19423299240747,0.0,4.0
2024-03-31,2024-04-23,23,dynamic_count_ensemble,3.0,1.8618428655057295,0.0,4.0
2024-03-31,2024-04-24,24,dynamic_count_ensemble,2.0,1.8577908616910164,0.0,4.0
2024-03-31,2024-04-25,25,dynamic_count_ensemble,1.0,1.9175316314776492,0.0,4.0
2024-03-31,2024-04-26,26,dynamic_count_ensemble,1.0,2.0767570176580077,0.0,4.0
2024-03-31,2024-04-27,27,dynamic_count_ensemble,3.0,2.566310972666623,0.0,5.0
2024-03-31,2024-04-28,28,dynamic_count_ensemble,2.0,2.5024426849217756,0.0,5.0
2024-03-31,2024-04-01,1,prophet,0.0,1.56778533454029,0.0,4.126359397696518
2024-03-31,2024-04-02,2,prophet,1.0,1.2378088136362269,0.0,3.911197905413048
2024-03-31,2024-04-03,3,prophet,1.0,1.1091830450702604,0.0,3.1618193989064713
2024-03-31,2024-04-04,4,prophet,0.0,1.1225451775978605,0.0,3.7003986302346616
2024-03-31,2024-04-05,5,prophet,2.0,1.7067511997764258,0.0,4.159561162464666
2024-03-31,2024-04-06,6,prophet,1.0,3.0063027236349322,0.08086057884796269,5.881157378545912
2024-03-31,2024-04-07,7,prophet,3.0,3.2178971302342645,0.9198281888242716,5.697865046419925
2024-03-31,2024-04-08,8,prophet,3.0,1.8003214387797102,0.0,4.578745855895002
2024-03-31,2024-04-09,9,prophet,1.0,1.4829628197243916,0.0,4.183852450638416
2024-03-31,2024-04-10,10,prophet,4.0,1.36219651885378,0.0,3.8250582309981587
2024-03-31,2024-04-11,11,prophet,1.0,1.3784073309785614,0.0,3.5588915587416654
2024-03-31,2024-04-12,12,prophet,1.0,1.9603498197355782,0.0,4.41302242717856
2024-03-31,2024-04-13,13,prophet,5.0,3.2525784597896923,0.8417132739201487,5.6667644781125635
2024-03-31,2024-04-14,14,prophet,3.0,3.451996649207705,0.9632764164915831,6.0795720536774
2024-03-31,2024-04-15,15,prophet,2.0,2.0177449766051345,0.0,4.6773089057422785
2024-03-31,2024-04-16,16,prophet,2.0,1.6797018150593348,0.0,4.304854814320063
2024-03-31,2024-04-17,17,prophet,1.0,1.5348572856261942,0.0,4.285631002820606
2024-03-31,2024-04-18,18,prophet,0.0,1.5243171219873501,0.0,3.820646412866838
2024-03-31,2024-04-19,19,prophet,2.0,2.0776421312759346,0.0,4.568792978495542
2024-03-31,2024-04-20,20,prophet,2.0,3.340255017889355,0.8504573027540638,5.5210564251750265
2024-03-31,2024-04-21,21,prophet,3.0,3.509964183531918,1.2994977352648658,5.969988408372061
2024-03-31,2024-04-22,22,prophet,2.0,2.046825610051055,0.0,4.53207796041711
2024-03-31,2024-04-23,23,prophet,3.0,1.6816166544563966,0.0,4.502490004191701
2024-03-31,2024-04-24,24,prophet,2.0,1.5121835707179196,0.0,4.126092951664984
2024-03-31,2024-04-25,25,prophet,1.0,1.480420053632617,0.0,4.644232347792647
2024-03-31,2024-04-26,26,prophet,1.0,2.016583233788192,0.0,4.65296266772912
2024-03-31,2024-04-27,27,prophet,3.0,3.26667957363404,0.6067150354457517,6.088695130154233
2024-03-31,2024-04-28,28,prophet,2.0,3.428970890559345,0.6452530125103778,5.887497090012663
2024-06-30,2024-07-01,1,rolling_mean_28,1.0,3.4642857142857144,,
2024-06-30,2024-07-02,2,rolling_mean_28,3.0,3.4642857142857144,,
2024-06-30,2024-07-03,3,rolling_mean_28,4.0,3.4642857142857144,,
2024-06-30,2024-07-04,4,rolling_mean_28,8.0,3.4642857142857144,,
2024-06-30,2024-07-05,5,rolling_mean_28,3.0,3.4642857142857144,,
2024-06-30,2024-07-06,6,rolling_mean_28,2.0,3.4642857142857144,,
2024-06-30,2024-07-07,7,rolling_mean_28,2.0,3.4642857142857144,,
2024-06-30,2024-07-08,8,rolling_mean_28,2.0,3.4642857142857144,,
2024-06-30,2024-07-09,9,rolling_mean_28,1.0,3.4642857142857144,,
2024-06-30,2024-07-10,10,rolling_mean_28,4.0,3.4642857142857144,,
2024-06-30,2024-07-11,11,rolling_mean_28,3.0,3.4642857142857144,,
2024-06-30,2024-07-12,12,rolling_mean_28,3.0,3.4642857142857144,,
2024-06-30,2024-07-13,13,rolling_mean_28,7.0,3.4642857142857144,,
2024-06-30,2024-07-14,14,rolling_mean_28,3.0,3.4642857142857144,,
2024-06-30,2024-07-15,15,rolling_mean_28,6.0,3.4642857142857144,,
2024-06-30,2024-07-16,16,rolling_mean_28,2.0,3.4642857142857144,,
2024-06-30,2024-07-17,17,rolling_mean_28,0.0,3.4642857142857144,,
2024-06-30,2024-07-18,18,rolling_mean_28,2.0,3.4642857142857144,,
2024-06-30,2024-07-19,19,rolling_mean_28,3.0,3.4642857142857144,,
2024-06-30,2024-07-20,20,rolling_mean_28,0.0,3.4642857142857144,,
2024-06-30,2024-07-21,21,rolling_mean_28,5.0,3.4642857142857144,,
2024-06-30,2024-07-22,22,rolling_mean_28,3.0,3.4642857142857144,,
2024-06-30,2024-07-23,23,rolling_mean_28,1.0,3.4642857142857144,,
2024-06-30,2024-07-24,24,rolling_mean_28,2.0,3.4642857142857144,,
2024-06-30,2024-07-25,25,rolling_mean_28,2.0,3.4642857142857144,,
2024-06-30,2024-07-26,26,rolling_mean_28,4.0,3.4642857142857144,,
2024-06-30,2024-07-27,27,rolling_mean_28,4.0,3.4642857142857144,,
2024-06-30,2024-07-28,28,rolling_mean_28,2.0,3.4642857142857144,,
2024-06-30,2024-07-01,1,seasonal_naive_7,1.0,4.0,,
2024-06-30,2024-07-02,2,seasonal_naive_7,3.0,7.0,,
2024-06-30,2024-07-03,3,seasonal_naive_7,4.0,7.0,,
2024-06-30,2024-07-04,4,seasonal_naive_7,8.0,4.0,,
2024-06-30,2024-07-05,5,seasonal_naive_7,3.0,4.0,,
2024-06-30,2024-07-06,6,seasonal_naive_7,2.0,3.0,,
2024-06-30,2024-07-07,7,seasonal_naive_7,2.0,2.0,,
2024-06-30,2024-07-08,8,seasonal_naive_7,2.0,4.0,,
2024-06-30,2024-07-09,9,seasonal_naive_7,1.0,7.0,,
2024-06-30,2024-07-10,10,seasonal_naive_7,4.0,7.0,,
2024-06-30,2024-07-11,11,seasonal_naive_7,3.0,4.0,,
2024-06-30,2024-07-12,12,seasonal_naive_7,3.0,4.0,,
2024-06-30,2024-07-13,13,seasonal_naive_7,7.0,3.0,,
2024-06-30,2024-07-14,14,seasonal_naive_7,3.0,2.0,,
2024-06-30,2024-07-15,15,seasonal_naive_7,6.0,4.0,,
2024-06-30,2024-07-16,16,seasonal_naive_7,2.0,7.0,,
2024-06-30,2024-07-17,17,seasonal_naive_7,0.0,7.0,,
2024-06-30,2024-07-18,18,seasonal_naive_7,2.0,4.0,,
2024-06-30,2024-07-19,19,seasonal_naive_7,3.0,4.0,,
2024-06-30,2024-07-20,20,seasonal_naive_7,0.0,3.0,,
2024-06-30,2024-07-21,21,seasonal_naive_7,5.0,2.0,,
2024-06-30,2024-07-22,22,seasonal_naive_7,3.0,4.0,,
2024-06-30,2024-07-23,23,seasonal_naive_7,1.0,7.0,,
2024-06-30,2024-07-24,24,seasonal_naive_7,2.0,7.0,,
2024-06-30,2024-07-25,25,seasonal_naive_7,2.0,4.0,,
2024-06-30,2024-07-26,26,seasonal_naive_7,4.0,4.0,,
2024-06-30,2024-07-27,27,seasonal_naive_7,4.0,3.0,,
2024-06-30,2024-07-28,28,seasonal_naive_7,2.0,2.0,,
2024-06-30,2024-07-01,1,day_of_week_mean_365,1.0,2.6923076923076925,,
2024-06-30,2024-07-02,2,day_of_week_mean_365,3.0,2.326923076923077,,
2024-06-30,2024-07-03,3,day_of_week_mean_365,4.0,2.1346153846153846,,
2024-06-30,2024-07-04,4,day_of_week_mean_365,8.0,2.0576923076923075,,
2024-06-30,2024-07-05,5,day_of_week_mean_365,3.0,2.1153846153846154,,
2024-06-30,2024-07-06,6,day_of_week_mean_365,2.0,3.230769230769231,,
2024-06-30,2024-07-07,7,day_of_week_mean_365,2.0,3.169811320754717,,
2024-06-30,2024-07-08,8,day_of_week_mean_365,2.0,2.6923076923076925,,
2024-06-30,2024-07-09,9,day_of_week_mean_365,1.0,2.326923076923077,,
2024-06-30,2024-07-10,10,day_of_week_mean_365,4.0,2.1346153846153846,,
2024-06-30,2024-07-11,11,day_of_week_mean_365,3.0,2.0576923076923075,,
2024-06-30,2024-07-12,12,day_of_week_mean_365,3.0,2.1153846153846154,,
2024-06-30,2024-07-13,13,day_of_week_mean_365,7.0,3.230769230769231,,
2024-06-30,2024-07-14,14,day_of_week_mean_365,3.0,3.169811320754717,,
2024-06-30,2024-07-15,15,day_of_week_mean_365,6.0,2.6923076923076925,,
2024-06-30,2024-07-16,16,day_of_week_mean_365,2.0,2.326923076923077,,
2024-06-30,2024-07-17,17,day_of_week_mean_365,0.0,2.1346153846153846,,
2024-06-30,2024-07-18,18,day_of_week_mean_365,2.0,2.0576923076923075,,
2024-06-30,2024-07-19,19,day_of_week_mean_365,3.0,2.1153846153846154,,
2024-06-30,2024-07-20,20,day_of_week_mean_365,0.0,3.230769230769231,,
2024-06-30,2024-07-21,21,day_of_week_mean_365,5.0,3.169811320754717,,
2024-06-30,2024-07-22,22,day_of_week_mean_365,3.0,2.6923076923076925,,
2024-06-30,2024-07-23,23,day_of_week_mean_365,1.0,2.326923076923077,,
2024-06-30,2024-07-24,24,day_of_week_mean_365,2.0,2.1346153846153846,,
2024-06-30,2024-07-25,25,day_of_week_mean_365,2.0,2.0576923076923075,,
2024-06-30,2024-07-26,26,day_of_week_mean_365,4.0,2.1153846153846154,,
2024-06-30,2024-07-27,27,day_of_week_mean_365,4.0,3.230769230769231,,
2024-06-30,2024-07-28,28,day_of_week_mean_365,2.0,3.169811320754717,,
2024-06-30,2024-07-01,1,poisson_calendar,1.0,5.301615055501485,,
2024-06-30,2024-07-02,2,poisson_calendar,3.0,4.530475151753913,,
2024-06-30,2024-07-03,3,poisson_calendar,4.0,4.179401233123328,,
2024-06-30,2024-07-04,4,poisson_calendar,8.0,4.282974183474073,,
2024-06-30,2024-07-05,5,poisson_calendar,3.0,5.005254334994478,,
2024-06-30,2024-07-06,6,poisson_calendar,2.0,6.3402065057200385,,
2024-06-30,2024-07-07,7,poisson_calendar,2.0,6.596047242885587,,
2024-06-30,2024-07-08,8,poisson_calendar,2.0,5.446741598351589,,
2024-06-30,2024-07-09,9,poisson_calendar,1.0,4.648421382157988,,
2024-06-30,2024-07-10,10,poisson_calendar,4.0,4.282483956406895,,
2024-06-30,2024-07-11,11,poisson_calendar,3.0,4.382625146182153,,
2024-06-30,2024-07-12,12,poisson_calendar,3.0,5.114579824650769,,
2024-06-30,2024-07-13,13,poisson_calendar,7.0,6.469495796814649,,
2024-06-30,2024-07-14,14,poisson_calendar,3.0,6.720829084539952,,
2024-06-30,2024-07-15,15,poisson_calendar,6.0,5.541627888231527,,
2024-06-30,2024-07-16,16,poisson_calendar,2.0,4.722344061180203,,
2024-06-30,2024-07-17,17,poisson_calendar,0.0,4.344003131110345,,
2024-06-30,2024-07-18,18,poisson_calendar,2.0,4.4387668975533785,,
2024-06-30,2024-07-19,19,poisson_calendar,3.0,5.172061505711617,,
2024-06-30,2024-07-20,20,poisson_calendar,0.0,6.531947251494909,,
2024-06-30,2024-07-21,21,poisson_calendar,5.0,6.774966569394407,,
2024-06-30,2024-07-22,22,poisson_calendar,3.0,5.577352158673014,,
2024-06-30,2024-07-23,23,poisson_calendar,1.0,4.745149035538689,,
2024-06-30,2024-07-24,24,poisson_calendar,2.0,4.35792570085193,,
2024-06-30,2024-07-25,25,poisson_calendar,2.0,4.445762488791073,,
2024-06-30,2024-07-26,26,poisson_calendar,4.0,5.171772808600281,,
2024-06-30,2024-07-27,27,poisson_calendar,4.0,6.520917998030365,,
2024-06-30,2024-07-28,28,poisson_calendar,2.0,6.752473454870296,,
2024-06-30,2024-07-01,1,autoregressive_log_ridge,1.0,3.4727272962913363,,
2024-06-30,2024-07-02,2,autoregressive_log_ridge,3.0,2.8435411063859433,,
2024-06-30,2024-07-03,3,autoregressive_log_ridge,4.0,2.499201050262814,,
2024-06-30,2024-07-04,4,autoregressive_log_ridge,8.0,2.590245088531148,,
2024-06-30,2024-07-05,5,autoregressive_log_ridge,3.0,2.912633257890721,,
2024-06-30,2024-07-06,6,autoregressive_log_ridge,2.0,3.8447841092865485,,
2024-06-30,2024-07-07,7,autoregressive_log_ridge,2.0,3.802580195344916,,
2024-06-30,2024-07-08,8,autoregressive_log_ridge,2.0,3.2105550743717544,,
2024-06-30,2024-07-09,9,autoregressive_log_ridge,1.0,2.7241693375708937,,
2024-06-30,2024-07-10,10,autoregressive_log_ridge,4.0,2.5214681566539054,,
2024-06-30,2024-07-11,11,autoregressive_log_ridge,3.0,2.569165415968664,,
2024-06-30,2024-07-12,12,autoregressive_log_ridge,3.0,2.9311703394747344,,
2024-06-30,2024-07-13,13,autoregressive_log_ridge,7.0,3.8070285994760624,,
2024-06-30,2024-07-14,14,autoregressive_log_ridge,3.0,3.741916576263506,,
2024-06-30,2024-07-15,15,autoregressive_log_ridge,6.0,3.1115899907700433,,
2024-06-30,2024-07-16,16,autoregressive_log_ridge,2.0,2.6047749339557016,,
2024-06-30,2024-07-17,17,autoregressive_log_ridge,0.0,2.379193860599903,,
2024-06-30,2024-07-18,18,autoregressive_log_ridge,2.0,2.4376238172692637,,
2024-06-30,2024-07-19,19,autoregressive_log_ridge,3.0,2.7794291348071165,,
2024-06-30,2024-07-20,20,autoregressive_log_ridge,0.0,3.6249143886635755,,
2024-06-30,2024-07-21,21,autoregressive_log_ridge,5.0,3.581678324974181,,
2024-06-30,2024-07-22,22,autoregressive_log_ridge,3.0,3.0392236673831032,,
2024-06-30,2024-07-23,23,autoregressive_log_ridge,1.0,2.5465385357509924,,
2024-06-30,2024-07-24,24,autoregressive_log_ridge,2.0,2.309017218727955,,
2024-06-30,2024-07-25,25,autoregressive_log_ridge,2.0,2.324224965877511,,
2024-06-30,2024-07-26,26,autoregressive_log_ridge,4.0,2.639784621904332,,
2024-06-30,2024-07-27,27,autoregressive_log_ridge,4.0,3.4223559879103087,,
2024-06-30,2024-07-28,28,autoregressive_log_ridge,2.0,3.349585068598355,,
2024-06-30,2024-07-01,1,dynamic_count_ensemble,1.0,3.52566902864908,1.0,6.0
2024-06-30,2024-07-02,2,dynamic_count_ensemble,3.0,3.2313532504035014,1.0,6.0
2024-06-30,2024-07-03,3,dynamic_count_ensemble,4.0,3.073152851757334,1.0,6.0
2024-06-30,2024-07-04,4,dynamic_count_ensemble,8.0,3.0670677074782633,1.0,6.0
2024-06-30,2024-07-05,5,dynamic_count_ensemble,3.0,3.1692993652027726,1.0,6.0
2024-06-30,2024-07-06,6,dynamic_count_ensemble,2.0,3.82060630882096,1.0,7.0
2024-06-30,2024-07-07,7,dynamic_count_ensemble,2.0,3.787196114080109,1.0,7.0
2024-06-30,2024-07-08,8,dynamic_count_ensemble,2.0,3.4601259731691845,1.0,6.0
2024-06-30,2024-07-09,9,dynamic_count_ensemble,1.0,3.201510308199739,1.0,6.0
2024-06-30,2024-07-10,10,dynamic_count_ensemble,4.0,3.078719628355107,1.0,6.0
2024-06-30,2024-07-11,11,dynamic_count_ensemble,3.0,3.0617977893376422,1.0,6.0
2024-06-30,2024-07-12,12,dynamic_count_ensemble,3.0,3.1739336355987757,1.0,6.0
2024-06-30,2024-07-13,13,dynamic_count_ensemble,7.0,3.8111674313683386,1.0,7.0
2024-06-30,2024-07-14,14,dynamic_count_ensemble,3.0,3.7720302093097566,1.0,7.0
2024-06-30,2024-07-15,15,dynamic_count_ensemble,6.0,3.435384702268757,1.0,6.0
2024-06-30,2024-07-16,16,dynamic_count_ensemble,2.0,3.1716617072959408,1.0,6.0
2024-06-30,2024-07-17,17,dynamic_count_ensemble,0.0,3.0431510543416063,1.0,6.0
2024-06-30,2024-07-18,18,dynamic_count_ensemble,2.0,3.0289123896627923,1.0,6.0
2024-06-30,2024-07-19,19,dynamic_count_ensemble,3.0,3.1359983344318714,1.0,6.0
2024-06-30,2024-07-20,20,dynamic_count_ensemble,0.0,3.765638878665217,1.0,7.0
2024-06-30,2024-07-21,21,dynamic_count_ensemble,5.0,3.7319706464874254,1.0,7.0
2024-06-30,2024-07-22,22,dynamic_count_ensemble,3.0,3.4172931214220217,1.0,6.0
2024-06-30,2024-07-23,23,dynamic_count_ensemble,1.0,3.1571026077447635,1.0,6.0
2024-06-30,2024-07-24,24,dynamic_count_ensemble,2.0,3.0256068938736194,1.0,6.0
2024-06-30,2024-07-25,25,dynamic_count_ensemble,2.0,3.000562676814854,1.0,6.0
2024-06-30,2024-07-26,26,dynamic_count_ensemble,4.0,3.1010872062061754,1.0,6.0
2024-06-30,2024-07-27,27,dynamic_count_ensemble,4.0,3.7149992784769,1.0,7.0
2024-06-30,2024-07-28,28,dynamic_count_ensemble,2.0,3.673947332393469,1.0,7.0
2024-06-30,2024-07-01,1,prophet,1.0,3.7935392378982913,1.1374028183332194,6.3516979457140526
2024-06-30,2024-07-02,2,prophet,3.0,3.450988489097915,0.88968349944142,6.123943586622858
2024-06-30,2024-07-03,3,prophet,4.0,3.2863916037107876,0.7833241579844744,5.338719249755106
2024-06-30,2024-07-04,4,prophet,8.0,5.639723604743091,2.8040850114874893,8.21715857225026
2024-06-30,2024-07-05,5,prophet,3.0,3.789715119191487,1.0971806771434018,6.242126896135634
2024-06-30,2024-07-06,6,prophet,2.0,5.041382216303589,2.1164149837091415,7.915770171324509
2024-06-30,2024-07-07,7,prophet,2.0,5.175902731624134,2.878206855516929,7.6554680532814565
2024-06-30,2024-07-08,8,prophet,2.0,3.70319698453767,1.204944055342871,6.481170356113045
2024-06-30,2024-07-09,9,prophet,1.0,3.305488777388953,0.6433936637897614,6.005939949651979
2024-06-30,2024-07-10,10,prophet,4.0,3.089469378999953,0.444718328110318,5.5519312736132695
2024-06-30,2024-07-11,11,prophet,3.0,3.016124456008587,0.3418647909840741,5.196254707007114
2024-06-30,2024-07-12,12,prophet,3.0,3.5051125040528657,0.6680436423738015,5.957386948049813
2024-06-30,2024-07-13,13,prophet,7.0,4.722194229612546,2.3117204202306,7.135988332348516
2024-06-30,2024-07-14,14,prophet,3.0,4.829171984363313,2.340855767014373,7.45632083191115
2024-06-30,2024-07-15,15,prophet,6.0,3.336417546800557,0.6462290939711309,5.995549726043418
2024-06-30,2024-07-16,16,prophet,2.0,2.9264324177342003,0.5535130998709683,5.5511592533229495
2024-06-30,2024-07-17,17,prophet,0.0,2.7060074966502454,0.3210409289002299,5.456334657080753
2024-06-30,2024-07-18,18,prophet,2.0,2.636050148809909,0.0,4.932006656799047
2024-06-30,2024-07-19,19,prophet,3.0,3.1359671448548574,0.3466528590655069,5.626713582124719
2024-06-30,2024-07-20,20,prophet,0.0,4.371102739752271,1.881709214901152,6.551550118782885
2024-06-30,2024-07-21,21,prophet,5.0,4.50269070222942,2.2934901281112543,6.962315570172227
2024-06-30,2024-07-22,22,prophet,3.0,3.0403982011430877,0.5014940021669504,5.525247099113139
2024-06-30,2024-07-23,23,prophet,1.0,2.6659052419099885,0.23340842820040975,5.486320655004934
2024-06-30,2024-07-24,24,prophet,2.0,2.4850859748492744,0.0,5.0985710173976555
2024-06-30,2024-07-25,25,prophet,2.0,2.4578592850028302,0.43916749579529174,5.61953897082579
2024-06-30,2024-07-26,26,prophet,4.0,3.002596506421075,0.4624806000602546,5.638547954206294
2024-06-30,2024-07-27,27,prophet,4.0,4.283584868729243,1.6240521454695498,7.105142303184821
2024-06-30,2024-07-28,28,prophet,2.0,4.461004825723893,1.6777388525478978,6.9191319114672245
2024-09-30,2024-10-01,1,rolling_mean_28,1.0,2.9642857142857144,,
2024-09-30,2024-10-02,2,rolling_mean_28,4.0,2.9642857142857144,,
2024-09-30,2024-10-03,3,rolling_mean_28,3.0,2.9642857142857144,,
2024-09-30,2024-10-04,4,rolling_mean_28,2.0,2.9642857142857144,,
2024-09-30,2024-10-05,5,rolling_mean_28,3.0,2.9642857142857144,,
2024-09-30,2024-10-06,6,rolling_mean_28,5.0,2.9642857142857144,,
2024-09-30,2024-10-07,7,rolling_mean_28,2.0,2.9642857142857144,,
2024-09-30,2024-10-08,8,rolling_mean_28,3.0,2.9642857142857144,,
2024-09-30,2024-10-09,9,rolling_mean_28,0.0,2.9642857142857144,,
2024-09-30,2024-10-10,10,rolling_mean_28,0.0,2.9642857142857144,,
2024-09-30,2024-10-11,11,rolling_mean_28,1.0,2.9642857142857144,,
2024-09-30,2024-10-12,12,rolling_mean_28,5.0,2.9642857142857144,,
2024-09-30,2024-10-13,13,rolling_mean_28,1.0,2.9642857142857144,,
2024-09-30,2024-10-14,14,rolling_mean_28,0.0,2.9642857142857144,,
2024-09-30,2024-10-15,15,rolling_mean_28,4.0,2.9642857142857144,,
2024-09-30,2024-10-16,16,rolling_mean_28,2.0,2.9642857142857144,,
2024-09-30,2024-10-17,17,rolling_mean_28,1.0,2.9642857142857144,,
2024-09-30,2024-10-18,18,rolling_mean_28,2.0,2.9642857142857144,,
2024-09-30,2024-10-19,19,rolling_mean_28,3.0,2.9642857142857144,,
2024-09-30,2024-10-20,20,rolling_mean_28,4.0,2.9642857142857144,,
2024-09-30,2024-10-21,21,rolling_mean_28,5.0,2.9642857142857144,,
2024-09-30,2024-10-22,22,rolling_mean_28,1.0,2.9642857142857144,,
2024-09-30,2024-10-23,23,rolling_mean_28,3.0,2.9642857142857144,,
2024-09-30,2024-10-24,24,rolling_mean_28,3.0,2.9642857142857144,,
2024-09-30,2024-10-25,25,rolling_mean_28,4.0,2.9642857142857144,,
2024-09-30,2024-10-26,26,rolling_mean_28,6.0,2.9642857142857144,,
2024-09-30,2024-10-27,27,rolling_mean_28,2.0,2.9642857142857144,,
2024-09-30,2024-10-28,28,rolling_mean_28,2.0,2.9642857142857144,,
2024-09-30,2024-10-01,1,seasonal_naive_7,1.0,3.0,,
2024-09-30,2024-10-02,2,seasonal_naive_7,4.0,2.0,,
2024-09-30,2024-10-03,3,seasonal_naive_7,3.0,2.0,,
2024-09-30,2024-10-04,4,seasonal_naive_7,2.0,1.0,,
2024-09-30,2024-10-05,5,seasonal_naive_7,3.0,1.0,,
2024-09-30,2024-10-06,6,seasonal_naive_7,5.0,4.0,,
2024-09-30,2024-10-07,7,seasonal_naive_7,2.0,4.0,,
2024-09-30,2024-10-08,8,seasonal_naive_7,3.0,3.0,,
2024-09-30,2024-10-09,9,seasonal_naive_7,0.0,2.0,,
2024-09-30,2024-10-10,10,seasonal_naive_7,0.0,2.0,,
2024-09-30,2024-10-11,11,seasonal_naive_7,1.0,1.0,,
2024-09-30,2024-10-12,12,seasonal_naive_7,5.0,1.0,,
2024-09-30,2024-10-13,13,seasonal_naive_7,1.0,4.0,,
2024-09-30,2024-10-14,14,seasonal_naive_7,0.0,4.0,,
2024-09-30,2024-10-15,15,seasonal_naive_7,4.0,3.0,,
2024-09-30,2024-10-16,16,seasonal_naive_7,2.0,2.0,,
2024-09-30,2024-10-17,17,seasonal_naive_7,1.0,2.0,,
2024-09-30,2024-10-18,18,seasonal_naive_7,2.0,1.0,,
2024-09-30,2024-10-19,19,seasonal_naive_7,3.0,1.0,,
2024-09-30,2024-10-20,20,seasonal_naive_7,4.0,4.0,,
2024-09-30,2024-10-21,21,seasonal_naive_7,5.0,4.0,,
2024-09-30,2024-10-22,22,seasonal_naive_7,1.0,3.0,,
2024-09-30,2024-10-23,23,seasonal_naive_7,3.0,2.0,,
2024-09-30,2024-10-24,24,seasonal_naive_7,3.0,2.0,,
2024-09-30,2024-10-25,25,seasonal_naive_7,4.0,1.0,,
2024-09-30,2024-10-26,26,seasonal_naive_7,6.0,1.0,,
2024-09-30,2024-10-27,27,seasonal_naive_7,2.0,4.0,,
2024-09-30,2024-10-28,28,seasonal_naive_7,2.0,4.0,,
2024-09-30,2024-10-01,1,day_of_week_mean_365,1.0,2.2115384615384617,,
2024-09-30,2024-10-02,2,day_of_week_mean_365,4.0,2.0384615384615383,,
2024-09-30,2024-10-03,3,day_of_week_mean_365,3.0,2.2115384615384617,,
2024-09-30,2024-10-04,4,day_of_week_mean_365,2.0,2.173076923076923,,
2024-09-30,2024-10-05,5,day_of_week_mean_365,3.0,3.0384615384615383,,
2024-09-30,2024-10-06,6,day_of_week_mean_365,5.0,3.019230769230769,,
2024-09-30,2024-10-07,7,day_of_week_mean_365,2.0,2.6037735849056602,,
2024-09-30,2024-10-08,8,day_of_week_mean_365,3.0,2.2115384615384617,,
2024-09-30,2024-10-09,9,day_of_week_mean_365,0.0,2.0384615384615383,,
2024-09-30,2024-10-10,10,day_of_week_mean_365,0.0,2.2115384615384617,,
2024-09-30,2024-10-11,11,day_of_week_mean_365,1.0,2.173076923076923,,
2024-09-30,2024-10-12,12,day_of_week_mean_365,5.0,3.0384615384615383,,
2024-09-30,2024-10-13,13,day_of_week_mean_365,1.0,3.019230769230769,,
2024-09-30,2024-10-14,14,day_of_week_mean_365,0.0,2.6037735849056602,,
2024-09-30,2024-10-15,15,day_of_week_mean_365,4.0,2.2115384615384617,,
2024-09-30,2024-10-16,16,day_of_week_mean_365,2.0,2.0384615384615383,,
2024-09-30,2024-10-17,17,day_of_week_mean_365,1.0,2.2115384615384617,,
2024-09-30,2024-10-18,18,day_of_week_mean_365,2.0,2.173076923076923,,
2024-09-30,2024-10-19,19,day_of_week_mean_365,3.0,3.0384615384615383,,
2024-09-30,2024-10-20,20,day_of_week_mean_365,4.0,3.019230769230769,,
2024-09-30,2024-10-21,21,day_of_week_mean_365,5.0,2.6037735849056602,,
2024-09-30,2024-10-22,22,day_of_week_mean_365,1.0,2.2115384615384617,,
2024-09-30,2024-10-23,23,day_of_week_mean_365,3.0,2.0384615384615383,,
2024-09-30,2024-10-24,24,day_of_week_mean_365,3.0,2.2115384615384617,,
2024-09-30,2024-10-25,25,day_of_week_mean_365,4.0,2.173076923076923,,
2024-09-30,2024-10-26,26,day_of_week_mean_365,6.0,3.0384615384615383,,
2024-09-30,2024-10-27,27,day_of_week_mean_365,2.0,3.019230769230769,,
2024-09-30,2024-10-28,28,day_of_week_mean_365,2.0,2.6037735849056602,,
2024-09-30,2024-10-01,1,poisson_calendar,1.0,3.111918474702072,,
2024-09-30,2024-10-02,2,poisson_calendar,4.0,2.8627118619395824,,
2024-09-30,2024-10-03,3,poisson_calendar,3.0,2.937396326972292,,
2024-09-30,2024-10-04,4,poisson_calendar,2.0,3.3702348031449496,,
2024-09-30,2024-10-05,5,poisson_calendar,3.0,4.2322495750236335,,
2024-09-30,2024-10-06,6,poisson_calendar,5.0,4.35974007538725,,
2024-09-30,2024-10-07,7,poisson_calendar,2.0,3.5886298999235513,,
2024-09-30,2024-10-08,8,poisson_calendar,3.0,3.058008679221544,,
2024-09-30,2024-10-09,9,poisson_calendar,0.0,2.8149382828627245,,
2024-09-30,2024-10-10,10,poisson_calendar,0.0,2.890194343979445,,
2024-09-30,2024-10-11,11,poisson_calendar,1.0,3.3181030062579646,,
2024-09-30,2024-10-12,12,poisson_calendar,5.0,4.169246507167949,,
2024-09-30,2024-10-13,13,poisson_calendar,1.0,4.29728704054333,,
2024-09-30,2024-10-14,14,poisson_calendar,0.0,3.539160509431121,,
2024-09-30,2024-10-15,15,poisson_calendar,4.0,3.0174355696020148,,
2024-09-30,2024-10-16,16,poisson_calendar,2.0,2.778979246230838,,
2024-09-30,2024-10-17,17,poisson_calendar,1.0,2.8546286092452595,,
2024-09-30,2024-10-18,18,poisson_calendar,2.0,3.2787415528407418,,
2024-09-30,2024-10-19,19,poisson_calendar,3.0,4.121524582957541,,
2024-09-30,2024-10-20,20,poisson_calendar,4.0,4.249771660551192,,
2024-09-30,2024-10-21,21,poisson_calendar,5.0,3.501305528327013,,
2024-09-30,2024-10-22,22,poisson_calendar,1.0,2.986163656802068,,
2024-09-30,2024-10-23,23,poisson_calendar,3.0,2.751020604782546,,
2024-09-30,2024-10-24,24,poisson_calendar,3.0,2.8266886346503144,,
2024-09-30,2024-10-25,25,poisson_calendar,4.0,3.2474469347775705,,
2024-09-30,2024-10-26,26,poisson_calendar,6.0,4.083060805512301,,
2024-09-30,2024-10-27,27,poisson_calendar,2.0,4.210881936768201,,
2024-09-30,2024-10-28,28,poisson_calendar,2.0,3.4697913084944947,,
2024-09-30,2024-10-01,1,autoregressive_log_ridge,1.0,2.0160570496829746,,
2024-09-30,2024-10-02,2,autoregressive_log_ridge,4.0,1.8082939432334957,,
2024-09-30,2024-10-03,3,autoregressive_log_ridge,3.0,1.8577932000625044,,
2024-09-30,2024-10-04,4,autoregressive_log_ridge,2.0,2.1440508563371976,,
2024-09-30,2024-10-05,5,autoregressive_log_ridge,3.0,2.8536888026220804,,
2024-09-30,2024-10-06,6,autoregressive_log_ridge,5.0,2.846748470385018,,
2024-09-30,2024-10-07,7,autoregressive_log_ridge,2.0,2.3209657100639554,,
2024-09-30,2024-10-08,8,autoregressive_log_ridge,3.0,1.9272817144880081,,
2024-09-30,2024-10-09,9,autoregressive_log_ridge,0.0,1.7183888462551726,,
2024-09-30,2024-10-10,10,autoregressive_log_ridge,0.0,1.7894195962347839,,
2024-09-30,2024-10-11,11,autoregressive_log_ridge,1.0,2.044026123418462,,
2024-09-30,2024-10-12,12,autoregressive_log_ridge,5.0,2.6508613244664283,,
2024-09-30,2024-10-13,13,autoregressive_log_ridge,1.0,2.66870089446923,,
2024-09-30,2024-10-14,14,autoregressive_log_ridge,0.0,2.2844339164068996,,
2024-09-30,2024-10-15,15,autoregressive_log_ridge,4.0,1.8490397744093605,,
2024-09-30,2024-10-16,16,autoregressive_log_ridge,2.0,1.6707244673773425,,
2024-09-30,2024-10-17,17,autoregressive_log_ridge,1.0,1.7378941940532555,,
2024-09-30,2024-10-18,18,autoregressive_log_ridge,2.0,2.008429134501646,,
2024-09-30,2024-10-19,19,autoregressive_log_ridge,3.0,2.649435930081339,,
2024-09-30,2024-10-20,20,autoregressive_log_ridge,4.0,2.613311131830799,,
2024-09-30,2024-10-21,21,autoregressive_log_ridge,5.0,2.192737304496795,,
2024-09-30,2024-10-22,22,autoregressive_log_ridge,1.0,1.8118921085538786,,
2024-09-30,2024-10-23,23,autoregressive_log_ridge,3.0,1.6393038476169002,,
2024-09-30,2024-10-24,24,autoregressive_log_ridge,3.0,1.7195987534703279,,
2024-09-30,2024-10-25,25,autoregressive_log_ridge,4.0,1.9958732167739281,,
2024-09-30,2024-10-26,26,autoregressive_log_ridge,6.0,2.6366678365974536,,
2024-09-30,2024-10-27,27,autoregressive_log_ridge,2.0,2.615188496481508,,
2024-09-30,2024-10-28,28,autoregressive_log_ridge,2.0,2.21359790373316,,
2024-09-30,2024-10-01,1,dynamic_count_ensemble,1.0,2.6298431424448294,1.0,5.0
2024-09-30,2024-10-02,2,dynamic_count_ensemble,4.0,2.5129985196786135,0.0,5.0
2024-09-30,2024-10-03,3,dynamic_count_ensemble,3.0,2.590277180039712,1.0,5.0
2024-09-30,2024-10-04,4,dynamic_count_ensemble,2.0,2.647418517185308,1.0,5.0
2024-09-30,2024-10-05,5,dynamic_count_ensemble,3.0,3.14934723452576,1.0,6.0
2024-09-30,2024-10-06,6,dynamic_count_ensemble,5.0,3.1404006130049553,1.0,6.0
2024-09-30,2024-10-07,7,dynamic_count_ensemble,2.0,2.853158478802774,1.0,5.0
2024-09-30,2024-10-08,8,dynamic_count_ensemble,3.0,2.6076493086460877,1.0,5.0
2024-09-30,2024-10-09,9,dynamic_count_ensemble,0.0,2.4905222454340326,0.0,5.0
2024-09-30,2024-10-10,10,dynamic_count_ensemble,0.0,2.5731837790827816,0.0,5.0
2024-09-30,2024-10-11,11,dynamic_count_ensemble,1.0,2.6224123339556242,1.0,5.0
2024-09-30,2024-10-12,12,dynamic_count_ensemble,5.0,3.0986403649868466,1.0,6.0
2024-09-30,2024-10-13,13,dynamic_count_ensemble,1.0,3.0958887190260085,1.0,6.0
2024-09-30,2024-10-14,14,dynamic_count_ensemble,0.0,2.8440255303885102,1.0,5.0
2024-09-30,2024-10-15,15,dynamic_count_ensemble,4.0,2.588088823626426,1.0,5.0
2024-09-30,2024-10-16,16,dynamic_count_ensemble,2.0,2.478606150714575,0.0,5.0
2024-09-30,2024-10-17,17,dynamic_count_ensemble,1.0,2.5603024285374,0.0,5.0
2024-09-30,2024-10-18,18,dynamic_count_ensemble,2.0,2.61351308672642,1.0,5.0
2024-09-30,2024-10-19,19,dynamic_count_ensemble,3.0,3.0982840163905743,1.0,6.0
2024-09-30,2024-10-20,20,dynamic_count_ensemble,4.0,3.0820412783664004,1.0,6.0
2024-09-30,2024-10-21,21,dynamic_count_ensemble,5.0,2.821101377410984,1.0,5.0
2024-09-30,2024-10-22,22,dynamic_count_ensemble,1.0,2.5788019071625556,1.0,5.0
2024-09-30,2024-10-23,23,dynamic_count_ensemble,3.0,2.4707509957744644,0.0,5.0
2024-09-30,2024-10-24,24,dynamic_count_ensemble,3.0,2.5557285683916677,0.0,5.0
2024-09-30,2024-10-25,25,dynamic_count_ensemble,4.0,2.610374107294491,1.0,5.0
2024-09-30,2024-10-26,26,dynamic_count_ensemble,6.0,3.095091993019603,1.0,6.0
2024-09-30,2024-10-27,27,dynamic_count_ensemble,2.0,3.082510619529078,1.0,6.0
2024-09-30,2024-10-28,28,dynamic_count_ensemble,2.0,2.826316527220075,1.0,5.0
2024-09-30,2024-10-01,1,prophet,1.0,1.6419990901895325,0.0,4.196471519358651
2024-09-30,2024-10-02,2,prophet,4.0,1.4727544833553594,0.0,4.141857881894881
2024-09-30,2024-10-03,3,prophet,3.0,1.4464976587082687,0.0,3.4958748445677963
2024-09-30,2024-10-04,4,prophet,2.0,1.9756612852022384,0.0,4.549382197183921
2024-09-30,2024-10-05,5,prophet,3.0,3.2281154546234463,0.5394609251815441,5.676993333088775
2024-09-30,2024-10-06,6,prophet,5.0,3.391857729357274,0.47110534247146096,6.2621037228539205
2024-09-30,2024-10-07,7,prophet,2.0,1.960618256328624,0.0,4.436610551546948
2024-09-30,2024-10-08,8,prophet,3.0,1.5923906979315332,0.0,4.366361040340151
2024-09-30,2024-10-09,9,prophet,0.0,1.4219796475461093,0.0,4.118539499281522
2024-09-30,2024-10-10,10,prophet,0.0,1.3928727338157343,0.0,3.8517862478408755
2024-09-30,2024-10-11,11,prophet,1.0,1.9175304339502304,0.0,4.094519141163143
2024-09-30,2024-10-12,12,prophet,5.0,3.16390183007615,0.3309211535170754,5.612642573489551
2024-09-30,2024-10-13,13,prophet,1.0,3.3201143219311238,0.9131139788766065,5.73043017383335
2024-09-30,2024-10-14,14,prophet,0.0,1.871763385425147,0.0,4.495126540291494
2024-09-30,2024-10-15,15,prophet,4.0,1.5020060499644976,0.0,4.157306448895608
2024-09-30,2024-10-16,16,prophet,2.0,1.3209701831635574,0.0,3.941914816163491
2024-09-30,2024-10-17,17,prophet,1.0,1.2807523851936948,0.0,4.027116354344553
2024-09-30,2024-10-18,18,prophet,2.0,1.7941332634021643,0.0,4.086781323239449
2024-09-30,2024-10-19,19,prophet,3.0,3.029397237967005,0.2441023234774361,5.516554536932875
2024-09-30,2024-10-20,20,prophet,4.0,3.175012287235663,0.6892059511565752,5.352317665502644
2024-09-30,2024-10-21,21,prophet,5.0,1.7252225770985075,0.0,4.181303152577463
2024-09-30,2024-10-22,22,prophet,1.0,1.3385650917963887,0.0,3.8198333497519115
2024-09-30,2024-10-23,23,prophet,3.0,1.1504013676486227,0.0,3.9667525930603755
2024-09-30,2024-10-24,24,prophet,3.0,1.1047730225925314,0.0,3.714492061852597
2024-09-30,2024-10-25,25,prophet,4.0,1.6146746287751248,0.0,4.7713412556888875
2024-09-30,2024-10-26,26,prophet,6.0,2.848552711078613,0.31209708388538593,5.480705781731924
2024-09-30,2024-10-27,27,prophet,2.0,2.9949794374214145,0.33927907165300925,5.812471038553543
2024-09-30,2024-10-28,28,prophet,2.0,1.5482408984302725,0.0,4.002825849997477
2025-03-31,2025-04-01,1,rolling_mean_28,2.0,1.6071428571428572,,
2025-03-31,2025-04-02,2,rolling_mean_28,1.0,1.6071428571428572,,
2025-03-31,2025-04-03,3,rolling_mean_28,0.0,1.6071428571428572,,
2025-03-31,2025-04-04,4,rolling_mean_28,2.0,1.6071428571428572,,
2025-03-31,2025-04-05,5,rolling_mean_28,3.0,1.6071428571428572,,
2025-03-31,2025-04-06,6,rolling_mean_28,0.0,1.6071428571428572,,
2025-03-31,2025-04-07,7,rolling_mean_28,2.0,1.6071428571428572,,
2025-03-31,2025-04-08,8,rolling_mean_28,0.0,1.6071428571428572,,
2025-03-31,2025-04-09,9,rolling_mean_28,1.0,1.6071428571428572,,
2025-03-31,2025-04-10,10,rolling_mean_28,1.0,1.6071428571428572,,
2025-03-31,2025-04-11,11,rolling_mean_28,3.0,1.6071428571428572,,
2025-03-31,2025-04-12,12,rolling_mean_28,2.0,1.6071428571428572,,
2025-03-31,2025-04-13,13,rolling_mean_28,4.0,1.6071428571428572,,
2025-03-31,2025-04-14,14,rolling_mean_28,1.0,1.6071428571428572,,
2025-03-31,2025-04-15,15,rolling_mean_28,3.0,1.6071428571428572,,
2025-03-31,2025-04-16,16,rolling_mean_28,2.0,1.6071428571428572,,
2025-03-31,2025-04-17,17,rolling_mean_28,2.0,1.6071428571428572,,
2025-03-31,2025-04-18,18,rolling_mean_28,0.0,1.6071428571428572,,
2025-03-31,2025-04-19,19,rolling_mean_28,4.0,1.6071428571428572,,
2025-03-31,2025-04-20,20,rolling_mean_28,4.0,1.6071428571428572,,
2025-03-31,2025-04-21,21,rolling_mean_28,0.0,1.6071428571428572,,
2025-03-31,2025-04-22,22,rolling_mean_28,6.0,1.6071428571428572,,
2025-03-31,2025-04-23,23,rolling_mean_28,1.0,1.6071428571428572,,
2025-03-31,2025-04-24,24,rolling_mean_28,4.0,1.6071428571428572,,
2025-03-31,2025-04-25,25,rolling_mean_28,4.0,1.6071428571428572,,
2025-03-31,2025-04-26,26,rolling_mean_28,3.0,1.6071428571428572,,
2025-03-31,2025-04-27,27,rolling_mean_28,5.0,1.6071428571428572,,
2025-03-31,2025-04-28,28,rolling_mean_28,0.0,1.6071428571428572,,
2025-03-31,2025-04-01,1,seasonal_naive_7,2.0,2.0,,
2025-03-31,2025-04-02,2,seasonal_naive_7,1.0,1.0,,
2025-03-31,2025-04-03,3,seasonal_naive_7,0.0,2.0,,
2025-03-31,2025-04-04,4,seasonal_naive_7,2.0,4.0,,
2025-03-31,2025-04-05,5,seasonal_naive_7,3.0,3.0,,
2025-03-31,2025-04-06,6,seasonal_naive_7,0.0,3.0,,
2025-03-31,2025-04-07,7,seasonal_naive_7,2.0,0.0,,
2025-03-31,2025-04-08,8,seasonal_naive_7,0.0,2.0,,
2025-03-31,2025-04-09,9,seasonal_naive_7,1.0,1.0,,
2025-03-31,2025-04-10,10,seasonal_naive_7,1.0,2.0,,
2025-03-31,2025-04-11,11,seasonal_naive_7,3.0,4.0,,
2025-03-31,2025-04-12,12,seasonal_naive_7,2.0,3.0,,
2025-03-31,2025-04-13,13,seasonal_naive_7,4.0,3.0,,
2025-03-31,2025-04-14,14,seasonal_naive_7,1.0,0.0,,
2025-03-31,2025-04-15,15,seasonal_naive_7,3.0,2.0,,
2025-03-31,2025-04-16,16,seasonal_naive_7,2.0,1.0,,
2025-03-31,2025-04-17,17,seasonal_naive_7,2.0,2.0,,
2025-03-31,2025-04-18,18,seasonal_naive_7,0.0,4.0,,
2025-03-31,2025-04-19,19,seasonal_naive_7,4.0,3.0,,
2025-03-31,2025-04-20,20,seasonal_naive_7,4.0,3.0,,
2025-03-31,2025-04-21,21,seasonal_naive_7,0.0,0.0,,
2025-03-31,2025-04-22,22,seasonal_naive_7,6.0,2.0,,
2025-03-31,2025-04-23,23,seasonal_naive_7,1.0,1.0,,
2025-03-31,2025-04-24,24,seasonal_naive_7,4.0,2.0,,
2025-03-31,2025-04-25,25,seasonal_naive_7,4.0,4.0,,
2025-03-31,2025-04-26,26,seasonal_naive_7,3.0,3.0,,
2025-03-31,2025-04-27,27,seasonal_naive_7,5.0,3.0,,
2025-03-31,2025-04-28,28,seasonal_naive_7,0.0,0.0,,
2025-03-31,2025-04-01,1,day_of_week_mean_365,2.0,2.076923076923077,,
2025-03-31,2025-04-02,2,day_of_week_mean_365,1.0,2.1153846153846154,,
2025-03-31,2025-04-03,3,day_of_week_mean_365,0.0,2.0576923076923075,,
2025-03-31,2025-04-04,4,day_of_week_mean_365,2.0,2.0961538461538463,,
2025-03-31,2025-04-05,5,day_of_week_mean_365,3.0,2.826923076923077,,
2025-03-31,2025-04-06,6,day_of_week_mean_365,0.0,2.75,,
2025-03-31,2025-04-07,7,day_of_week_mean_365,2.0,2.5849056603773586,,
2025-03-31,2025-04-08,8,day_of_week_mean_365,0.0,2.076923076923077,,
2025-03-31,2025-04-09,9,day_of_week_mean_365,1.0,2.1153846153846154,,
2025-03-31,2025-04-10,10,day_of_week_mean_365,1.0,2.0576923076923075,,
2025-03-31,2025-04-11,11,day_of_week_mean_365,3.0,2.0961538461538463,,
2025-03-31,2025-04-12,12,day_of_week_mean_365,2.0,2.826923076923077,,
2025-03-31,2025-04-13,13,day_of_week_mean_365,4.0,2.75,,
2025-03-31,2025-04-14,14,day_of_week_mean_365,1.0,2.5849056603773586,,
2025-03-31,2025-04-15,15,day_of_week_mean_365,3.0,2.076923076923077,,
2025-03-31,2025-04-16,16,day_of_week_mean_365,2.0,2.1153846153846154,,
2025-03-31,2025-04-17,17,day_of_week_mean_365,2.0,2.0576923076923075,,
2025-03-31,2025-04-18,18,day_of_week_mean_365,0.0,2.0961538461538463,,
2025-03-31,2025-04-19,19,day_of_week_mean_365,4.0,2.826923076923077,,
2025-03-31,2025-04-20,20,day_of_week_mean_365,4.0,2.75,,
2025-03-31,2025-04-21,21,day_of_week_mean_365,0.0,2.5849056603773586,,
2025-03-31,2025-04-22,22,day_of_week_mean_365,6.0,2.076923076923077,,
2025-03-31,2025-04-23,23,day_of_week_mean_365,1.0,2.1153846153846154,,
2025-03-31,2025-04-24,24,day_of_week_mean_365,4.0,2.0576923076923075,,
2025-03-31,2025-04-25,25,day_of_week_mean_365,4.0,2.0961538461538463,,
2025-03-31,2025-04-26,26,day_of_week_mean_365,3.0,2.826923076923077,,
2025-03-31,2025-04-27,27,day_of_week_mean_365,5.0,2.75,,
2025-03-31,2025-04-28,28,day_of_week_mean_365,0.0,2.5849056603773586,,
2025-03-31,2025-04-01,1,poisson_calendar,2.0,2.320026409370255,,
2025-03-31,2025-04-02,2,poisson_calendar,1.0,2.123241603704965,,
2025-03-31,2025-04-03,3,poisson_calendar,0.0,2.2506221562064876,,
2025-03-31,2025-04-04,4,poisson_calendar,2.0,2.588432575500219,,
2025-03-31,2025-04-05,5,poisson_calendar,3.0,3.260997497185807,,
2025-03-31,2025-04-06,6,poisson_calendar,0.0,3.3420892709899523,,
2025-03-31,2025-04-07,7,poisson_calendar,2.0,2.814483739573592,,
2025-03-31,2025-04-08,8,poisson_calendar,0.0,2.423591688734994,,
2025-03-31,2025-04-09,9,poisson_calendar,1.0,2.219207514889191,,
2025-03-31,2025-04-10,10,poisson_calendar,1.0,2.3535718990140353,,
2025-03-31,2025-04-11,11,poisson_calendar,3.0,2.7082113858594585,,
2025-03-31,2025-04-12,12,poisson_calendar,2.0,3.4135908163835733,,
2025-03-31,2025-04-13,13,poisson_calendar,4.0,3.500167509088714,,
2025-03-31,2025-04-14,14,poisson_calendar,1.0,2.948993563195271,,
2025-03-31,2025-04-15,15,poisson_calendar,3.0,2.540582806419067,,
2025-03-31,2025-04-16,16,poisson_calendar,2.0,2.3273685380254086,,
2025-03-31,2025-04-17,17,poisson_calendar,2.0,2.469349603776012,,
2025-03-31,2025-04-18,18,poisson_calendar,0.0,2.8426281005337075,,
2025-03-31,2025-04-19,19,poisson_calendar,4.0,3.5844771010043037,,
2025-03-31,2025-04-20,20,poisson_calendar,4.0,3.676838047147111,,
2025-03-31,2025-04-21,21,poisson_calendar,0.0,3.0990261511377564,,
2025-03-31,2025-04-22,22,poisson_calendar,6.0,2.6708216585714677,,
2025-03-31,2025-04-23,23,poisson_calendar,1.0,2.447547499905454,,
2025-03-31,2025-04-24,24,poisson_calendar,4.0,2.5977492934244566,,
2025-03-31,2025-04-25,25,poisson_calendar,4.0,2.99142113665658,,
2025-03-31,2025-04-26,26,poisson_calendar,3.0,3.7732907246260727,,
2025-03-31,2025-04-27,27,poisson_calendar,5.0,3.871683905918373,,
2025-03-31,2025-04-28,28,poisson_calendar,0.0,3.264190155202858,,
2025-03-31,2025-04-01,1,autoregressive_log_ridge,2.0,1.49513616121392,,
2025-03-31,2025-04-02,2,autoregressive_log_ridge,1.0,1.4110219104139095,,
2025-03-31,2025-04-03,3,autoregressive_log_ridge,0.0,1.5123932906689483,,
2025-03-31,2025-04-04,4,autoregressive_log_ridge,2.0,1.709800447757166,,
2025-03-31,2025-04-05,5,autoregressive_log_ridge,3.0,2.251807630970656,,
2025-03-31,2025-04-06,6,autoregressive_log_ridge,0.0,2.2739069561776177,,
2025-03-31,2025-04-07,7,autoregressive_log_ridge,2.0,1.9749161059703173,,
2025-03-31,2025-04-08,8,autoregressive_log_ridge,0.0,1.6219400721151729,,
2025-03-31,2025-04-09,9,autoregressive_log_ridge,1.0,1.4497227266461001,,
2025-03-31,2025-04-10,10,autoregressive_log_ridge,1.0,1.5737282305105773,,
2025-03-31,2025-04-11,11,autoregressive_log_ridge,3.0,1.8926239585648243,,
2025-03-31,2025-04-12,12,autoregressive_log_ridge,2.0,2.416427279476681,,
2025-03-31,2025-04-13,13,autoregressive_log_ridge,4.0,2.481843996341732,,
2025-03-31,2025-04-14,14,autoregressive_log_ridge,1.0,2.0720274622776165,,
2025-03-31,2025-04-15,15,autoregressive_log_ridge,3.0,1.714819383907535,,
2025-03-31,2025-04-16,16,autoregressive_log_ridge,2.0,1.5408311086596402,,
2025-03-31,2025-04-17,17,autoregressive_log_ridge,2.0,1.6439044605228612,,
2025-03-31,2025-04-18,18,autoregressive_log_ridge,0.0,1.9327737643074192,,
2025-03-31,2025-04-19,19,autoregressive_log_ridge,4.0,2.5092532964892893,,
2025-03-31,2025-04-20,20,autoregressive_log_ridge,4.0,2.5538585735643338,,
2025-03-31,2025-04-21,21,autoregressive_log_ridge,0.0,2.1783969946998396,,
2025-03-31,2025-04-22,22,autoregressive_log_ridge,6.0,1.807148086636467,,
2025-03-31,2025-04-23,23,autoregressive_log_ridge,1.0,1.630250183817409,,
2025-03-31,2025-04-24,24,autoregressive_log_ridge,4.0,1.7515446964992933,,
2025-03-31,2025-04-25,25,autoregressive_log_ridge,4.0,2.05929295732965,,
2025-03-31,2025-04-26,26,autoregressive_log_ridge,3.0,2.620038838537357,,
2025-03-31,2025-04-27,27,autoregressive_log_ridge,5.0,2.6631435874003295,,
2025-03-31,2025-04-28,28,autoregressive_log_ridge,0.0,2.262544707190676,,
2025-03-31,2025-04-01,1,dynamic_count_ensemble,2.0,1.4733982959108862,0.0,3.0
2025-03-31,2025-04-02,2,dynamic_count_ensemble,1.0,1.4667928101339607,0.0,3.0
2025-03-31,2025-04-03,3,dynamic_count_ensemble,0.0,1.4705010398131049,0.0,3.0
2025-03-31,2025-04-04,4,dynamic_count_ensemble,2.0,1.5342759060082363,0.0,3.0
2025-03-31,2025-04-05,5,dynamic_count_ensemble,3.0,1.9438161633500703,0.0,4.0
2025-03-31,2025-04-06,6,dynamic_count_ensemble,0.0,1.9204948408056568,0.0,4.0
2025-03-31,2025-04-07,7,dynamic_count_ensemble,2.0,1.7838367508953412,0.0,4.0
2025-03-31,2025-04-08,8,dynamic_count_ensemble,0.0,1.5050992736361994,0.0,3.0
2025-03-31,2025-04-09,9,dynamic_count_ensemble,1.0,1.4764680141920083,0.0,3.0
2025-03-31,2025-04-10,10,dynamic_count_ensemble,1.0,1.4858347747735121,0.0,3.0
2025-03-31,2025-04-11,11,dynamic_count_ensemble,3.0,1.5799817837101509,0.0,3.0
2025-03-31,2025-04-12,12,dynamic_count_ensemble,2.0,1.9849710754765764,0.0,4.0
2025-03-31,2025-04-13,13,dynamic_count_ensemble,4.0,1.9724791008466855,0.0,4.0
2025-03-31,2025-04-14,14,dynamic_count_ensemble,1.0,1.808114589972166,0.0,4.0
2025-03-31,2025-04-15,15,dynamic_count_ensemble,3.0,1.52831910158429,0.0,3.0
2025-03-31,2025-04-16,16,dynamic_count_ensemble,2.0,1.4992451096953934,0.0,3.0
2025-03-31,2025-04-17,17,dynamic_count_ensemble,2.0,1.5033788322765829,0.0,3.0
2025-03-31,2025-04-18,18,dynamic_count_ensemble,0.0,1.5900192351457996,0.0,3.0
2025-03-31,2025-04-19,19,dynamic_count_ensemble,4.0,2.0081775797297285,0.0,4.0
2025-03-31,2025-04-20,20,dynamic_count_ensemble,4.0,1.990482745152336,0.0,4.0
2025-03-31,2025-04-21,21,dynamic_count_ensemble,0.0,1.8347069730777217,0.0,4.0
2025-03-31,2025-04-22,22,dynamic_count_ensemble,6.0,1.5514012772665229,0.0,3.0
2025-03-31,2025-04-23,23,dynamic_count_ensemble,1.0,1.5215998784848357,0.0,3.0
2025-03-31,2025-04-24,24,dynamic_count_ensemble,4.0,1.5302888912706911,0.0,3.0
2025-03-31,2025-04-25,25,dynamic_count_ensemble,4.0,1.6216490334013574,0.0,3.0
2025-03-31,2025-04-26,26,dynamic_count_ensemble,3.0,2.0358739652417457,0.0,4.0
2025-03-31,2025-04-27,27,dynamic_count_ensemble,5.0,2.0178039986113347,0.0,4.0
2025-03-31,2025-04-28,28,dynamic_count_ensemble,0.0,1.8557439012004309,0.0,4.0
2025-03-31,2025-04-01,1,prophet,2.0,0.6332436806084678,0.0,3.1727966942892114
2025-03-31,2025-04-02,2,prophet,1.0,0.49975526951600546,0.0,3.1532697495259985
2025-03-31,2025-04-03,3,prophet,0.0,0.5094699639473239,0.0,2.5468841912759657
2025-03-31,2025-04-04,4,prophet,2.0,1.0624430176419914,0.0,3.621132093226261
2025-03-31,2025-04-05,5,prophet,3.0,2.3302190212452856,0.0,4.764794209992019
2025-03-31,2025-04-06,6,prophet,0.0,2.524579904634601,0.0,5.378062204758856
2025-03-31,2025-04-07,7,prophet,2.0,1.1721636326484939,0.0,3.633694876192679
2025-03-31,2025-04-08,8,prophet,0.0,0.841093773842817,0.0,3.5988627215453333
2025-03-31,2025-04-09,9,prophet,1.0,0.7225536573676423,0.0,3.40336423095156
2025-03-31,2025-04-10,10,prophet,1.0,0.742935126871126,0.0,3.1874873379724957
2025-03-31,2025-04-11,11,prophet,3.0,1.30196610668682,0.0,3.4662400949364227
2025-03-31,2025-04-12,12,prophet,2.0,2.5710044062761033,0.0,5.005443260909214
2025-03-31,2025-04-13,13,prophet,4.0,2.761791474377322,0.36884923497999333,5.15802985836793
2025-03-31,2025-04-14,14,prophet,1.0,1.4010725624046443,0.0,4.009113944979608
2025-03-31,2025-04-15,15,prophet,3.0,1.0572234267486467,0.0,3.697015523673543
2025-03-31,2025-04-16,16,prophet,2.0,0.9218173605267546,0.0,3.5274543466305075
2025-03-31,2025-04-17,17,prophet,2.0,0.9217627621555482,0.0,3.6520865718315236
2025-03-31,2025-04-18,18,prophet,0.0,1.4574157722261671,0.0,3.7366736037788373
2025-03-31,2025-04-19,19,prophet,4.0,2.7008558297256675,0.0,5.173486867728806
2025-03-31,2025-04-20,20,prophet,4.0,2.8646183809993158,0.3933304155740311,5.029207190783309
2025-03-31,2025-04-21,21,prophet,0.0,1.476291804930867,0.0,3.918027623284996
2025-03-31,2025-04-22,22,prophet,6.0,1.1051193528282925,0.0,3.571895744809519
2025-03-31,2025-04-23,23,prophet,1.0,0.9435406081005316,0.0,3.7434429129393667
2025-03-31,2025-04-24,24,prophet,4.0,0.919303412984222,0.0,3.5137803685130073
2025-03-31,2025-04-25,25,prophet,4.0,1.4335515377341546,0.0,4.57135602331654
2025-03-31,2025-04-26,26,prophet,3.0,2.659076670011502,0.13743523103882668,5.275856630803984
2025-03-31,2025-04-27,27,prophet,5.0,2.8090296463263202,0.16883991857345795,5.6100656665125355
2025-03-31,2025-04-28,28,prophet,0.0,1.4114986193498857,0.0,3.8517475489950015
2025-06-30,2025-07-01,1,rolling_mean_28,1.0,2.5357142857142856,,
2025-06-30,2025-07-02,2,rolling_mean_28,1.0,2.5357142857142856,,
2025-06-30,2025-07-03,3,rolling_mean_28,3.0,2.5357142857142856,,
2025-06-30,2025-07-04,4,rolling_mean_28,1.0,2.5357142857142856,,
2025-06-30,2025-07-05,5,rolling_mean_28,6.0,2.5357142857142856,,
2025-06-30,2025-07-06,6,rolling_mean_28,2.0,2.5357142857142856,,
2025-06-30,2025-07-07,7,rolling_mean_28,0.0,2.5357142857142856,,
2025-06-30,2025-07-08,8,rolling_mean_28,3.0,2.5357142857142856,,
2025-06-30,2025-07-09,9,rolling_mean_28,2.0,2.5357142857142856,,
2025-06-30,2025-07-10,10,rolling_mean_28,3.0,2.5357142857142856,,
2025-06-30,2025-07-11,11,rolling_mean_28,1.0,2.5357142857142856,,
2025-06-30,2025-07-12,12,rolling_mean_28,4.0,2.5357142857142856,,
2025-06-30,2025-07-13,13,rolling_mean_28,4.0,2.5357142857142856,,
2025-06-30,2025-07-14,14,rolling_mean_28,6.0,2.5357142857142856,,
2025-06-30,2025-07-15,15,rolling_mean_28,2.0,2.5357142857142856,,
2025-06-30,2025-07-16,16,rolling_mean_28,2.0,2.5357142857142856,,
2025-06-30,2025-07-17,17,rolling_mean_28,2.0,2.5357142857142856,,
2025-06-30,2025-07-18,18,rolling_mean_28,1.0,2.5357142857142856,,
2025-06-30,2025-07-19,19,rolling_mean_28,3.0,2.5357142857142856,,
2025-06-30,2025-07-20,20,rolling_mean_28,1.0,2.5357142857142856,,
2025-06-30,2025-07-21,21,rolling_mean_28,3.0,2.5357142857142856,,
2025-06-30,2025-07-22,22,rolling_mean_28,1.0,2.5357142857142856,,
2025-06-30,2025-07-23,23,rolling_mean_28,2.0,2.5357142857142856,,
2025-06-30,2025-07-24,24,rolling_mean_28,1.0,2.5357142857142856,,
2025-06-30,2025-07-25,25,rolling_mean_28,2.0,2.5357142857142856,,
2025-06-30,2025-07-26,26,rolling_mean_28,5.0,2.5357142857142856,,
2025-06-30,2025-07-27,27,rolling_mean_28,6.0,2.5357142857142856,,
2025-06-30,2025-07-28,28,rolling_mean_28,4.0,2.5357142857142856,,
2025-06-30,2025-07-01,1,seasonal_naive_7,1.0,3.0,,
2025-06-30,2025-07-02,2,seasonal_naive_7,1.0,2.0,,
2025-06-30,2025-07-03,3,seasonal_naive_7,3.0,1.0,,
2025-06-30,2025-07-04,4,seasonal_naive_7,1.0,1.0,,
2025-06-30,2025-07-05,5,seasonal_naive_7,6.0,5.0,,
2025-06-30,2025-07-06,6,seasonal_naive_7,2.0,6.0,,
2025-06-30,2025-07-07,7,seasonal_naive_7,0.0,2.0,,
2025-06-30,2025-07-08,8,seasonal_naive_7,3.0,3.0,,
2025-06-30,2025-07-09,9,seasonal_naive_7,2.0,2.0,,
2025-06-30,2025-07-10,10,seasonal_naive_7,3.0,1.0,,
2025-06-30,2025-07-11,11,seasonal_naive_7,1.0,1.0,,
2025-06-30,2025-07-12,12,seasonal_naive_7,4.0,5.0,,
2025-06-30,2025-07-13,13,seasonal_naive_7,4.0,6.0,,
2025-06-30,2025-07-14,14,seasonal_naive_7,6.0,2.0,,
2025-06-30,2025-07-15,15,seasonal_naive_7,2.0,3.0,,
2025-06-30,2025-07-16,16,seasonal_naive_7,2.0,2.0,,
2025-06-30,2025-07-17,17,seasonal_naive_7,2.0,1.0,,
2025-06-30,2025-07-18,18,seasonal_naive_7,1.0,1.0,,
2025-06-30,2025-07-19,19,seasonal_naive_7,3.0,5.0,,
2025-06-30,2025-07-20,20,seasonal_naive_7,1.0,6.0,,
2025-06-30,2025-07-21,21,seasonal_naive_7,3.0,2.0,,
2025-06-30,2025-07-22,22,seasonal_naive_7,1.0,3.0,,
2025-06-30,2025-07-23,23,seasonal_naive_7,2.0,2.0,,
2025-06-30,2025-07-24,24,seasonal_naive_7,1.0,1.0,,
2025-06-30,2025-07-25,25,seasonal_naive_7,2.0,1.0,,
2025-06-30,2025-07-26,26,seasonal_naive_7,5.0,5.0,,
2025-06-30,2025-07-27,27,seasonal_naive_7,6.0,6.0,,
2025-06-30,2025-07-28,28,seasonal_naive_7,4.0,2.0,,
2025-06-30,2025-07-01,1,day_of_week_mean_365,1.0,1.8846153846153846,,
2025-06-30,2025-07-02,2,day_of_week_mean_365,1.0,2.019230769230769,,
2025-06-30,2025-07-03,3,day_of_week_mean_365,3.0,2.0961538461538463,,
2025-06-30,2025-07-04,4,day_of_week_mean_365,1.0,2.1538461538461537,,
2025-06-30,2025-07-05,5,day_of_week_mean_365,6.0,2.4615384615384617,,
2025-06-30,2025-07-06,6,day_of_week_mean_365,2.0,2.5961538461538463,,
2025-06-30,2025-07-07,7,day_of_week_mean_365,0.0,2.207547169811321,,
2025-06-30,2025-07-08,8,day_of_week_mean_365,3.0,1.8846153846153846,,
2025-06-30,2025-07-09,9,day_of_week_mean_365,2.0,2.019230769230769,,
2025-06-30,2025-07-10,10,day_of_week_mean_365,3.0,2.0961538461538463,,
2025-06-30,2025-07-11,11,day_of_week_mean_365,1.0,2.1538461538461537,,
2025-06-30,2025-07-12,12,day_of_week_mean_365,4.0,2.4615384615384617,,
2025-06-30,2025-07-13,13,day_of_week_mean_365,4.0,2.5961538461538463,,
2025-06-30,2025-07-14,14,day_of_week_mean_365,6.0,2.207547169811321,,
2025-06-30,2025-07-15,15,day_of_week_mean_365,2.0,1.8846153846153846,,
2025-06-30,2025-07-16,16,day_of_week_mean_365,2.0,2.019230769230769,,
2025-06-30,2025-07-17,17,day_of_week_mean_365,2.0,2.0961538461538463,,
2025-06-30,2025-07-18,18,day_of_week_mean_365,1.0,2.1538461538461537,,
2025-06-30,2025-07-19,19,day_of_week_mean_365,3.0,2.4615384615384617,,
2025-06-30,2025-07-20,20,day_of_week_mean_365,1.0,2.5961538461538463,,
2025-06-30,2025-07-21,21,day_of_week_mean_365,3.0,2.207547169811321,,
2025-06-30,2025-07-22,22,day_of_week_mean_365,1.0,1.8846153846153846,,
2025-06-30,2025-07-23,23,day_of_week_mean_365,2.0,2.019230769230769,,
2025-06-30,2025-07-24,24,day_of_week_mean_365,1.0,2.0961538461538463,,
2025-06-30,2025-07-25,25,day_of_week_mean_365,2.0,2.1538461538461537,,
2025-06-30,2025-07-26,26,day_of_week_mean_365,5.0,2.4615384615384617,,
2025-06-30,2025-07-27,27,day_of_week_mean_365,6.0,2.5961538461538463,,
2025-06-30,2025-07-28,28,day_of_week_mean_365,4.0,2.207547169811321,,
2025-06-30,2025-07-01,1,poisson_calendar,1.0,3.891031588764278,,
2025-06-30,2025-07-02,2,poisson_calendar,1.0,3.541830893830715,,
2025-06-30,2025-07-03,3,poisson_calendar,3.0,3.7566694517572086,,
2025-06-30,2025-07-04,4,poisson_calendar,1.0,4.284908522193914,,
2025-06-30,2025-07-05,5,poisson_calendar,6.0,5.320004987327536,,
2025-06-30,2025-07-06,6,poisson_calendar,2.0,5.46380481835728,,
2025-06-30,2025-07-07,7,poisson_calendar,0.0,4.572370742782545,,
2025-06-30,2025-07-08,8,poisson_calendar,3.0,3.9620607001472097,,
2025-06-30,2025-07-09,9,poisson_calendar,2.0,3.601428074403082,,
2025-06-30,2025-07-10,10,poisson_calendar,3.0,3.8144550158502706,,
2025-06-30,2025-07-11,11,poisson_calendar,1.0,4.344565359540982,,
2025-06-30,2025-07-12,12,poisson_calendar,4.0,5.386236571390226,,
2025-06-30,2025-07-13,13,poisson_calendar,4.0,5.523714038755239,,
2025-06-30,2025-07-14,14,poisson_calendar,6.0,4.615670473711741,,
2025-06-30,2025-07-15,15,poisson_calendar,2.0,3.9936249190165034,,
2025-06-30,2025-07-16,16,poisson_calendar,2.0,3.6246815947028908,,
2025-06-30,2025-07-17,17,poisson_calendar,2.0,3.833306197042436,,
2025-06-30,2025-07-18,18,poisson_calendar,1.0,4.359442348816351,,
2025-06-30,2025-07-19,19,poisson_calendar,3.0,5.3964988357063355,,
2025-06-30,2025-07-20,20,poisson_calendar,1.0,5.525850961301137,,
2025-06-30,2025-07-21,21,poisson_calendar,3.0,4.610458806006212,,
2025-06-30,2025-07-22,22,poisson_calendar,1.0,3.983078367701232,,
2025-06-30,2025-07-23,23,poisson_calendar,2.0,3.6096520042003037,,
2025-06-30,2025-07-24,24,poisson_calendar,1.0,3.811670572875412,,
2025-06-30,2025-07-25,25,poisson_calendar,2.0,4.328350885545957,,
2025-06-30,2025-07-26,26,poisson_calendar,5.0,5.350044550358019,,
2025-06-30,2025-07-27,27,poisson_calendar,6.0,5.47019992865268,,
2025-06-30,2025-07-28,28,poisson_calendar,4.0,4.557352761603707,,
2025-06-30,2025-07-01,1,autoregressive_log_ridge,1.0,1.95646803385157,,
2025-06-30,2025-07-02,2,autoregressive_log_ridge,1.0,1.8478326924199626,,
2025-06-30,2025-07-03,3,autoregressive_log_ridge,3.0,1.9601906407296097,,
2025-06-30,2025-07-04,4,autoregressive_log_ridge,1.0,2.2414906262017857,,
2025-06-30,2025-07-05,5,autoregressive_log_ridge,6.0,2.6507570375908993,,
2025-06-30,2025-07-06,6,autoregressive_log_ridge,2.0,2.5810994668226384,,
2025-06-30,2025-07-07,7,autoregressive_log_ridge,0.0,2.2998078001121267,,
2025-06-30,2025-07-08,8,autoregressive_log_ridge,3.0,1.9127839597229834,,
2025-06-30,2025-07-09,9,autoregressive_log_ridge,2.0,1.7279271494113657,,
2025-06-30,2025-07-10,10,autoregressive_log_ridge,3.0,1.8337229046009345,,
2025-06-30,2025-07-11,11,autoregressive_log_ridge,1.0,2.0823244621078727,,
2025-06-30,2025-07-12,12,autoregressive_log_ridge,4.0,2.6706988805625977,,
2025-06-30,2025-07-13,13,autoregressive_log_ridge,4.0,2.716654180091189,,
2025-06-30,2025-07-14,14,autoregressive_log_ridge,6.0,2.2377470632599263,,
2025-06-30,2025-07-15,15,autoregressive_log_ridge,2.0,1.889899714857083,,
2025-06-30,2025-07-16,16,autoregressive_log_ridge,2.0,1.7320964367332738,,
2025-06-30,2025-07-17,17,autoregressive_log_ridge,2.0,1.837405139110249,,
2025-06-30,2025-07-18,18,autoregressive_log_ridge,1.0,2.0929293920332723,,
2025-06-30,2025-07-19,19,autoregressive_log_ridge,3.0,2.620444016855434,,
2025-06-30,2025-07-20,20,autoregressive_log_ridge,1.0,2.624437400871827,,
2025-06-30,2025-07-21,21,autoregressive_log_ridge,3.0,2.2228191686787047,,
2025-06-30,2025-07-22,22,autoregressive_log_ridge,1.0,1.8261092274757282,,
2025-06-30,2025-07-23,23,autoregressive_log_ridge,2.0,1.6605501786152157,,
2025-06-30,2025-07-24,24,autoregressive_log_ridge,1.0,1.7737589187235718,,
2025-06-30,2025-07-25,25,autoregressive_log_ridge,2.0,2.0258657354249414,,
2025-06-30,2025-07-26,26,autoregressive_log_ridge,5.0,2.571754785730924,,
2025-06-30,2025-07-27,27,autoregressive_log_ridge,6.0,2.5581942498803687,,
2025-06-30,2025-07-28,28,autoregressive_log_ridge,4.0,2.1202137492587125,,
2025-06-30,2025-07-01,1,dynamic_count_ensemble,1.0,2.271606094719102,0.0,5.0
2025-06-30,2025-07-02,2,dynamic_count_ensemble,1.0,2.2949280285919693,0.0,5.0
2025-06-30,2025-07-03,3,dynamic_count_ensemble,3.0,2.3518636695155353,0.0,5.0
2025-06-30,2025-07-04,4,dynamic_count_ensemble,1.0,2.4438232812681946,0.0,5.0
2025-06-30,2025-07-05,5,dynamic_count_ensemble,6.0,2.661524499500088,1.0,5.0
2025-06-30,2025-07-06,6,dynamic_count_ensemble,2.0,2.6945908760387924,1.0,5.0
2025-06-30,2025-07-07,7,dynamic_count_ensemble,0.0,2.4785404557327175,0.0,5.0
2025-06-30,2025-07-08,8,dynamic_count_ensemble,3.0,2.2606850761869555,0.0,4.0
2025-06-30,2025-07-09,9,dynamic_count_ensemble,2.0,2.2649516428398204,0.0,4.0
2025-06-30,2025-07-10,10,dynamic_count_ensemble,3.0,2.3202467354833662,0.0,5.0
2025-06-30,2025-07-11,11,dynamic_count_ensemble,1.0,2.404031740244716,0.0,5.0
2025-06-30,2025-07-12,12,dynamic_count_ensemble,4.0,2.6665099602430127,1.0,5.0
2025-06-30,2025-07-13,13,dynamic_count_ensemble,4.0,2.72847955435593,1.0,5.0
2025-06-30,2025-07-14,14,dynamic_count_ensemble,6.0,2.463025271519667,0.0,5.0
2025-06-30,2025-07-15,15,dynamic_count_ensemble,2.0,2.25496401497048,0.0,4.0
2025-06-30,2025-07-16,16,dynamic_count_ensemble,2.0,2.2659939646702973,0.0,4.0
2025-06-30,2025-07-17,17,dynamic_count_ensemble,2.0,2.321167294110695,0.0,5.0
2025-06-30,2025-07-18,18,dynamic_count_ensemble,1.0,2.406682972726066,0.0,5.0
2025-06-30,2025-07-19,19,dynamic_count_ensemble,3.0,2.653946244316222,1.0,5.0
2025-06-30,2025-07-20,20,dynamic_count_ensemble,1.0,2.7054253595510893,1.0,5.0
2025-06-30,2025-07-21,21,dynamic_count_ensemble,3.0,2.459293297874362,0.0,5.0
2025-06-30,2025-07-22,22,dynamic_count_ensemble,1.0,2.2390163931251417,0.0,4.0
2025-06-30,2025-07-23,23,dynamic_count_ensemble,2.0,2.248107400140783,0.0,4.0
2025-06-30,2025-07-24,24,dynamic_count_ensemble,1.0,2.305255739014026,0.0,5.0
2025-06-30,2025-07-25,25,dynamic_count_ensemble,2.0,2.3899170585739835,0.0,5.0
2025-06-30,2025-07-26,26,dynamic_count_ensemble,5.0,2.6417739365350945,1.0,5.0
2025-06-30,2025-07-27,27,dynamic_count_ensemble,6.0,2.688864571803225,1.0,5.0
2025-06-30,2025-07-28,28,dynamic_count_ensemble,4.0,2.4336419430193637,0.0,5.0
2025-06-30,2025-07-01,1,prophet,1.0,2.7616348740512606,0.12780478828323893,5.298310068587341
2025-06-30,2025-07-02,2,prophet,1.0,2.6173447960192786,0.0775497422359881,5.267852315855543
2025-06-30,2025-07-03,3,prophet,3.0,2.606599859048423,0.12455326810563104,4.6417109943582195
2025-06-30,2025-07-04,4,prophet,1.0,5.668261386925011,2.8564365934889664,8.224050958396829
2025-06-30,2025-07-05,5,prophet,6.0,4.336086647206121,1.6661642109202288,6.767902977583073
2025-06-30,2025-07-06,6,prophet,2.0,4.478043149482412,1.5776399019886878,7.328291886082686
2025-06-30,2025-07-07,7,prophet,0.0,3.0633080376461734,0.7849082981376087,5.522049876244017
2025-06-30,2025-07-08,8,prophet,3.0,2.6769495989152525,0.19967709201261938,5.431593445376921
2025-06-30,2025-07-09,9,prophet,2.0,2.4782971640022136,0.0,5.156069845504212
2025-06-30,2025-07-10,10,prophet,3.0,2.4166793801511166,0.0,4.858461426930128
2025-06-30,2025-07-11,11,prophet,1.0,2.888415641007977,0.2366145094791914,5.050237075960158
2025-06-30,2025-07-12,12,prophet,4.0,4.058860319410549,1.2456172689991878,6.490540470167571
2025-06-30,2025-07-13,13,prophet,4.0,4.1660759179882545,1.775845358540709,6.559598886841051
2025-06-30,2025-07-14,14,prophet,6.0,2.7234347665747443,0.2560155226372396,5.328520719048264
2025-06-30,2025-07-15,15,prophet,2.0,2.3164767110870566,0.0,4.953277398030143
2025-06-30,2025-07-16,16,prophet,2.0,2.1048313826994867,0.0,4.7075156633616695
2025-06-30,2025-07-17,17,prophet,2.0,2.0379512294353415,0.0,4.765181038675694
2025-06-30,2025-07-18,18,prophet,1.0,2.5121021756807673,0.0,4.788777154350301
2025-06-30,2025-07-19,19,prophet,3.0,3.6924115179620287,0.9265219987115462,6.162240572741931
2025-06-30,2025-07-20,20,prophet,1.0,3.8165490171688896,1.3480615129982287,5.978684916899987
2025-06-30,2025-07-21,21,prophet,3.0,2.3973405501380927,0.20739645175819182,4.83630939570354
2025-06-30,2025-07-22,22,prophet,1.0,2.0196413965960818,0.0,4.483622439833572
2025-06-30,2025-07-23,23,prophet,2.0,1.8422772902421396,0.0,4.639006748358484
2025-06-30,2025-07-24,24,prophet,1.0,1.813798878568355,0.0,4.405335775191977
2025-06-30,2025-07-25,25,prophet,2.0,2.329495857490498,0.32775711804039626,5.46336788238188
2025-06-30,2025-07-26,26,prophet,5.0,3.553469745106111,1.0346858278980755,6.1672843732483305
2025-06-30,2025-07-27,27,prophet,6.0,3.722340584278275,1.0851427171021122,6.520202473016807
2025-06-30,2025-07-28,28,prophet,4.0,2.3478862587593596,0.0,4.785369900556714
2025-09-30,2025-10-01,1,rolling_mean_28,1.0,1.9642857142857142,,
2025-09-30,2025-10-02,2,rolling_mean_28,2.0,1.9642857142857142,,
2025-09-30,2025-10-03,3,rolling_mean_28,3.0,1.9642857142857142,,
2025-09-30,2025-10-04,4,rolling_mean_28,2.0,1.9642857142857142,,
2025-09-30,2025-10-05,5,rolling_mean_28,1.0,1.9642857142857142,,
2025-09-30,2025-10-06,6,rolling_mean_28,1.0,1.9642857142857142,,
2025-09-30,2025-10-07,7,rolling_mean_28,3.0,1.9642857142857142,,
2025-09-30,2025-10-08,8,rolling_mean_28,2.0,1.9642857142857142,,
2025-09-30,2025-10-09,9,rolling_mean_28,1.0,1.9642857142857142,,
2025-09-30,2025-10-10,10,rolling_mean_28,1.0,1.9642857142857142,,
2025-09-30,2025-10-11,11,rolling_mean_28,2.0,1.9642857142857142,,
2025-09-30,2025-10-12,12,rolling_mean_28,1.0,1.9642857142857142,,
2025-09-30,2025-10-13,13,rolling_mean_28,1.0,1.9642857142857142,,
2025-09-30,2025-10-14,14,rolling_mean_28,1.0,1.9642857142857142,,
2025-09-30,2025-10-15,15,rolling_mean_28,1.0,1.9642857142857142,,
2025-09-30,2025-10-16,16,rolling_mean_28,3.0,1.9642857142857142,,
2025-09-30,2025-10-17,17,rolling_mean_28,1.0,1.9642857142857142,,
2025-09-30,2025-10-18,18,rolling_mean_28,0.0,1.9642857142857142,,
2025-09-30,2025-10-19,19,rolling_mean_28,2.0,1.9642857142857142,,
2025-09-30,2025-10-20,20,rolling_mean_28,0.0,1.9642857142857142,,
2025-09-30,2025-10-21,21,rolling_mean_28,1.0,1.9642857142857142,,
2025-09-30,2025-10-22,22,rolling_mean_28,2.0,1.9642857142857142,,
2025-09-30,2025-10-23,23,rolling_mean_28,1.0,1.9642857142857142,,
2025-09-30,2025-10-24,24,rolling_mean_28,4.0,1.9642857142857142,,
2025-09-30,2025-10-25,25,rolling_mean_28,2.0,1.9642857142857142,,
2025-09-30,2025-10-26,26,rolling_mean_28,0.0,1.9642857142857142,,
2025-09-30,2025-10-27,27,rolling_mean_28,0.0,1.9642857142857142,,
2025-09-30,2025-10-28,28,rolling_mean_28,2.0,1.9642857142857142,,
2025-09-30,2025-10-01,1,seasonal_naive_7,1.0,0.0,,
2025-09-30,2025-10-02,2,seasonal_naive_7,2.0,0.0,,
2025-09-30,2025-10-03,3,seasonal_naive_7,3.0,2.0,,
2025-09-30,2025-10-04,4,seasonal_naive_7,2.0,1.0,,
2025-09-30,2025-10-05,5,seasonal_naive_7,1.0,5.0,,
2025-09-30,2025-10-06,6,seasonal_naive_7,1.0,1.0,,
2025-09-30,2025-10-07,7,seasonal_naive_7,3.0,1.0,,
2025-09-30,2025-10-08,8,seasonal_naive_7,2.0,0.0,,
2025-09-30,2025-10-09,9,seasonal_naive_7,1.0,0.0,,
2025-09-30,2025-10-10,10,seasonal_naive_7,1.0,2.0,,
2025-09-30,2025-10-11,11,seasonal_naive_7,2.0,1.0,,
2025-09-30,2025-10-12,12,seasonal_naive_7,1.0,5.0,,
2025-09-30,2025-10-13,13,seasonal_naive_7,1.0,1.0,,
2025-09-30,2025-10-14,14,seasonal_naive_7,1.0,1.0,,
2025-09-30,2025-10-15,15,seasonal_naive_7,1.0,0.0,,
2025-09-30,2025-10-16,16,seasonal_naive_7,3.0,0.0,,
2025-09-30,2025-10-17,17,seasonal_naive_7,1.0,2.0,,
2025-09-30,2025-10-18,18,seasonal_naive_7,0.0,1.0,,
2025-09-30,2025-10-19,19,seasonal_naive_7,2.0,5.0,,
2025-09-30,2025-10-20,20,seasonal_naive_7,0.0,1.0,,
2025-09-30,2025-10-21,21,seasonal_naive_7,1.0,1.0,,
2025-09-30,2025-10-22,22,seasonal_naive_7,2.0,0.0,,
2025-09-30,2025-10-23,23,seasonal_naive_7,1.0,0.0,,
2025-09-30,2025-10-24,24,seasonal_naive_7,4.0,2.0,,
2025-09-30,2025-10-25,25,seasonal_naive_7,2.0,1.0,,
2025-09-30,2025-10-26,26,seasonal_naive_7,0.0,5.0,,
2025-09-30,2025-10-27,27,seasonal_naive_7,0.0,1.0,,
2025-09-30,2025-10-28,28,seasonal_naive_7,2.0,1.0,,
2025-09-30,2025-10-01,1,day_of_week_mean_365,1.0,1.75,,
2025-09-30,2025-10-02,2,day_of_week_mean_365,2.0,1.7307692307692308,,
2025-09-30,2025-10-03,3,day_of_week_mean_365,3.0,1.9423076923076923,,
2025-09-30,2025-10-04,4,day_of_week_mean_365,2.0,2.6538461538461537,,
2025-09-30,2025-10-05,5,day_of_week_mean_365,1.0,2.6923076923076925,,
2025-09-30,2025-10-06,6,day_of_week_mean_365,1.0,2.019230769230769,,
2025-09-30,2025-10-07,7,day_of_week_mean_365,3.0,1.8679245283018868,,
2025-09-30,2025-10-08,8,day_of_week_mean_365,2.0,1.75,,
2025-09-30,2025-10-09,9,day_of_week_mean_365,1.0,1.7307692307692308,,
2025-09-30,2025-10-10,10,day_of_week_mean_365,1.0,1.9423076923076923,,
2025-09-30,2025-10-11,11,day_of_week_mean_365,2.0,2.6538461538461537,,
2025-09-30,2025-10-12,12,day_of_week_mean_365,1.0,2.6923076923076925,,
2025-09-30,2025-10-13,13,day_of_week_mean_365,1.0,2.019230769230769,,
2025-09-30,2025-10-14,14,day_of_week_mean_365,1.0,1.8679245283018868,,
2025-09-30,2025-10-15,15,day_of_week_mean_365,1.0,1.75,,
2025-09-30,2025-10-16,16,day_of_week_mean_365,3.0,1.7307692307692308,,
2025-09-30,2025-10-17,17,day_of_week_mean_365,1.0,1.9423076923076923,,
2025-09-30,2025-10-18,18,day_of_week_mean_365,0.0,2.6538461538461537,,
2025-09-30,2025-10-19,19,day_of_week_mean_365,2.0,2.6923076923076925,,
2025-09-30,2025-10-20,20,day_of_week_mean_365,0.0,2.019230769230769,,
2025-09-30,2025-10-21,21,day_of_week_mean_365,1.0,1.8679245283018868,,
2025-09-30,2025-10-22,22,day_of_week_mean_365,2.0,1.75,,
2025-09-30,2025-10-23,23,day_of_week_mean_365,1.0,1.7307692307692308,,
2025-09-30,2025-10-24,24,day_of_week_mean_365,4.0,1.9423076923076923,,
2025-09-30,2025-10-25,25,day_of_week_mean_365,2.0,2.6538461538461537,,
2025-09-30,2025-10-26,26,day_of_week_mean_365,0.0,2.6923076923076925,,
2025-09-30,2025-10-27,27,day_of_week_mean_365,0.0,2.019230769230769,,
2025-09-30,2025-10-28,28,day_of_week_mean_365,2.0,1.8679245283018868,,
2025-09-30,2025-10-01,1,poisson_calendar,1.0,2.3189993487079885,,
2025-09-30,2025-10-02,2,poisson_calendar,2.0,2.4426267353536724,,
2025-09-30,2025-10-03,3,poisson_calendar,3.0,2.750595685793798,,
2025-09-30,2025-10-04,4,poisson_calendar,2.0,3.4792448986258804,,
2025-09-30,2025-10-05,5,poisson_calendar,1.0,3.4989020583877326,,
2025-09-30,2025-10-06,6,poisson_calendar,1.0,2.931499687805056,,
2025-09-30,2025-10-07,7,poisson_calendar,3.0,2.5242233937157326,,
2025-09-30,2025-10-08,8,poisson_calendar,2.0,2.269646607881732,,
2025-09-30,2025-10-09,9,poisson_calendar,1.0,2.3925643114189397,,
2025-09-30,2025-10-10,10,poisson_calendar,1.0,2.696343714190531,,
2025-09-30,2025-10-11,11,poisson_calendar,2.0,3.41324758392092,,
2025-09-30,2025-10-12,12,poisson_calendar,1.0,3.4351084213455922,,
2025-09-30,2025-10-13,13,poisson_calendar,1.0,2.8801509087324946,,
2025-09-30,2025-10-14,14,poisson_calendar,1.0,2.481761679684318,,
2025-09-30,2025-10-15,15,poisson_calendar,1.0,2.232990782311099,,
2025-09-30,2025-10-16,16,poisson_calendar,3.0,2.355470048408844,,
2025-09-30,2025-10-17,17,poisson_calendar,1.0,2.656212218269784,,
2025-09-30,2025-10-18,18,poisson_calendar,0.0,3.364469278235446,,
2025-09-30,2025-10-19,19,poisson_calendar,2.0,3.387955172108125,,
2025-09-30,2025-10-20,20,poisson_calendar,0.0,2.8421536549060664,,
2025-09-30,2025-10-21,21,poisson_calendar,1.0,2.450268611641213,,
2025-09-30,2025-10-22,22,poisson_calendar,2.0,2.2057061128788127,,
2025-09-30,2025-10-23,23,poisson_calendar,1.0,2.327720271758039,,
2025-09-30,2025-10-24,24,poisson_calendar,4.0,2.625992606918509,,
2025-09-30,2025-10-25,25,poisson_calendar,2.0,3.327434766366327,,
2025-09-30,2025-10-26,26,poisson_calendar,0.0,3.351794210971375,,
2025-09-30,2025-10-27,27,poisson_calendar,0.0,2.8126660676223816,,
2025-09-30,2025-10-28,28,poisson_calendar,2.0,2.425488803136865,,
2025-09-30,2025-10-01,1,autoregressive_log_ridge,1.0,1.4311693520682534,,
2025-09-30,2025-10-02,2,autoregressive_log_ridge,2.0,1.5090435655730907,,
2025-09-30,2025-10-03,3,autoregressive_log_ridge,3.0,1.7296817230082588,,
2025-09-30,2025-10-04,4,autoregressive_log_ridge,2.0,2.3149800380097334,,
2025-09-30,2025-10-05,5,autoregressive_log_ridge,1.0,2.1549168385337722,,
2025-09-30,2025-10-06,6,autoregressive_log_ridge,1.0,1.8128981767549557,,
2025-09-30,2025-10-07,7,autoregressive_log_ridge,3.0,1.5218587341542307,,
2025-09-30,2025-10-08,8,autoregressive_log_ridge,2.0,1.3026292086746718,,
2025-09-30,2025-10-09,9,autoregressive_log_ridge,1.0,1.3984788325928377,,
2025-09-30,2025-10-10,10,autoregressive_log_ridge,1.0,1.6907961115888912,,
2025-09-30,2025-10-11,11,autoregressive_log_ridge,2.0,2.147438392889426,,
2025-09-30,2025-10-12,12,autoregressive_log_ridge,1.0,2.2434890864072106,,
2025-09-30,2025-10-13,13,autoregressive_log_ridge,1.0,1.7813704298773718,,
2025-09-30,2025-10-14,14,autoregressive_log_ridge,1.0,1.4827557040260193,,
2025-09-30,2025-10-15,15,autoregressive_log_ridge,1.0,1.3146132846440484,,
2025-09-30,2025-10-16,16,autoregressive_log_ridge,3.0,1.4025030900369169,,
2025-09-30,2025-10-17,17,autoregressive_log_ridge,1.0,1.6843132830067264,,
2025-09-30,2025-10-18,18,autoregressive_log_ridge,0.0,2.162722191518808,,
2025-09-30,2025-10-19,19,autoregressive_log_ridge,2.0,2.1560961108396537,,
2025-09-30,2025-10-20,20,autoregressive_log_ridge,0.0,1.7447561408741095,,
2025-09-30,2025-10-21,21,autoregressive_log_ridge,1.0,1.4414929145916546,,
2025-09-30,2025-10-22,22,autoregressive_log_ridge,2.0,1.2458094441650984,,
2025-09-30,2025-10-23,23,autoregressive_log_ridge,1.0,1.3423029671629827,,
2025-09-30,2025-10-24,24,autoregressive_log_ridge,4.0,1.6169953565475015,,
2025-09-30,2025-10-25,25,autoregressive_log_ridge,2.0,2.0976450237375652,,
2025-09-30,2025-10-26,26,autoregressive_log_ridge,0.0,2.139442539492023,,
2025-09-30,2025-10-27,27,autoregressive_log_ridge,0.0,1.707957188882387,,
2025-09-30,2025-10-28,28,autoregressive_log_ridge,2.0,1.3983714607556177,,
2025-09-30,2025-10-01,1,dynamic_count_ensemble,1.0,1.702325116882034,0.0,4.0
2025-09-30,2025-10-02,2,dynamic_count_ensemble,2.0,1.714582131796705,0.0,4.0
2025-09-30,2025-10-03,3,dynamic_count_ensemble,3.0,1.8490685942324199,0.0,4.0
2025-09-30,2025-10-04,4,dynamic_count_ensemble,2.0,2.2622200960597114,0.0,4.0
2025-09-30,2025-10-05,5,dynamic_count_ensemble,1.0,2.236627373113798,0.0,4.0
2025-09-30,2025-10-06,6,dynamic_count_ensemble,1.0,1.8987188615152482,0.0,4.0
2025-09-30,2025-10-07,7,dynamic_count_ensemble,3.0,1.7692191605167358,0.0,4.0
2025-09-30,2025-10-08,8,dynamic_count_ensemble,2.0,1.6701900810336385,0.0,3.0
2025-09-30,2025-10-09,9,dynamic_count_ensemble,1.0,1.6869409485516416,0.0,3.0
2025-09-30,2025-10-10,10,dynamic_count_ensemble,1.0,1.8393471913775779,0.0,4.0
2025-09-30,2025-10-11,11,dynamic_count_ensemble,2.0,2.220334684779635,0.0,4.0
2025-09-30,2025-10-12,12,dynamic_count_ensemble,1.0,2.258770435082158,0.0,4.0
2025-09-30,2025-10-13,13,dynamic_count_ensemble,1.0,1.890836924795852,0.0,4.0
2025-09-30,2025-10-14,14,dynamic_count_ensemble,1.0,1.759443402984683,0.0,4.0
2025-09-30,2025-10-15,15,dynamic_count_ensemble,1.0,1.6731861000259827,0.0,3.0
2025-09-30,2025-10-16,16,dynamic_count_ensemble,3.0,1.6879470129126615,0.0,3.0
2025-09-30,2025-10-17,17,dynamic_count_ensemble,1.0,1.8377264842320367,0.0,4.0
2025-09-30,2025-10-18,18,dynamic_count_ensemble,0.0,2.2241556344369804,0.0,4.0
2025-09-30,2025-10-19,19,dynamic_count_ensemble,2.0,2.236922191190269,0.0,4.0
2025-09-30,2025-10-20,20,dynamic_count_ensemble,0.0,1.8816833525450365,0.0,4.0
2025-09-30,2025-10-21,21,dynamic_count_ensemble,1.0,1.7491277056260919,0.0,4.0
2025-09-30,2025-10-22,22,dynamic_count_ensemble,2.0,1.655985139906245,0.0,3.0
2025-09-30,2025-10-23,23,dynamic_count_ensemble,1.0,1.672896982194178,0.0,4.0
2025-09-30,2025-10-24,24,dynamic_count_ensemble,4.0,1.8208970026172304,0.0,4.0
2025-09-30,2025-10-25,25,dynamic_count_ensemble,2.0,2.2078863424916695,0.0,4.0
2025-09-30,2025-10-26,26,dynamic_count_ensemble,0.0,2.2327587983533608,0.0,4.0
2025-09-30,2025-10-27,27,dynamic_count_ensemble,0.0,1.872483614547106,0.0,4.0
2025-09-30,2025-10-28,28,dynamic_count_ensemble,2.0,1.7383473421670825,0.0,4.0
2025-09-30,2025-10-01,1,prophet,1.0,1.0058344102190766,0.0,3.533238280191166
2025-09-30,2025-10-02,2,prophet,2.0,0.9822429762537137,0.0,3.623063124396261
2025-09-30,2025-10-03,3,prophet,3.0,1.4935549078262007,0.0,3.5212202584037504
2025-09-30,2025-10-04,4,prophet,2.0,2.7210297065435456,0.0,5.267478092086074
2025-09-30,2025-10-05,5,prophet,1.0,2.878799577996759,0.21863547321535268,5.301727833728797
2025-09-30,2025-10-06,6,prophet,1.0,1.4831795281270366,0.0,4.323010856467063
2025-09-30,2025-10-07,7,prophet,3.0,1.1316343951598946,0.0,3.581389748750195
2025-09-30,2025-10-08,8,prophet,2.0,0.9610910058091308,0.0,3.7056668714690946
2025-09-30,2025-10-09,9,prophet,1.0,0.9390142845310434,0.0,3.606999942573251
2025-09-30,2025-10-10,10,prophet,1.0,1.4502718709363707,0.0,3.883129419254177
2025-09-30,2025-10-11,11,prophet,2.0,2.676079771909748,0.033970740111554626,4.829999939795493
2025-09-30,2025-10-12,12,prophet,1.0,2.8305749433433265,0.02761404866634476,5.253367517179959
2025-09-30,2025-10-13,13,prophet,1.0,1.303093894698016,0.0,3.687868747771779
2025-09-30,2025-10-14,14,prophet,1.0,1.0723057296350715,0.0,3.6678703222456885
2025-09-30,2025-10-15,15,prophet,1.0,0.8941905825528468,0.0,3.5213539950699992
2025-09-30,2025-10-16,16,prophet,3.0,0.8634443102204773,0.0,3.4566160089188385
2025-09-30,2025-10-17,17,prophet,1.0,1.3651720822844506,0.0,4.082434106616226
2025-09-30,2025-10-18,18,prophet,0.0,2.5808607418862666,0.0,4.849214673896208
2025-09-30,2025-10-19,19,prophet,2.0,2.724943627220928,0.0,5.185745674194012
2025-09-30,2025-10-20,20,prophet,0.0,1.3141035886346721,0.0,3.4683370719582434
2025-09-30,2025-10-21,21,prophet,1.0,0.9462304931640574,0.0,3.376285122271124
2025-09-30,2025-10-22,22,prophet,2.0,0.7587216837651576,0.0,3.2136970931632884
2025-09-30,2025-10-23,23,prophet,1.0,0.7195445783313796,0.0,3.5060522364396958
2025-09-30,2025-10-24,24,prophet,4.0,1.2140863861138778,0.0,3.796151443481173
2025-09-30,2025-10-25,25,prophet,2.0,2.4240839436162065,0.42966138307057505,5.5470060256631335
2025-09-30,2025-10-26,26,prophet,0.0,2.564180077574675,0.05460209388674431,5.1684414433127
2025-09-30,2025-10-27,27,prophet,0.0,1.1512193218630538,0.0,3.938855271659308
2025-09-30,2025-10-28,28,prophet,2.0,0.7831995379763512,0.0,3.211774391604373
